id ra dec hi_size line_flux_integral central_freq pa i w20
0 0.00044444444444444447 32.708333333333336 245 0.86 10614 180 45 250
1 0.005888888888888889 31.010555555555555 21 0.31 566 180 45 36
2 0.005555555555555556 34.61138888888889 104 0.99 12687 180 45 149
3 0.01113888888888889 31.93611111111111 79 0.66 12631 180 45 91
4 0.015666666666666666 33.35 138 0.99 12951 180 45 160
5 0.018472222222222223 32.382222222222225 32 1.42 542 180 45 46
6 0.020777777777777777 31.371666666666666 292 1.54 12532 180 45 301
7 0.02211111111111111 34.52611111111111 433 7.09 5026 180 45 451
8 0.024944444444444443 31.238333333333333 134 1.03 12581 180 45 180
9 0.025416666666666667 31.441388888888888 231 1.4 4767 180 45 240
10 0.026416666666666665 33.55638888888888 290 1.89 7469 180 45 299
11 0.028527777777777777 32.10777777777778 226 1.61 12560 180 45 254
12 0.044194444444444446 33.60527777777778 197 1.57 4852 180 45 206
13 0.04730555555555555 31.48638888888889 109 1.2 4947 180 45 117
14 0.04722222222222222 32.76611111111111 242 1.43 10434 180 45 256
15 0.05377777777777778 31.04527777777778 377 0.92 4748 180 45 396
16 0.05525 32.51027777777778 152 1.05 6409 180 45 169
17 0.057555555555555554 32.62111111111111 224 0.93 13019 180 45 256
18 0.06372222222222222 31.347777777777775 102 0.7 5011 180 45 129
19 0.06419444444444444 33.65694444444444 111 2.58 6356 180 45 127
20 0.07077777777777777 35.462500000000006 74 0.53 12210 180 45 81
21 0.07355555555555555 31.470555555555553 245 10.19 4955 180 45 263
22 0.07480555555555556 33.55694444444444 235 2.58 4766 180 45 252
23 0.0766388888888889 31.715 109 1.47 4841 180 45 133
24 0.07980555555555555 33.31083333333333 196 1.23 10370 180 45 212
25 0.07994444444444444 34.771388888888886 119 2.19 12176 180 45 159
26 0.08524999999999999 31.086666666666666 277 1.21 12168 180 45 297
27 0.08588888888888889 33.211666666666666 73 0.98 4865 180 45 98
28 0.09108333333333332 32.5225 124 1.48 10417 180 45 177
29 0.09222222222222222 31.863611111111112 65 0.5 5024 180 45 75
30 0.11005555555555556 33.10277777777778 173 2.21 4885 180 45 205
31 0.11194444444444446 33.15472222222222 125 1.67 4845 180 45 145
32 0.11902777777777777 35.81861111111112 276 2.7 11930 180 45 316
33 0.12183333333333334 31.301666666666666 318 1.65 12987 180 45 340
34 0.1216388888888889 32.608333333333334 470 6.69 5076 180 45 496
35 0.12397222222222222 34.40694444444444 77 0.8 10499 180 45 93
36 0.12416666666666668 33.80694444444444 120 0.77 5055 180 45 129
37 0.12461111111111112 32.069722222222225 95 1.95 4862 180 45 132
38 0.12933333333333333 31.792222222222225 122 0.71 4606 180 45 132
39 0.13102777777777777 35.96638888888889 41 3.38 441 180 45 57
40 0.1325 33.059999999999995 339 1.33 4893 180 45 388
41 0.13341666666666666 35.348888888888894 18 0.3 3143 180 45 39
42 0.1327222222222222 34.74805555555556 93 0.84 14071 180 45 150
43 0.1345 32.212500000000006 297 1.51 10447 180 45 343
44 0.1351111111111111 32.636944444444445 140 0.53 5082 180 45 152
45 0.13994444444444445 31.084722222222222 270 1.45 13145 180 45 306
46 0.13952777777777778 33.02972222222222 181 1.61 4950 180 45 192
47 0.14172222222222222 34.78583333333333 88 0.69 10406 180 45 97
48 0.14633333333333334 33.44027777777777 447 3.27 4820 180 45 456
49 0.1517222222222222 34.46666666666667 100 0.94 6315 180 45 117
50 0.17297222222222222 31.40111111111111 202 1.1 13759 180 45 230
51 0.17794444444444443 32.98388888888889 306 4.89 4789 180 45 363
52 0.17852777777777776 35.855555555555554 117 2.63 6157 180 45 169
53 0.17908333333333332 33.3525 382 9.22 4769 180 45 407
54 0.18402777777777776 35.84583333333334 296 1.45 14234 180 45 304
55 0.18883333333333333 35.53361111111111 48 0.52 5008 180 45 74
56 0.19797222222222222 35.678888888888885 63 0.51 4966 180 45 84
57 0.20375000000000001 31.746944444444445 39 0.6 4790 180 45 63
58 0.20547222222222222 31.064722222222223 182 3.71 4856 180 45 198
59 0.20680555555555558 32.08416666666667 217 2.22 6572 180 45 238
60 0.21472222222222223 33.36472222222223 213 7.16 4759 180 45 227
61 0.2205277777777778 33.073888888888895 154 1.16 4740 180 45 164
62 0.23077777777777778 35.99277777777778 219 11.63 4535 180 45 233
63 0.2418888888888889 31.32777777777778 153 0.96 7977 180 45 182
64 0.26172222222222224 35.39083333333333 196 1.14 14192 180 45 226
65 0.2716111111111111 36.02722222222222 127 1.07 10517 180 45 165
66 0.2745 31.640555555555554 350 1.29 14208 180 45 379
67 0.2748888888888889 33.06027777777778 21 0.56 4773 180 45 38
68 0.2842222222222222 34.501666666666665 125 3.34 4670 180 45 139
69 0.28525 31.570833333333333 274 1.4 14270 180 45 283
70 0.28547222222222224 34.03777777777778 173 1.04 5007 180 45 208
71 0.28655555555555556 35.88027777777778 198 0.87 11792 180 45 217
72 0.287 32.72416666666667 163 0.96 8196 180 45 189
73 0.29833333333333334 33.71333333333334 237 0.97 7384 180 45 265
74 0.3109722222222222 32.14972222222222 212 1.27 7237 180 45 271
75 0.3436666666666667 34.56027777777778 98 0.95 8918 180 45 119
76 0.348 31.483611111111113 272 1.41 17175 180 45 280
77 0.363 35.84138888888889 179 0.76 11720 180 45 193
78 0.3657222222222222 34.62694444444445 70 0.94 6279 180 45 135
79 0.3703611111111111 34.70277777777778 165 1.19 6277 180 45 172
80 0.37625 35.7875 78 0.45 4977 180 45 108
81 0.3859444444444445 35.153888888888886 204 1.06 6108 180 45 220
82 0.3920555555555556 35.18083333333333 295 2.04 7321 180 45 308
83 0.39563888888888893 31.248055555555556 27 1.4 7096 180 45 45
84 0.4103611111111111 31.635555555555555 38 0.43 6600 180 45 60
85 0.4103333333333333 33.25194444444445 255 4.62 4839 180 45 289
86 0.41783333333333333 31.35027777777778 401 7.44 6801 180 45 425
87 0.42075 31.235277777777778 124 0.81 6660 180 45 142
88 0.4344166666666667 34.476111111111116 94 0.87 4852 180 45 112
89 0.4439722222222222 36.00416666666667 124 1.37 7302 180 45 137
90 0.4469444444444445 31.700555555555553 366 4.4 6294 180 45 391
91 0.45725 31.264444444444443 169 0.96 6036 180 45 175
92 0.46172222222222226 31.27138888888889 137 0.72 6007 180 45 152
93 0.46575 32.775 164 2.34 4923 180 45 201
94 0.4713055555555556 31.205277777777777 293 1.97 14716 180 45 317
95 0.47602777777777777 31.15722222222222 216 3.77 6060 180 45 266
96 0.47594444444444445 33.275 229 4.88 4733 180 45 242
97 0.48041666666666666 32.17444444444444 141 1.39 2893 180 45 167
98 0.4842222222222222 31.005 242 1.25 6110 180 45 266
99 0.4865277777777778 33.103611111111114 177 2.5 4817 180 45 194
100 0.49025 31.371944444444445 252 2.24 6334 180 45 286
101 0.4924722222222222 35.455555555555556 354 1.4 7496 180 45 405
102 0.4978611111111111 31.386388888888888 343 3.83 6307 180 45 359
103 0.5064722222222222 31.19388888888889 231 1.09 5918 180 45 237
104 0.5203055555555556 34.8725 174 2.14 6284 180 45 190
105 0.5363888888888889 31.419722222222223 318 1.39 6140 180 45 325
106 0.5368888888888889 31.681944444444447 277 6.77 6344 180 45 292
107 0.56525 31.448333333333334 126 6.2 4625 180 45 139
108 0.5667777777777777 36.164722222222224 43 0.83 4809 180 45 73
109 0.5797777777777777 31.712777777777777 161 3.65 6351 180 45 199
110 0.5819722222222222 31.953888888888887 293 1.19 5912 180 45 308
111 0.582 32.090833333333336 121 0.57 5971 180 45 132
112 0.5849444444444445 31.478055555555553 358 1.31 6059 180 45 373
113 0.5957222222222223 31.80638888888889 295 1.32 5789 180 45 310
114 0.5991388888888889 31.87138888888889 402 1.79 6349 180 45 417
115 0.6035277777777778 35.586111111111116 258 1.2 11468 180 45 275
116 0.6038333333333333 32.897777777777776 178 1.3 4866 180 45 186
117 0.6092777777777778 32.75 175 1.83 6067 180 45 188
118 0.6123611111111111 35.79111111111111 101 0.68 5937 180 45 113
119 0.6198333333333333 35.901666666666664 95 2.01 4436 180 45 146
120 0.6316111111111111 32.68805555555555 209 6.13 4821 180 45 228
121 0.6390833333333333 32.641666666666666 197 4.67 4703 180 45 206
122 0.6466666666666666 32.4225 73 0.84 11250 180 45 92
123 0.6526666666666667 31.85 42 0.83 5771 180 45 62
124 0.6581666666666667 34.51722222222222 171 2.1 4798 180 45 189
125 0.6629444444444444 33.15694444444444 103 1.03 8905 180 45 159
126 0.6713888888888888 31.110000000000003 307 1.2 5775 180 45 322
127 0.6816944444444444 34.74194444444444 147 1.34 4548 180 45 169
128 0.6819166666666666 36.072500000000005 113 1.16 11387 180 45 172
129 0.6825833333333333 31.90611111111111 97 1.42 5370 180 45 116
130 0.6844722222222223 31.731944444444444 416 7.58 4652 180 45 436
131 0.6933611111111111 31.740555555555556 93 0.81 4585 180 45 114
132 0.6945833333333333 31.265833333333333 76 0.61 5210 180 45 101
133 0.6975555555555556 32.98694444444445 221 4.7 4927 180 45 241
134 0.7021944444444445 33.40833333333333 207 2.47 6251 180 45 219
135 0.7075833333333333 35.79194444444444 81 0.52 6721 180 45 96
136 0.7074999999999999 33.18666666666666 162 4.24 6251 180 45 185
137 0.7086666666666667 34.53861111111111 165 4.83 6189 180 45 223
138 0.7112222222222222 34.70444444444445 76 0.77 9965 180 45 104
139 0.7147777777777777 32.578611111111115 146 7.16 4828 180 45 174
140 0.7147777777777777 33.519444444444446 322 2.3 6215 180 45 342
141 0.7162222222222222 35.35722222222223 214 3.25 10510 180 45 292
142 0.7206388888888889 32.81888888888889 141 1.37 4680 180 45 156
143 0.7302777777777778 32.86388888888889 404 2.57 4774 180 45 414
144 0.7313611111111111 35.23083333333334 127 0.75 10513 180 45 138
145 0.7373055555555555 32.611666666666665 84 0.64 4725 180 45 113
146 0.74825 31.079166666666666 199 2.52 5438 180 45 231
147 0.7592222222222222 31.739166666666666 202 1.47 5520 180 45 213
148 0.7635833333333333 31.15 127 1.13 5066 180 45 150
149 0.7745277777777778 31.805555555555557 352 3.97 6254 180 45 387
150 0.7779444444444445 31.719166666666666 208 1.36 5980 180 45 220
151 0.7823055555555556 32.67722222222222 417 15.31 4861 180 45 451
152 0.7846111111111111 35.60333333333333 175 1.36 6136 180 45 202
153 0.7865 32.702222222222225 41 0.6 5144 180 45 70
154 0.7908055555555555 31.15 187 1.39 5294 180 45 210
155 0.7920555555555555 31.653888888888886 176 2.75 5075 180 45 188
156 0.7946666666666666 33.166666666666664 144 1.72 4985 180 45 168
157 0.8131666666666667 31.953611111111112 61 14.3 4540 180 45 83
158 0.8153333333333334 31.785833333333336 155 1.35 5088 180 45 184
159 0.8233611111111111 31.90611111111111 50 1.33 4508 180 45 68
160 0.8256388888888889 35.24777777777778 103 1.86 11258 180 45 122
161 0.8294722222222222 31.60027777777778 209 2.02 5134 180 45 235
162 0.82975 32.280277777777776 468 6.93 4648 180 45 490
163 0.8313333333333334 35.736111111111114 169 1.54 9560 180 45 209
164 0.8359444444444445 31.50027777777778 61 0.71 5255 180 45 84
165 0.8362222222222223 31.733888888888888 271 3.73 4601 180 45 295
166 0.8438055555555556 32.10527777777778 41 1.49 5367 180 45 64
167 0.8442777777777778 32.35305555555556 20 0.41 4926 180 45 31
168 0.8493333333333334 31.747777777777777 94 1.32 5725 180 45 105
169 0.8517777777777777 33.89055555555556 260 1.55 10369 180 45 267
170 0.8635555555555555 31.20638888888889 213 1.26 6906 180 45 219
171 0.8706666666666667 32.4325 29 0.44 4900 180 45 49
172 0.87175 31.43638888888889 120 0.79 4520 180 45 146
173 0.8722500000000001 33.083333333333336 150 1.42 5121 180 45 197
174 0.8723055555555556 33.75138888888889 319 1.89 10386 180 45 360
175 0.8767222222222223 32.05916666666666 71 0.91 5329 180 45 105
176 0.8775833333333334 32.217777777777776 97 1.68 4909 180 45 127
177 0.8814722222222222 31.638333333333332 254 1.83 8281 180 45 274
178 0.8836111111111111 31.011944444444445 154 1.54 5991 180 45 173
179 0.8866388888888889 31.65222222222222 232 1.85 5536 180 45 244
180 0.8879166666666667 31.62638888888889 194 1.89 6078 180 45 208
181 0.8884722222222222 31.239722222222223 238 1.13 4564 180 45 262
182 0.8890833333333333 31.71222222222222 223 2.16 7340 180 45 240
183 0.8894166666666666 32.640277777777776 122 0.75 5481 180 45 154
184 0.8934166666666666 31.41861111111111 392 1.17 5385 180 45 404
185 0.8936388888888889 31.578611111111112 117 1.44 5204 180 45 135
186 0.8969166666666666 35.45027777777778 183 0.9 11233 180 45 194
187 0.9017222222222222 32.17111111111111 82 0.65 7637 180 45 88
188 0.9062222222222223 31.66722222222222 234 4.52 6604 180 45 266
189 0.9130833333333334 31.366944444444446 250 5.0 4496 180 45 311
190 0.9135277777777778 31.745833333333334 199 3.55 6029 180 45 222
191 0.9185555555555556 31.544444444444448 457 6.47 5467 180 45 494
192 0.92075 35.43861111111111 202 2.63 10959 180 45 247
193 0.921611111111111 31.73222222222222 214 10.09 6299 180 45 233
194 0.9227777777777777 31.675555555555558 254 2.55 5638 180 45 278
195 0.9353611111111111 32.19444444444444 193 0.96 5122 180 45 221
196 0.9364444444444444 31.071666666666665 259 1.77 4660 180 45 275
197 0.9440000000000001 35.775277777777774 69 0.47 2693 180 45 85
198 0.9457222222222222 31.250833333333333 76 0.82 5473 180 45 117
199 0.9530555555555555 32.64666666666667 177 1.13 5004 180 45 196
200 0.9576111111111111 31.475277777777777 279 1.6 6242 180 45 301
201 0.960111111111111 32.76166666666666 118 1.36 5118 180 45 172
202 0.96075 33.35166666666667 153 0.97 5269 180 45 183
203 0.9613611111111111 32.538888888888884 165 0.69 7364 180 45 182
204 0.9640277777777777 31.489444444444445 178 0.8 5029 180 45 205
205 0.966 31.915555555555553 131 0.72 5171 180 45 170
206 0.9768888888888889 31.357222222222223 42 0.55 5320 180 45 96
207 0.98325 31.173333333333336 119 0.81 4494 180 45 135
208 0.9925833333333333 31.800555555555555 151 1.9 4615 180 45 192
209 0.9938888888888888 35.56111111111111 196 5.4 2354 180 45 219
210 0.9984166666666666 31.825555555555557 236 3.33 4453 180 45 252
211 0.9991111111111111 31.974444444444444 106 1.07 4737 180 45 121
212 1.0035277777777778 35.28861111111111 293 2.44 7781 180 45 325
213 1.0035555555555555 32.10916666666667 103 0.67 4251 180 45 116
214 1.0046111111111111 31.0 131 0.89 6577 180 45 145
215 1.0053611111111111 31.466944444444444 70 0.91 5626 180 45 111
216 1.0081944444444444 31.450277777777778 134 1.94 6458 180 45 169
217 1.0104444444444445 31.602500000000003 104 0.74 5698 180 45 120
218 1.016138888888889 31.231111111111108 164 1.2 5218 180 45 182
219 1.0185833333333332 31.066666666666666 242 1.14 6714 180 45 248
220 1.0206944444444443 31.24416666666667 132 1.49 5895 180 45 159
221 1.0216944444444445 31.28888888888889 75 1.51 5928 180 45 102
222 1.0225555555555554 31.5075 389 7.09 5578 180 45 421
223 1.0235555555555556 31.040000000000003 188 0.89 5019 180 45 211
224 1.0245277777777777 31.197777777777777 179 1.38 5191 180 45 205
225 1.0275833333333333 35.712500000000006 142 1.25 7744 180 45 156
226 1.0302222222222222 31.22972222222222 187 2.94 4904 180 45 223
227 1.0346944444444446 35.93444444444444 123 0.74 2236 180 45 137
228 1.0369166666666667 31.3375 129 1.63 4889 180 45 161
229 1.0421666666666667 34.27916666666667 283 3.66 11337 180 45 317
230 1.0438333333333334 31.546666666666667 120 2.23 5625 180 45 136
231 1.0441666666666667 31.775555555555556 170 1.69 5342 180 45 187
232 1.0443611111111113 35.90888888888889 57 1.55 2205 180 45 88
233 1.0522222222222222 35.4525 219 1.26 10436 180 45 251
234 1.0567777777777778 34.16916666666666 150 1.42 11243 180 45 159
235 1.0608611111111113 31.052777777777777 162 1.37 10480 180 45 177
236 1.0615833333333333 32.044999999999995 421 1.25 5236 180 45 427
237 1.06375 31.2 262 2.33 6261 180 45 281
238 1.0665277777777777 32.95944444444445 138 2.37 4972 180 45 150
239 1.0736666666666665 31.305 29 2.56 5582 180 45 44
240 1.074138888888889 31.05666666666667 203 0.9 10539 180 45 218
241 1.0764722222222223 35.74111111111111 121 0.6 4566 180 45 149
242 1.0775833333333333 32.330000000000005 52 0.68 4724 180 45 82
243 1.078361111111111 34.16611111111111 58 0.6 10629 180 45 102
244 1.079 32.96027777777778 261 0.88 4113 180 45 274
245 1.0863055555555554 33.27166666666667 145 0.83 6115 180 45 166
246 1.0890555555555554 31.68138888888889 297 1.82 5839 180 45 322
247 1.0899444444444444 32.18444444444444 166 1.19 5367 180 45 185
248 1.0932499999999998 31.019444444444442 222 1.78 6773 180 45 244
249 1.0949166666666665 33.40833333333333 98 0.66 4982 180 45 108
250 1.0955 34.99027777777778 260 1.72 12134 180 45 272
251 1.097722222222222 33.06861111111112 142 0.97 4614 180 45 158
252 1.098472222222222 33.528055555555554 184 1.57 4332 180 45 198
253 1.1029444444444445 31.403055555555554 283 3.87 6245 180 45 300
254 1.1059444444444446 35.38472222222222 199 1.03 11941 180 45 228
255 1.106638888888889 33.775 157 1.61 4578 180 45 169
256 1.1066944444444444 33.60166666666667 182 1.75 4301 180 45 204
257 1.1177222222222223 32.393055555555556 188 2.18 5106 180 45 213
258 1.1181944444444445 31.400277777777777 159 1.61 6282 180 45 174
259 1.1221944444444445 31.36527777777778 158 1.23 6602 180 45 177
260 1.1264166666666666 32.08583333333333 475 2.93 14706 180 45 512
261 1.1263888888888889 34.03138888888889 180 2.11 4526 180 45 190
262 1.1266666666666667 32.93722222222222 157 2.36 5780 180 45 171
263 1.1321666666666668 33.301944444444445 134 2.13 4210 180 45 165
264 1.1337777777777778 31.6875 31 0.4 5466 180 45 44
265 1.1358055555555555 31.4025 199 1.3 6675 180 45 208
266 1.144861111111111 33.46666666666667 499 4.63 12454 180 45 517
267 1.1477777777777778 32.39805555555556 79 0.59 4675 180 45 93
268 1.1480833333333333 32.098888888888894 69 1.19 10431 180 45 88
269 1.150222222222222 33.50833333333333 384 1.84 11300 180 45 393
270 1.1536388888888889 32.14805555555556 228 1.72 4634 180 45 244
271 1.1540555555555554 31.09722222222222 29 0.39 5483 180 45 57
272 1.15475 33.47916666666667 296 3.63 10582 180 45 326
273 1.1555555555555554 32.71944444444445 149 1.42 10434 180 45 207
274 1.1604999999999999 35.55888888888889 178 0.8 10275 180 45 210
275 1.1611388888888887 34.495 166 1.73 4941 180 45 193
276 1.1624444444444444 31.14 191 1.78 6503 180 45 215
277 1.1665833333333333 32.36972222222222 322 6.36 5177 180 45 337
278 1.1669444444444446 32.91611111111111 266 3.83 10427 180 45 297
279 1.170111111111111 33.93222222222222 185 1.28 11301 180 45 201
280 1.170138888888889 33.65 247 1.51 11327 180 45 265
281 1.175361111111111 33.91305555555555 202 1.49 11349 180 45 221
282 1.1755833333333334 32.95194444444445 140 1.74 4464 180 45 160
283 1.1785277777777778 33.03527777777778 183 1.04 4673 180 45 198
284 1.1786111111111113 33.56111111111111 265 2.88 5437 180 45 277
285 1.1849166666666666 33.83222222222223 135 1.02 4551 180 45 163
286 1.1881388888888889 31.7375 114 4.98 5756 180 45 144
287 1.1931944444444444 35.888333333333335 133 1.51 9789 180 45 173
288 1.196 35.275 301 9.74 4851 180 45 322
289 1.1975277777777777 36.029444444444444 168 1.77 9741 180 45 190
290 1.1982222222222223 32.47027777777778 176 0.67 4945 180 45 193
291 1.1989166666666666 33.03527777777778 96 1.31 4105 180 45 120
292 1.1999166666666667 31.9525 155 1.21 6707 180 45 170
293 1.2025 32.0025 234 1.17 5243 180 45 267
294 1.2028333333333332 32.12083333333334 258 1.29 5013 180 45 274
295 1.208222222222222 31.990555555555556 222 1.12 10456 180 45 233
296 1.2079722222222222 32.845555555555556 116 0.7 5773 180 45 135
297 1.2080833333333334 33.33916666666667 98 1.89 4924 180 45 122
298 1.2117222222222221 32.97361111111111 211 2.18 5338 180 45 229
299 1.2157499999999999 33.84055555555556 266 1.96 14994 180 45 313
300 1.2189166666666669 31.585555555555555 329 1.88 16621 180 45 382
301 1.219888888888889 34.95638888888889 226 1.71 4738 180 45 258
302 1.230777777777778 35.1175 101 1.19 9818 180 45 148
303 1.2410277777777778 34.06027777777778 67 1.01 4257 180 45 78
304 1.2418333333333333 32.665277777777774 144 0.77 6687 180 45 150
305 1.243 32.527499999999996 120 0.57 6749 180 45 136
306 1.245277777777778 33.106944444444444 129 0.91 6690 180 45 137
307 1.2485000000000002 31.27638888888889 86 1.16 2298 180 45 106
308 1.2520833333333334 33.38333333333333 142 2.37 4786 180 45 167
309 1.2523055555555556 33.78333333333333 241 0.94 4455 180 45 254
310 1.2601666666666667 33.073888888888895 193 2.79 5599 180 45 208
311 1.26075 31.65111111111111 69 1.17 10350 180 45 100
312 1.263111111111111 31.825555555555557 83 0.72 4479 180 45 128
313 1.263861111111111 31.078333333333333 255 5.42 4836 180 45 268
314 1.2640277777777778 33.81666666666667 291 5.29 4202 180 45 329
315 1.2696388888888888 33.072500000000005 258 2.84 4849 180 45 286
316 1.2709166666666667 31.0375 465 8.56 4965 180 45 489
317 1.2790277777777777 31.688055555555557 262 1.21 16217 180 45 280
318 1.2808888888888887 32.23277777777778 124 0.89 10408 180 45 133
319 1.2889444444444442 32.717222222222226 155 0.94 11162 180 45 168
320 1.290333333333333 32.92944444444444 225 1.3 11190 180 45 252
321 1.2951388888888888 33.475 132 1.33 6800 180 45 147
322 1.3065555555555557 32.19638888888888 164 1.57 10354 180 45 188
323 1.3092777777777778 31.762777777777778 156 1.06 12490 180 45 179
324 1.3111666666666668 31.038333333333334 251 1.87 6835 180 45 263
325 1.3109444444444445 32.26111111111111 146 1.65 10484 180 45 166
326 1.3113055555555555 35.22555555555556 97 1.06 5096 180 45 123
327 1.314 33.15972222222222 103 0.57 5714 180 45 113
328 1.3193055555555555 33.028888888888886 288 2.49 5575 180 45 300
329 1.32075 34.858333333333334 104 1.09 4835 180 45 127
330 1.3292777777777778 34.13333333333333 243 1.03 3861 180 45 248
331 1.3315277777777779 32.47083333333334 156 2.7 4877 180 45 173
332 1.3315 33.19361111111111 30 0.46 5643 180 45 65
333 1.3315833333333333 32.945277777777775 227 4.66 4418 180 45 240
334 1.3411111111111111 32.46194444444445 148 0.96 17297 180 45 171
335 1.3415277777777777 35.30833333333333 241 1.51 11731 180 45 279
336 1.343722222222222 33.55833333333333 187 1.41 5342 180 45 204
337 1.3478055555555555 33.420833333333334 211 1.62 5475 180 45 222
338 1.3488055555555556 34.980555555555554 206 1.23 4590 180 45 223
339 1.3513611111111112 33.891666666666666 81 0.47 4310 180 45 107
340 1.35175 33.21666666666667 79 7.57 5421 180 45 103
341 1.356277777777778 33.657222222222224 134 1.1 5331 180 45 150
342 1.3585277777777778 32.197222222222216 253 1.34 10440 180 45 266
343 1.364888888888889 31.18888888888889 203 1.01 17388 180 45 220
344 1.3683055555555557 32.20944444444445 168 0.86 10525 180 45 175
345 1.36975 31.252222222222223 70 0.58 4914 180 45 93
346 1.3708333333333333 34.666666666666664 275 2.95 5140 180 45 300
347 1.3795833333333334 33.96888888888889 376 1.27 5498 180 45 384
348 1.3829166666666668 32.17333333333333 46 0.57 10650 180 45 63
349 1.3831111111111112 33.16777777777777 417 1.25 5372 180 45 424
350 1.3839166666666667 34.134166666666665 182 1.6 5106 180 45 204
351 1.3864444444444444 33.53055555555555 287 6.24 6006 180 45 326
352 1.3884444444444444 33.35 64 0.74 4925 180 45 79
353 1.3905 34.72972222222222 24 0.4 5165 180 45 51
354 1.393 34.57055555555556 279 3.57 6987 180 45 298
355 1.3933888888888888 32.636944444444445 126 1.17 4743 180 45 169
356 1.39775 33.0375 69 0.74 6602 180 45 106
357 1.3982777777777777 32.65 370 1.36 12294 180 45 376
358 1.3993333333333333 32.07472222222223 130 0.83 17555 180 45 142
359 1.3996388888888889 33.856944444444444 125 0.97 5155 180 45 145
360 1.3998055555555555 33.90694444444444 530 5.57 4856 180 45 556
361 1.4009166666666666 31.626944444444444 97 0.6 4626 180 45 117
362 1.4016388888888889 34.009166666666665 101 0.65 6758 180 45 111
363 1.4024999999999999 32.764722222222225 159 3.48 6012 180 45 187
364 1.4044444444444444 35.361111111111114 21 0.79 4694 180 45 32
365 1.404611111111111 34.562777777777775 293 1.77 6936 180 45 329
366 1.4063055555555555 36.077222222222225 136 0.89 7062 180 45 153
367 1.4084999999999999 35.34722222222222 155 1.5 4822 180 45 170
368 1.413361111111111 35.47277777777778 99 0.9 4672 180 45 124
369 1.414111111111111 31.315555555555555 54 0.95 2324 180 45 108
370 1.4141388888888888 32.226111111111116 241 0.98 10587 180 45 250
371 1.4210277777777778 34.36666666666667 234 1.55 4894 180 45 247
372 1.4221944444444445 34.02611111111111 474 11.33 4761 180 45 508
373 1.425138888888889 32.13916666666667 375 5.57 4653 180 45 387
374 1.4361388888888889 31.648055555555555 102 1.21 5098 180 45 125
375 1.436611111111111 32.13777777777778 83 1.44 4195 180 45 104
376 1.4385833333333333 32.63527777777778 73 1.55 4135 180 45 95
377 1.4385000000000001 34.698055555555555 505 9.15 5191 180 45 540
378 1.440611111111111 31.010555555555555 82 0.83 13470 180 45 94
379 1.4421944444444446 34.68833333333333 296 1.28 4663 180 45 306
380 1.4426666666666668 31.615555555555556 367 1.88 13552 180 45 394
381 1.4507222222222222 33.95638888888889 224 1.43 4143 180 45 233
382 1.459861111111111 31.552222222222223 341 17.91 4039 180 45 355
383 1.466611111111111 32.032222222222224 312 7.36 6411 180 45 332
384 1.471888888888889 34.311388888888885 234 2.69 4675 180 45 256
385 1.4727222222222223 34.50138888888889 29 0.59 5244 180 45 42
386 1.4731944444444445 33.96888888888889 104 1.19 4425 180 45 123
387 1.475277777777778 31.491944444444446 376 1.8 16879 180 45 414
388 1.480027777777778 34.35 178 4.18 2661 180 45 193
389 1.480888888888889 31.704444444444444 169 1.15 7478 180 45 179
390 1.4823055555555558 31.31138888888889 186 1.05 16796 180 45 213
391 1.4867777777777778 33.666666666666664 237 2.64 6617 180 45 253
392 1.4890833333333333 32.0625 164 2.55 5069 180 45 185
393 1.4930555555555556 33.797777777777775 102 2.6 6598 180 45 115
394 1.4938055555555556 33.82638888888889 89 2.94 6582 180 45 161
395 1.4959444444444445 32.01555555555556 248 1.16 6332 180 45 262
396 1.4955833333333335 32.805 133 1.23 4712 180 45 157
397 1.49875 32.501666666666665 79 6.72 4655 180 45 93
398 1.5014166666666666 33.318333333333335 100 1.71 5500 180 45 109
399 1.5070555555555556 31.4025 173 1.15 12992 180 45 220
400 1.5123055555555556 31.828333333333333 231 1.56 7575 180 45 253
401 1.5238888888888888 31.5025 357 1.9 11241 180 45 369
402 1.5256388888888888 34.777499999999996 200 3.29 4155 180 45 231
403 1.5269166666666667 32.98972222222222 437 2.1 10638 180 45 453
404 1.5279166666666666 34.15 65 1.07 7262 180 45 81
405 1.5291666666666666 33.61194444444445 196 4.39 4988 180 45 231
406 1.5317222222222222 32.14527777777778 217 1.2 12360 180 45 258
407 1.5322222222222222 33.47694444444445 452 8.96 4347 180 45 472
408 1.5341944444444444 33.17972222222222 239 2.74 10487 180 45 288
409 1.5365555555555555 32.106944444444444 199 1.18 12381 180 45 218
410 1.538861111111111 32.7625 193 1.29 13796 180 45 203
411 1.5428055555555555 31.45861111111111 153 0.87 10787 180 45 192
412 1.5429722222222222 31.860833333333336 235 1.19 10859 180 45 243
413 1.5431944444444443 35.36361111111111 433 6.09 4526 180 45 447
414 1.5441944444444444 35.79194444444444 125 0.91 5316 180 45 140
415 1.5515555555555556 34.630833333333335 91 2.0 5524 180 45 170
416 1.559388888888889 35.67583333333333 183 2.71 4545 180 45 210
417 1.5615833333333333 34.802499999999995 84 0.73 4249 180 45 105
418 1.571611111111111 35.592222222222226 143 2.54 4755 180 45 183
419 1.5733055555555555 32.64 242 0.96 5014 180 45 260
420 1.5780833333333333 34.028055555555554 73 2.01 4419 180 45 113
421 1.5796944444444445 34.04861111111111 194 3.36 4480 180 45 224
422 1.582861111111111 35.03722222222222 128 1.31 4600 180 45 155
423 1.5831388888888889 36.01861111111111 153 1.4 4449 180 45 179
424 1.5878055555555557 34.47638888888889 115 1.95 5090 180 45 126
425 1.5914722222222224 34.290277777777774 265 1.52 5145 180 45 299
426 1.5951666666666668 33.68888888888888 91 0.76 6062 180 45 136
427 1.6003611111111111 34.18555555555555 117 1.96 4204 180 45 134
428 1.6071666666666669 31.59472222222222 179 1.05 10907 180 45 193
429 1.6138055555555557 33.56666666666667 168 1.06 4436 180 45 175
430 1.6154444444444445 31.984166666666667 311 4.85 6603 180 45 357
431 1.6210833333333334 32.58111111111111 22 0.51 6302 180 45 35
432 1.627361111111111 32.455000000000005 143 0.85 4908 180 45 152
433 1.6274166666666667 34.992222222222225 194 0.98 5351 180 45 202
434 1.6274722222222222 32.65222222222222 277 2.49 13421 180 45 284
435 1.6324722222222223 34.82555555555556 117 1.37 4680 180 45 126
436 1.6343333333333332 32.365 360 1.68 12960 180 45 368
437 1.6346666666666667 32.50138888888889 290 1.81 5429 180 45 331
438 1.6352777777777778 32.35277777777778 125 0.93 5300 180 45 142
439 1.6387222222222222 35.36555555555556 478 6.0 4935 180 45 517
440 1.6429166666666666 31.511944444444445 91 1.72 15100 180 45 118
441 1.6445277777777778 35.31444444444444 19 0.61 5662 180 45 32
442 1.6455555555555554 35.719166666666666 65 0.47 4494 180 45 83
443 1.6516666666666666 32.038333333333334 212 2.54 10569 180 45 264
444 1.6520833333333333 33.21666666666667 80 1.09 6242 180 45 119
445 1.658611111111111 33.825 181 1.97 4832 180 45 204
446 1.6589444444444443 35.16416666666667 137 1.67 5181 180 45 149
447 1.6643055555555555 32.33166666666667 328 2.09 10600 180 45 348
448 1.664972222222222 31.454444444444444 121 0.88 8156 180 45 139
449 1.6656666666666666 34.41083333333333 189 4.11 4257 180 45 198
450 1.6664444444444444 31.238333333333333 182 1.0 8228 180 45 205
451 1.674611111111111 34.62861111111111 373 12.79 5498 180 45 396
452 1.6844166666666667 31.878333333333334 103 0.77 6655 180 45 127
453 1.6869444444444444 34.80888888888889 108 2.86 5090 180 45 135
454 1.6910555555555555 31.433611111111112 200 1.25 10772 180 45 232
455 1.6937777777777778 31.4875 339 1.85 10741 180 45 350
456 1.6949722222222223 35.778888888888886 131 0.72 10538 180 45 149
457 1.7047777777777777 34.038333333333334 54 0.88 6053 180 45 70
458 1.7145277777777777 31.480833333333333 238 2.47 10420 180 45 253
459 1.7155277777777778 32.801944444444445 58 2.41 11007 180 45 80
460 1.7245833333333334 34.76277777777778 122 1.6 10734 180 45 135
461 1.7261388888888891 32.88138888888889 351 1.66 9330 180 45 370
462 1.7311111111111113 35.34166666666667 224 1.52 14793 180 45 234
463 1.735277777777778 34.385555555555555 323 4.32 10749 180 45 344
464 1.737 31.968055555555555 76 0.63 10913 180 45 99
465 1.741 32.253055555555555 329 2.73 11255 180 45 381
466 1.7439722222222223 34.66305555555555 145 0.88 5701 180 45 155
467 1.7523333333333333 32.13138888888889 420 1.89 11221 180 45 428
468 1.7542777777777778 32.05916666666666 106 2.38 10782 180 45 119
469 1.7555 34.268055555555556 197 1.22 5362 180 45 211
470 1.7578055555555556 36.00611111111111 163 1.09 10648 180 45 190
471 1.7608611111111112 33.93694444444444 136 1.74 5398 180 45 152
472 1.7641944444444444 35.10444444444445 261 5.11 5660 180 45 278
473 1.773972222222222 34.920833333333334 90 2.8 5510 180 45 183
474 1.7759444444444443 33.32805555555556 80 1.85 5416 180 45 104
475 1.7815555555555556 33.38805555555555 215 1.83 11198 180 45 233
476 1.7820277777777778 34.777499999999996 111 0.9 4266 180 45 154
477 1.78775 35.56472222222222 744 1.63 4681 180 45 753
478 1.791611111111111 36.04277777777778 322 1.51 4856 180 45 340
479 1.7918333333333332 36.07 80 0.91 4733 180 45 114
480 1.7949722222222222 35.01694444444444 98 5.85 5559 180 45 114
481 1.7972499999999998 32.25944444444445 104 0.75 11461 180 45 110
482 1.79975 32.96138888888889 125 1.44 5149 180 45 145
483 1.8039722222222223 35.39944444444444 199 1.86 4309 180 45 215
484 1.804138888888889 35.288333333333334 133 1.13 14600 180 45 141
485 1.8042500000000001 32.36277777777778 217 1.32 10872 180 45 244
486 1.806 31.892222222222223 26 0.83 6994 180 45 43
487 1.8058611111111111 33.83888888888889 185 0.98 5796 180 45 195
488 1.818111111111111 34.974722222222226 480 13.38 3872 180 45 500
489 1.8215 31.1 333 2.07 12228 180 45 357
490 1.824111111111111 35.45638888888889 467 3.73 4148 180 45 490
491 1.825388888888889 32.58888888888889 114 39.06 155 180 45 131
492 1.8307222222222221 31.739444444444445 106 0.95 9661 180 45 124
493 1.83125 32.11527777777778 233 1.32 7070 180 45 249
494 1.8349444444444445 32.064166666666665 77 0.67 5049 180 45 129
495 1.8405000000000002 32.60194444444445 164 1.19 11103 180 45 196
496 1.8425833333333335 35.36194444444445 161 3.55 5500 180 45 210
497 1.844638888888889 33.74166666666667 155 2.51 5645 180 45 197
498 1.8445000000000003 34.736111111111114 94 1.52 5029 180 45 183
499 1.8448611111111113 33.16416666666667 379 1.54 10087 180 45 106
500 1.8457500000000002 35.284166666666664 335 7.91 4150 180 45 335
501 1.846277777777778 32.54333333333333 239 1.42 11321 180 45 279
502 1.8498055555555557 32.885555555555555 215 1.71 10998 180 45 209
503 1.8546111111111112 34.84666666666667 218 3.01 4686 180 45 474
504 1.857777777777778 36.061388888888885 260 1.14 5319 180 45 164
505 1.8585 35.78638888888889 84 0.55 5166 180 45 272
506 1.8622500000000002 35.57194444444445 113 0.74 10901 180 45 152
507 1.867888888888889 35.6425 152 0.58 4971 180 45 164
508 1.8684166666666666 35.03444444444444 91 2.18 4385 180 45 158
509 1.8695 31.511666666666667 151 1.21 10190 180 45 177
510 1.871888888888889 31.534166666666668 372 1.44 10001 180 45 196
511 1.8736388888888889 35.79194444444444 371 2.13 11130 180 45 403
512 1.8746944444444444 31.985277777777778 254 3.38 10753 180 45 330
513 1.881388888888889 36.053888888888885 218 1.77 6104 180 45 71
514 1.8833055555555556 31.925833333333333 272 1.3 13511 180 45 214
515 1.8869444444444443 31.11861111111111 218 1.64 11219 180 45 95
516 1.8891944444444444 31.39388888888889 322 1.16 11133 180 45 134
517 1.8955 31.458055555555553 61 0.4 10085 180 45 298
518 1.9008611111111111 33.516666666666666 231 1.68 9103 180 45 192
519 1.903361111111111 35.536944444444444 142 0.71 5014 180 45 131
520 1.9039722222222222 32.119166666666665 265 2.56 13478 180 45 149
521 1.9056388888888889 31.22972222222222 146 0.91 11236 180 45 298
522 1.9120833333333331 31.830555555555556 180 1.15 10157 180 45 463
523 1.9164722222222221 35.433611111111105 203 0.94 4654 180 45 213
524 1.9229166666666666 31.62527777777778 102 1.84 4486 180 45 279
525 1.9232777777777776 34.26444444444444 112 0.99 4593 180 45 501
526 1.923861111111111 35.18583333333333 54 0.56 5227 180 45 134
527 1.928722222222222 31.42 224 1.54 10709 180 45 217
528 1.9301944444444443 31.697777777777777 133 1.34 10670 180 45 305
529 1.9390277777777778 31.4375 166 1.29 10880 180 45 130
530 1.9440555555555556 34.176944444444445 431 14.63 4632 180 45 95
531 1.945361111111111 35.590833333333336 210 1.38 5228 180 45 71
532 1.9465000000000001 35.992222222222225 319 2.85 14365 180 45 361
533 1.9468611111111112 31.70111111111111 299 1.29 5347 180 45 373
534 1.9485555555555556 33.00833333333333 330 1.81 4608 180 45 209
535 1.9499444444444445 31.416944444444447 87 0.65 9737 180 45 366
536 1.9516666666666667 32.79361111111111 319 3.27 4573 180 45 92
537 1.952972222222222 35.81666666666667 166 2.92 4586 180 45 147
538 1.962 35.91555555555556 317 19.21 4902 180 45 184
539 1.9617777777777778 33.89416666666666 117 1.0 5600 180 45 343
540 1.9634166666666666 32.41916666666666 111 3.29 5142 180 45 127
541 1.9662777777777778 34.00472222222222 98 1.0 4634 180 45 58
542 1.9753055555555556 32.103611111111114 92 0.75 12921 180 45 207
543 1.9762777777777778 32.068333333333335 373 2.43 12870 180 45 205
544 1.9828055555555557 35.37 149 1.52 4248 180 45 157
545 1.9833611111111111 32.005 59 0.87 5223 180 45 78
546 1.984888888888889 36.05138888888889 355 1.62 5472 180 45 284
547 1.9855555555555555 32.71888888888889 109 1.34 4406 180 45 243
548 1.99275 34.927499999999995 178 1.63 14286 180 45 77
549 1.99525 32.08416666666667 220 3.03 5164 180 45 223
550 1.9999444444444445 35.876111111111115 357 1.57 14474 180 45 240
551 1.999638888888889 34.34805555555556 131 3.55 4851 180 45 411
552 2.003888888888889 32.04055555555556 163 0.99 5033 180 45 401
553 2.0059444444444443 31.96944444444444 126 1.76 9872 180 45 533
554 2.0082222222222224 31.15222222222222 178 1.8 4453 180 45 314
555 2.0093888888888887 32.47527777777778 371 2.16 12902 180 45 150
556 2.0103055555555556 32.835 87 1.1 4511 180 45 430
557 2.0181388888888887 31.749444444444446 148 3.02 4781 180 45 245
558 2.018222222222222 31.884722222222223 54 9.02 5194 180 45 364
559 2.018944444444444 31.180555555555557 190 0.87 11525 180 45 88
560 2.021583333333333 31.16611111111111 164 0.83 5526 180 45 119
561 2.021611111111111 33.1 67 0.74 14647 180 45 175
562 2.0219444444444443 33.331944444444446 288 2.06 5078 180 45 90
563 2.03 34.79416666666666 84 0.76 4454 180 45 209
564 2.037888888888889 31.55027777777778 51 0.99 4799 180 45 204
565 2.040888888888889 32.07222222222222 222 2.58 5264 180 45 143
566 2.0422499999999997 34.583333333333336 364 1.58 11024 180 45 265
567 2.043472222222222 33.68805555555555 60 0.85 5474 180 45 419
568 2.0559999999999996 33.63055555555555 174 2.28 5504 180 45 142
569 2.0606666666666666 32.220555555555556 195 3.13 4737 180 45 373
570 2.07275 32.635555555555555 131 1.0 5118 180 45 188
571 2.0740000000000003 31.12777777777778 49 0.6 4787 180 45 153
572 2.0793611111111114 35.99444444444445 268 1.29 11231 180 45 149
573 2.08 32.274166666666666 156 1.22 6974 180 45 251
574 2.0806666666666667 35.658055555555556 99 0.84 5568 180 45 173
575 2.080138888888889 32.779444444444444 95 1.15 10602 180 45 122
576 2.088138888888889 32.93333333333333 217 1.05 12364 180 45 136
577 2.090638888888889 31.179166666666667 273 8.67 5271 180 45 306
578 2.0924722222222223 34.87305555555555 336 13.34 4415 180 45 351
579 2.098638888888889 32.180277777777775 94 1.97 4203 180 45 444
580 2.10675 31.51638888888889 103 0.82 7629 180 45 47
581 2.1079166666666667 31.116666666666667 164 2.24 3879 180 45 340
582 2.107638888888889 35.011944444444445 201 2.07 10956 180 45 187
583 2.1122222222222224 33.67861111111111 173 0.96 10715 180 45 112
584 2.11375 31.163055555555555 112 3.09 3859 180 45 183
585 2.1160833333333335 34.88111111111111 374 1.06 10917 180 45 174
586 2.11925 31.401666666666664 159 2.21 13206 180 45 241
587 2.119083333333333 32.7525 272 1.95 11666 180 45 191
588 2.1199166666666667 32.95194444444445 598 3.68 11773 180 45 161
589 2.1231666666666666 32.958333333333336 408 2.5 11312 180 45 273
590 2.1267222222222224 34.84166666666667 97 1.33 11883 180 45 122
591 2.1304444444444446 33.25694444444444 96 0.97 5387 180 45 91
592 2.131222222222222 31.538611111111113 149 1.24 4747 180 45 340
593 2.136527777777778 32.27611111111111 112 1.7 5021 180 45 56
594 2.1370833333333334 32.541666666666664 383 1.96 13339 180 45 73
595 2.149277777777778 34.223888888888894 309 1.54 11506 180 45 246
596 2.1525555555555553 31.9925 98 10.94 5007 180 45 93
597 2.153111111111111 32.00361111111111 239 1.29 13725 180 45 114
598 2.153722222222222 35.70916666666667 56 0.6 4709 180 45 264
599 2.154777777777778 34.24722222222222 295 2.38 11816 180 45 379
600 2.155611111111111 33.483333333333334 87 2.35 13837 180 45 211
601 2.1569444444444446 33.703611111111115 464 2.35 11643 180 45 239
602 2.157722222222222 31.85777777777778 35 0.53 6518 180 45 477
603 2.164361111111111 35.755 59 1.11 4973 180 45 140
604 2.167722222222222 31.86527777777778 198 1.46 13831 180 45 175
605 2.1741666666666664 31.10138888888889 48 1.53 5094 180 45 129
606 2.1758055555555553 31.43111111111111 199 1.12 14162 180 45 214
607 2.1774722222222223 31.74416666666667 94 0.86 7784 180 45 200
608 2.178472222222222 35.14055555555556 264 1.49 10814 180 45 275
609 2.1802777777777775 34.96666666666667 25 0.64 13726 180 45 143
610 2.1811666666666665 32.38638888888889 68 0.63 13907 180 45 46
611 2.181694444444444 34.5 156 1.86 4325 180 45 90
612 2.1823888888888887 31.281666666666666 312 0.92 5153 180 45 184
613 2.182611111111111 32.698055555555555 625 3.18 11805 180 45 116
614 2.1829166666666664 32.731388888888894 261 2.14 4123 180 45 172
615 2.1850555555555555 35.06472222222222 352 2.93 13454 180 45 246
616 2.18675 34.205000000000005 249 1.34 12571 180 45 289
617 2.1876388888888885 34.325 168 1.33 4811 180 45 49
618 2.189472222222222 35.08583333333333 28 0.51 530 180 45 432
619 2.191861111111111 34.82 340 1.66 13580 180 45 51
620 2.192972222222222 31.511111111111113 232 3.5 4981 180 45 134
621 2.1937777777777776 34.047777777777775 423 3.95 6176 180 45 353
622 2.1960277777777777 31.195 73 0.95 4819 180 45 124
623 2.201138888888889 31.579722222222223 234 1.42 8758 180 45 104
624 2.2015833333333337 31.085277777777776 191 2.32 10224 180 45 114
625 2.2022222222222223 36.0775 217 1.22 10934 180 45 205
626 2.2041944444444446 33.8175 140 0.98 6155 180 45 329
627 2.2044444444444444 32.93388888888889 61 0.67 4796 180 45 238
628 2.2255833333333332 31.300833333333333 173 0.92 12540 180 45 330
629 2.228638888888889 31.37027777777778 37 0.46 5056 180 45 95
630 2.228888888888889 31.197777777777777 456 2.24 8891 180 45 54
631 2.228638888888889 33.76555555555556 253 2.15 14887 180 45 51
632 2.2298055555555556 33.6 121 3.21 5086 180 45 533
633 2.231222222222222 31.473055555555554 176 1.34 7040 180 45 78
634 2.231388888888889 31.864444444444445 159 0.61 5384 180 45 191
635 2.2346666666666666 34.39722222222222 151 0.94 8340 180 45 157
636 2.2371666666666665 31.434166666666666 65 1.08 5210 180 45 288
637 2.243361111111111 32.72 119 0.89 4707 180 45 159
638 2.2446111111111113 35.82194444444445 257 1.18 10869 180 45 130
639 2.2474444444444446 31.469166666666666 348 8.64 5276 180 45 231
640 2.250888888888889 32.72222222222222 181 5.63 4442 180 45 52
641 2.2515555555555555 31.196944444444444 261 1.31 10528 180 45 190
642 2.252 35.94499999999999 493 2.36 10967 180 45 272
643 2.2531666666666665 31.177222222222223 280 1.68 13268 180 45 227
644 2.253416666666667 31.091666666666665 184 0.92 4968 180 45 292
645 2.253277777777778 34.12972222222222 45 0.68 8567 180 45 190
646 2.253888888888889 33.78055555555555 222 1.73 12731 180 45 67
647 2.2545277777777777 32.70277777777778 101 0.68 4817 180 45 251
648 2.2567222222222223 36.119166666666665 186 1.0 6238 180 45 396
649 2.2640833333333332 35.91361111111111 515 3.28 8193 180 45 270
650 2.2651666666666666 33.809999999999995 454 2.43 9655 180 45 175
651 2.267777777777778 31.06138888888889 23 0.37 10615 180 45 140
652 2.2696666666666667 31.070833333333333 152 1.0 8112 180 45 269
653 2.2700555555555555 32.64805555555556 444 4.71 4814 180 45 89
654 2.270388888888889 34.26888888888889 196 1.35 12598 180 45 117
655 2.270611111111111 34.907222222222224 128 1.06 11474 180 45 166
656 2.27275 32.001666666666665 394 5.78 8749 180 45 292
657 2.273527777777778 33.55 148 1.57 9715 180 45 117
658 2.2785277777777777 32.76222222222222 147 1.62 4997 180 45 189
659 2.279111111111111 35.18111111111111 19 0.62 13235 180 45 175
660 2.280111111111111 31.558611111111112 141 0.98 13298 180 45 43
661 2.2901666666666665 31.990000000000002 84 1.13 6077 180 45 312
662 2.2919166666666664 36.0425 173 0.69 6366 180 45 100
663 2.29325 33.81527777777777 214 1.54 5426 180 45 160
664 2.2950277777777774 31.201944444444443 108 1.41 4861 180 45 224
665 2.2953055555555553 34.53944444444444 146 1.27 7152 180 45 128
666 2.297527777777778 32.39416666666666 445 2.64 4806 180 45 149
667 2.2981666666666665 35.8125 280 2.2 11275 180 45 78
668 2.2986388888888887 34.39555555555555 226 1.27 9492 180 45 304
669 2.2995555555555556 35.77111111111111 392 3.28 11324 180 45 235
670 2.2998055555555554 31.879166666666666 302 5.78 6061 180 45 449
671 2.3012777777777775 32.034166666666664 58 0.49 6115 180 45 333
672 2.305111111111111 33.5 318 2.02 10612 180 45 333
673 2.3065277777777777 31.781944444444445 192 1.0 4961 180 45 130
674 2.3105277777777777 32.37861111111111 77 0.93 4925 180 45 283
675 2.3104999999999998 33.31722222222223 84 1.02 4908 180 45 94
676 2.312722222222222 35.471944444444446 355 2.1 11345 180 45 216
677 2.3124166666666666 35.093333333333334 144 1.08 13194 180 45 413
678 2.314111111111111 33.72166666666667 177 3.98 5038 180 45 138
679 2.319583333333333 35.507222222222225 192 1.65 6861 180 45 181
680 2.3216944444444443 31.39527777777778 248 1.68 3075 180 45 192
681 2.3221388888888885 33.806666666666665 469 4.81 8607 180 45 135
682 2.323694444444444 32.05083333333333 179 1.39 5351 180 45 112
683 2.3331111111111107 33.22694444444445 206 1.49 10275 180 45 178
684 2.3364444444444445 32.015 197 1.18 10332 180 45 334
685 2.339 35.899166666666666 409 2.78 14054 180 45 150
686 2.3408333333333333 31.675555555555558 303 1.52 5855 180 45 60
687 2.3478333333333334 32.72083333333334 218 2.67 9983 180 45 126
688 2.3494444444444444 32.84722222222222 463 2.07 5374 180 45 125
689 2.3495833333333334 33.36222222222222 131 1.39 4262 180 45 482
690 2.3518333333333334 33.334722222222226 214 1.29 5314 180 45 183
691 2.3589166666666666 31.047500000000003 55 3.39 4764 180 45 403
692 2.3585833333333333 33.38611111111111 48 0.51 4265 180 45 208
693 2.359166666666667 32.55 549 3.71 5322 180 45 58
694 2.362638888888889 33.01861111111111 220 5.01 3949 180 45 37
695 2.3680833333333333 32.24277777777778 323 2.4 10146 180 45 45
696 2.367861111111111 33.945277777777775 194 4.61 5006 180 45 336
697 2.372527777777778 33.74777777777778 78 0.92 3664 180 45 184
698 2.3734722222222224 31.72861111111111 42 0.58 16375 180 45 184
699 2.3755277777777777 31.139166666666664 80 1.12 3107 180 45 306
700 2.382888888888889 32.75222222222222 177 1.14 8947 180 45 354
701 2.3851944444444446 31.78388888888889 319 1.49 4874 180 45 290
702 2.389222222222222 32.190555555555555 178 0.97 10085 180 45 229
703 2.389527777777778 31.105833333333333 212 1.9 10337 180 45 198
704 2.3950555555555555 31.25 236 1.67 10126 180 45 202
705 2.3990277777777775 34.69416666666666 124 1.13 8069 180 45 488
706 2.3996944444444446 32.226111111111116 86 0.52 3151 180 45 119
707 2.4034166666666668 31.36861111111111 148 3.31 4978 180 45 77
708 2.4045 33.59527777777778 200 1.02 3906 180 45 375
709 2.408777777777778 31.61527777777778 258 13.04 4803 180 45 185
710 2.409 33.16861111111111 267 8.01 4419 180 45 281
711 2.4157777777777776 35.42444444444444 184 1.5 9655 180 45 326
712 2.4160833333333334 35.28972222222222 124 1.56 9651 180 45 171
713 2.4165277777777776 31.959166666666665 31 0.52 5346 180 45 142
714 2.4163055555555553 36.03944444444444 77 12.02 575 180 45 55
715 2.418472222222222 31.38361111111111 83 0.61 4953 180 45 148
716 2.421861111111111 31.171111111111113 154 1.13 5017 180 45 98
717 2.42175 32.38 260 1.32 10396 180 45 172
718 2.4239166666666665 31.614722222222223 62 0.58 5255 180 45 154
719 2.424444444444444 31.468888888888888 99 2.36 4804 180 45 177
720 2.4261388888888886 31.169444444444444 96 0.74 4757 180 45 144
721 2.4267222222222222 31.394166666666667 54 0.47 4848 180 45 301
722 2.427083333333333 31.6475 86 0.56 5234 180 45 80
723 2.427583333333333 31.621666666666666 246 1.34 5159 180 45 92
724 2.4294166666666666 32.05083333333333 266 1.21 5421 180 45 291
725 2.4323888888888887 32.3525 118 1.46 4487 180 45 243
726 2.434777777777778 31.91916666666667 593 3.02 5330 180 45 260
727 2.437277777777778 34.06527777777777 138 1.45 3245 180 45 221
728 2.4387222222222227 33.77055555555555 178 1.32 5106 180 45 275
729 2.441638888888889 32.06166666666666 203 1.23 5071 180 45 252
730 2.444361111111111 31.68027777777778 180 1.21 4806 180 45 259
731 2.4492222222222226 35.719722222222224 292 2.38 9697 180 45 132
732 2.4488611111111114 32.09722222222222 210 2.16 4990 180 45 314
733 2.448638888888889 34.52166666666667 172 1.27 7939 180 45 280
734 2.449138888888889 35.18222222222222 325 8.4 5099 180 45 140
735 2.4493611111111115 32.06472222222222 126 0.97 5645 180 45 340
736 2.4504444444444444 31.176944444444445 148 1.7 5113 180 45 154
737 2.4539444444444447 31.62611111111111 278 1.71 17018 180 45 189
738 2.4538888888888892 33.57833333333333 204 263.04 552 180 45 177
739 2.4546944444444447 33.327222222222225 113 4.37 4883 180 45 144
740 2.456361111111111 35.42722222222222 161 1.79 8455 180 45 410
741 2.456138888888889 31.91222222222222 201 1.6 5677 180 45 170
742 2.4602500000000003 36.15611111111111 303 2.96 10755 180 45 205
743 2.4638055555555556 31.730555555555554 111 9.7 595 180 45 137
744 2.468166666666667 31.034166666666668 99 0.74 4819 180 45 43
745 2.4691666666666667 32.3675 417 1.12 5447 180 45 143
746 2.470555555555556 31.311666666666667 440 32.29 4988 180 45 369
747 2.470388888888889 33.38 42 0.56 3164 180 45 274
748 2.4724166666666667 33.14944444444444 211 2.05 11483 180 45 403
749 2.482416666666667 35.06638888888889 143 2.16 9050 180 45 312
750 2.4843333333333333 31.198055555555555 217 1.23 10705 180 45 111
751 2.4858333333333333 34.53861111111111 94 0.88 3528 180 45 295
752 2.4874722222222223 36.01555555555556 213 0.95 10587 180 45 111
753 2.4910555555555556 31.472499999999997 218 4.55 5138 180 45 330
754 2.49225 33.50833333333333 40 0.85 3259 180 45 124
755 2.4944722222222224 34.050555555555555 53 0.89 3908 180 45 140
756 2.496888888888889 31.450277777777778 202 1.51 5224 180 45 297
757 2.4965833333333336 33.513888888888886 156 1.23 4794 180 45 122
758 2.503222222222222 32.84777777777778 102 0.93 7257 180 45 255
759 2.503833333333333 33.13111111111111 156 2.45 3180 180 45 330
760 2.5063055555555556 35.319722222222225 432 4.59 9098 180 45 48
761 2.5091111111111113 32.17611111111111 434 3.71 4778 180 45 93
762 2.509472222222222 32.525 25 0.88 5487 180 45 201
763 2.521611111111111 34.255 118 1.77 3177 180 45 97
764 2.5237777777777777 31.994722222222222 119 0.92 4702 180 45 146
765 2.5293055555555557 31.02 70 1.12 2558 180 45 286
766 2.5290833333333333 33.25194444444445 227 2.19 5293 180 45 141
767 2.53025 36.141666666666666 252 2.06 8907 180 45 156
768 2.537583333333333 34.90555555555555 111 0.84 9907 180 45 84
769 2.538611111111111 35.893055555555556 216 1.02 9897 180 45 127
770 2.5404444444444443 35.498333333333335 147 11.6 597 180 45 118
771 2.5422777777777776 31.610833333333336 118 2.8 5044 180 45 226
772 2.543388888888889 34.098333333333336 139 0.86 3536 180 45 103
773 2.544 36.00861111111111 125 1.54 9857 180 45 126
774 2.5444444444444443 31.561111111111114 534 2.28 9519 180 45 60
775 2.547222222222222 31.71722222222222 113 1.4 4758 180 45 252
776 2.5514444444444444 35.513333333333335 193 4.74 13698 180 45 482
777 2.5522777777777774 35.0225 62 1.4 3844 180 45 261
778 2.554777777777778 32.367777777777775 90 0.67 4678 180 45 86
779 2.561694444444444 32.527499999999996 216 1.26 9587 180 45 284
780 2.563833333333333 35.79055555555556 344 1.13 12657 180 45 126
781 2.5636666666666663 35.29888888888889 108 0.72 5137 180 45 351
782 2.566 31.950833333333332 141 3.62 4636 180 45 169
783 2.5691944444444443 32.16777777777777 107 0.66 4834 180 45 176
784 2.570305555555555 34.468611111111116 90 2.02 3343 180 45 341
785 2.571944444444444 32.50694444444444 589 10.64 4852 180 45 174
786 2.5737777777777775 32.43472222222222 242 1.73 4879 180 45 182
787 2.573833333333333 32.9575 220 10.27 4539 180 45 260
788 2.575722222222222 31.52027777777778 103 1.1 5305 180 45 141
789 2.5755277777777774 33.943888888888885 252 4.08 4436 180 45 110
790 2.5766111111111107 34.863055555555555 235 6.8 3760 180 45 309
791 2.5786944444444444 34.505 292 1.35 7742 180 45 639
792 2.579833333333333 31.9225 173 1.71 5171 180 45 306
793 2.5837777777777777 32.60138888888889 101 0.8 5224 180 45 59
794 2.5855555555555556 31.740000000000002 180 0.95 5092 180 45 113
795 2.588611111111111 32.106944444444444 95 1.21 4684 180 45 80
796 2.5893333333333333 31.849444444444444 91 2.32 9146 180 45 113
797 2.589472222222222 35.19166666666666 298 1.63 14657 180 45 110
798 2.5919722222222226 31.366944444444446 242 1.33 4971 180 45 43
799 2.59675 36.029444444444444 53 0.85 5114 180 45 192
800 2.598138888888889 35.59638888888889 105 1.54 5182 180 45 74
801 2.5992222222222225 33.535555555555554 106 1.21 5256 180 45 383
802 2.6009166666666665 31.820555555555554 239 1.8 5020 180 45 197
803 2.6016666666666666 32.2825 59 1.16 4779 180 45 248
804 2.603 33.96666666666667 362 5.03 9547 180 45 275
805 2.6030555555555557 34.60138888888889 228 2.45 11752 180 45 393
806 2.603111111111111 36.08722222222222 173 0.95 11358 180 45 249
807 2.6065 31.711388888888887 307 4.85 4923 180 45 302
808 2.607111111111111 35.99111111111111 221 1.37 9495 180 45 272
809 2.6080833333333335 32.715 410 4.74 4693 180 45 190
810 2.609166666666667 31.5975 202 2.79 4893 180 45 88
811 2.6093333333333333 35.12694444444445 200 1.62 14678 180 45 455
812 2.610055555555556 34.602222222222224 370 5.19 9480 180 45 208
813 2.612027777777778 31.444444444444446 181 1.84 10723 180 45 213
814 2.6138333333333335 36.109722222222224 260 6.79 5136 180 45 106
815 2.620972222222222 31.75777777777778 64 1.42 1526 180 45 645
816 2.621916666666667 31.435833333333335 201 0.93 10838 180 45 181
817 2.625027777777778 31.650555555555552 134 1.0 5050 180 45 139
818 2.625027777777778 33.63138888888889 170 2.81 4377 180 45 83
819 2.6253333333333333 34.045833333333334 61 0.81 2541 180 45 179
820 2.625861111111111 31.386666666666667 206 1.08 5398 180 45 73
821 2.627527777777778 32.00555555555555 52 0.56 4781 180 45 295
822 2.6272777777777776 34.43277777777777 235 1.71 4907 180 45 71
823 2.632722222222222 34.23527777777778 158 4.17 3676 180 45 161
824 2.6344166666666666 35.94499999999999 369 1.55 14171 180 45 334
825 2.636416666666667 33.945277777777775 270 1.31 11192 180 45 56
826 2.63775 33.01166666666666 191 3.5 4540 180 45 98
827 2.6381111111111113 33.31944444444445 55 1.59 4621 180 45 225
828 2.64375 32.0675 203 8.25 5195 180 45 251
829 2.6441944444444445 33.44638888888888 197 5.12 4616 180 45 391
830 2.6455 35.73027777777778 109 0.61 12852 180 45 225
831 2.6453333333333333 34.638888888888886 185 1.65 9633 180 45 136
832 2.6485 34.62916666666667 319 1.26 4743 180 45 292
833 2.64925 35.61027777777778 333 1.82 9252 180 45 325
834 2.6528055555555556 36.03666666666666 228 0.98 9456 180 45 195
835 2.654861111111111 31.735833333333336 88 0.99 4878 180 45 113
836 2.6574166666666668 33.33388888888889 105 1.02 5706 180 45 169
837 2.65975 36.07972222222222 109 3.82 2771 180 45 159
838 2.670722222222222 32.88055555555555 101 0.97 4370 180 45 283
839 2.671361111111111 35.85138888888889 124 0.67 11837 180 45 135
840 2.6715555555555555 32.26777777777777 203 12.32 4490 180 45 147
841 2.6783055555555553 35.300555555555555 70 0.75 9650 180 45 371
842 2.6785277777777776 32.14055555555556 90 1.45 9994 180 45 104
843 2.683388888888889 32.17611111111111 146 3.53 4432 180 45 117
844 2.685638888888889 31.452222222222222 133 1.88 10146 180 45 115
845 2.686416666666667 35.86055555555556 145 3.59 3136 180 45 107
846 2.686416666666667 31.491944444444446 125 0.77 4798 180 45 167
847 2.6869722222222223 34.35722222222223 144 1.14 7610 180 45 376
848 2.6877500000000003 35.80416666666667 199 0.88 13389 180 45 159
849 2.696305555555556 31.46333333333333 61 0.62 10205 180 45 93
850 2.6988611111111114 32.08888888888889 220 2.97 4563 180 45 144
851 2.7000833333333336 36.06666666666667 280 1.82 9194 180 45 255
852 2.7012222222222224 35.71361111111111 494 1.67 9484 180 45 296
853 2.7013888888888893 35.43888888888888 80 1.56 11811 180 45 508
854 2.7015277777777778 32.38472222222222 89 8.16 5127 180 45 192
855 2.706666666666667 35.65083333333333 131 1.84 11985 180 45 496
856 2.706055555555556 32.75222222222222 167 1.11 4755 180 45 159
857 2.7093611111111113 35.19916666666666 104 2.54 3551 180 45 175
858 2.7094444444444448 34.75527777777778 269 2.04 3904 180 45 119
859 2.7135277777777778 32.68861111111111 160 2.42 5257 180 45 294
860 2.7144166666666667 34.01444444444444 79 0.92 4539 180 45 329
861 2.7203055555555555 32.45861111111111 252 1.13 4051 180 45 51
862 2.724 31.466944444444444 260 7.22 5100 180 45 45
863 2.725916666666667 31.7875 298 6.88 4710 180 45 85
864 2.7284444444444444 32.49944444444444 315 6.07 4135 180 45 139
865 2.7303611111111112 31.334444444444443 49 0.55 5697 180 45 394
866 2.7304166666666667 32.386944444444445 94 1.9 4059 180 45 519
867 2.7306944444444445 32.516666666666666 136 2.81 4530 180 45 348
868 2.7308333333333334 33.35194444444445 200 5.25 4733 180 45 157
869 2.7314166666666666 31.366944444444446 104 2.75 5533 180 45 233
870 2.7318611111111113 33.16861111111111 219 1.65 5486 180 45 187
871 2.7373611111111114 32.25944444444445 254 2.05 10042 180 45 179
872 2.7379722222222225 31.340833333333332 113 1.21 5154 180 45 191
873 2.7386666666666666 35.312777777777775 134 2.57 9078 180 45 144
874 2.74025 32.348333333333336 205 1.8 5128 180 45 217
875 2.740111111111111 33.73527777777778 244 4.12 5328 180 45 234
876 2.740388888888889 36.038333333333334 224 0.96 14571 180 45 280
877 2.749416666666667 34.09916666666667 256 1.56 9498 180 45 114
878 2.750888888888889 32.16416666666667 109 11.31 1582 180 45 270
879 2.753972222222222 35.186388888888885 271 3.66 4977 180 45 302
880 2.7548333333333335 35.6675 34 0.42 5255 180 45 289
881 2.7565833333333334 36.16305555555555 204 1.3 14466 180 45 377
882 2.7604444444444445 35.47166666666667 207 2.06 11405 180 45 143
883 2.7644166666666665 35.82944444444445 63 1.13 13078 180 45 381
884 2.766166666666667 35.822500000000005 336 2.06 13219 180 45 215
885 2.765972222222222 35.10666666666667 94 0.98 11724 180 45 363
886 2.765888888888889 33.03916666666667 85 1.02 5254 180 45 101
887 2.7734722222222223 35.027499999999996 124 1.3 8887 180 45 237
888 2.7764444444444445 32.45194444444445 305 2.13 4829 180 45 220
889 2.7765555555555554 35.03916666666667 208 1.52 14002 180 45 120
890 2.7829444444444444 31.892222222222223 198 1.28 4741 180 45 378
891 2.7849999999999997 33.31305555555555 218 2.28 5210 180 45 325
892 2.785333333333333 34.24944444444444 141 1.33 5191 180 45 204
893 2.7872777777777777 33.282222222222224 187 1.76 5325 180 45 77
894 2.798722222222222 34.583333333333336 55 1.17 1608 180 45 179
895 2.8043888888888886 34.418055555555554 357 10.45 5279 180 45 305
896 2.805638888888889 34.1 202 0.84 5214 180 45 239
897 2.8159166666666664 35.46416666666667 194 1.82 5067 180 45 225
898 2.817944444444444 33.05694444444444 234 2.42 9605 180 45 292
899 2.8203611111111107 35.33527777777778 489 3.27 12397 180 45 87
900 2.824472222222222 34.73722222222222 49 0.71 1588 180 45 194
901 2.826472222222222 32.07138888888889 378 1.67 10281 180 45 56
902 2.8273611111111108 35.903055555555554 247 1.28 5262 180 45 152
903 2.827222222222222 34.92805555555555 89 0.7 13479 180 45 429
904 2.827611111111111 34.03333333333333 75 1.36 11661 180 45 110
905 2.8283888888888886 32.020833333333336 112 1.23 7614 180 45 385
906 2.8304444444444443 34.269444444444446 116 1.19 4191 180 45 360
907 2.832222222222222 35.86611111111111 459 2.31 12629 180 45 142
908 2.8458333333333337 33.515 225 1.17 11960 180 45 217
909 2.849388888888889 34.47361111111111 237 1.17 11608 180 45 140
910 2.8531944444444446 35.99 28 0.99 5187 180 45 173
911 2.8590833333333334 31.586944444444445 245 1.43 10655 180 45 294
912 2.860638888888889 35.01861111111111 169 1.05 5251 180 45 254
913 2.8616944444444443 32.105000000000004 43 0.68 1465 180 45 189
914 2.8635 34.15833333333333 127 1.36 5445 180 45 267
915 2.8694722222222224 33.221111111111114 369 2.58 14220 180 45 105
916 2.8698333333333332 35.01138888888889 188 3.56 5070 180 45 386
917 2.87425 33.31916666666667 167 2.0 4888 180 45 255
918 2.884638888888889 31.794722222222223 375 1.77 11610 180 45 256
919 2.888638888888889 31.90611111111111 184 0.93 11519 180 45 131
920 2.8895 31.68305555555556 334 4.25 10570 180 45 320
921 2.896138888888889 35.657777777777774 150 1.18 5266 180 45 607
922 2.904638888888889 34.46666666666667 240 3.71 7336 180 45 282
923 2.905972222222222 31.291666666666668 219 4.4 5441 180 45 186
924 2.9105 35.25861111111111 40 0.94 5133 180 45 131
925 2.9195277777777777 35.998333333333335 179 1.21 8576 180 45 610
926 2.9199166666666665 35.93055555555555 105 0.94 8613 180 45 208
927 2.9215555555555555 32.224722222222226 147 1.07 9535 180 45 280
928 2.929777777777778 33.76611111111111 156 5.87 1548 180 45 216
929 2.9317499999999996 32.34 429 3.24 11298 180 45 293
930 2.9351111111111114 31.289722222222224 202 1.02 10743 180 45 328
931 2.938861111111111 34.04055555555556 49 0.9 5047 180 45 343
932 2.9395833333333337 32.78138888888889 204 1.42 11822 180 45 220
933 2.947 33.6 114 0.9 14328 180 45 257
934 2.9571111111111112 33.243611111111115 424 1.71 11141 180 45 227
935 2.9648333333333334 31.643055555555556 292 2.18 11344 180 45 280
936 2.9674444444444448 32.513888888888886 89 1.33 3609 180 45 159
937 2.967861111111111 35.25833333333333 222 9.72 4851 180 45 127
938 2.972277777777778 32.33916666666667 273 3.62 3642 180 45 176
939 2.9741666666666666 32.96666666666667 121 2.28 3734 180 45 298
940 2.9756666666666667 32.13388888888889 104 0.83 10304 180 45 64
941 2.9795555555555557 35.48777777777778 31 0.38 4867 180 45 233
942 2.9795277777777778 36.094166666666666 203 1.54 8148 180 45 305
943 2.98425 32.62361111111111 566 4.67 11463 180 45 134
944 2.9850833333333333 33.91305555555555 77 5.83 3876 180 45 182
945 2.988472222222222 34.103611111111114 218 1.44 11852 180 45 88
946 3.000583333333333 36.01555555555556 291 1.95 8117 180 45 394
947 3.006111111111111 34.07166666666667 292 2.18 6800 180 45 133
948 3.0083333333333333 34.03805555555555 282 2.61 11926 180 45 219
949 3.0100277777777777 35.180277777777775 417 2.9 5064 180 45 280
950 3.0107222222222223 35.63333333333333 267 2.54 4980 180 45 431
951 3.011388888888889 32.65222222222222 470 1.94 10198 180 45 154
952 3.0191944444444445 36.16166666666666 121 0.95 8207 180 45 413
953 3.0236666666666667 32.0175 175 0.94 5960 180 45 73
954 3.0273055555555555 31.81722222222222 287 5.84 6224 180 45 288
955 3.0289166666666665 35.21222222222222 442 11.58 4946 180 45 42
956 3.0306666666666664 35.48527777777778 47 1.71 4970 180 45 245
957 3.03025 35.10527777777778 407 2.1 4948 180 45 67
958 3.0320555555555555 35.73555555555556 169 5.21 4874 180 45 68
959 3.0348888888888887 36.09666666666667 536 3.32 7892 180 45 282
960 3.03525 33.29861111111111 282 2.99 11484 180 45 559
961 3.0420833333333333 35.77222222222222 274 1.04 12960 180 45 274
962 3.048722222222222 36.11138888888889 46 0.63 7596 180 45 363
963 3.051472222222222 33.695277777777775 34 3.48 215 180 45 210
964 3.05625 35.74805555555556 130 0.75 14064 180 45 103
965 3.062722222222222 31.891666666666666 76 0.59 6203 180 45 263
966 3.0651944444444443 35.99388888888889 153 0.88 7653 180 45 101
967 3.0677222222222222 31.865555555555556 149 0.8 6227 180 45 255
968 3.0695555555555556 35.025555555555556 50 0.57 4246 180 45 130
969 3.086638888888889 35.83111111111111 79 1.01 3834 180 45 140
970 3.088138888888889 34.730555555555554 151 1.5 4352 180 45 244
971 3.093 32.23166666666667 96 1.34 6232 180 45 133
972 3.093388888888889 33.391666666666666 383 8.93 6226 180 45 122
973 3.0996111111111113 31.010833333333334 120 0.89 14197 180 45 760
974 3.1377777777777776 31.481666666666666 238 1.24 11647 180 45 36
975 3.1592777777777776 31.193333333333335 63 1.34 5486 180 45 346
976 3.1696388888888887 31.921944444444446 369 7.21 12163 180 45 542
977 7.492388888888889 31.635833333333334 123 1.04 7948 180 45 319
978 7.508222222222222 32.15138888888889 72 0.65 4734 180 45 70
979 7.523194444444444 31.725277777777777 274 3.87 5019 180 45 144
980 7.556388888888889 31.486666666666668 411 3.54 5028 180 45 136
981 7.5565 31.380833333333335 287 1.51 5030 180 45 663
982 7.561083333333333 31.779444444444444 190 1.63 8007 180 45 239
983 7.562944444444445 31.15722222222222 182 1.09 4737 180 45 240
984 7.567333333333333 32.18944444444444 141 1.45 8032 180 45 312
985 7.573527777777778 31.429722222222225 174 0.96 4747 180 45 226
986 7.5817499999999995 31.2775 311 7.55 4665 180 45 280
987 7.5841666666666665 31.960555555555555 158 0.84 5701 180 45 108
988 7.5913055555555555 31.763333333333332 110 0.51 5002 180 45 134
989 7.612333333333333 31.455555555555556 171 1.24 10868 180 45 235
990 7.630777777777778 32.18722222222222 362 2.41 8123 180 45 115
991 7.633277777777778 31.250555555555554 144 2.01 5735 180 45 370
992 7.666805555555555 32.18555555555555 392 2.24 8327 180 45 301
993 7.669666666666667 32.18722222222222 184 2.35 4074 180 45 242
994 7.669833333333334 31.155555555555555 297 1.66 12462 180 45 187
995 7.6777500000000005 31.103333333333335 254 1.29 12536 180 45 257
996 7.726166666666667 31.535833333333336 158 2.73 3734 180 45 125
997 7.737861111111111 31.648611111111112 469 1.35 4205 180 45 350
998 7.76275 32.10861111111111 261 1.47 8137 180 45 188
999 7.789027777777777 31.040555555555557 263 0.93 12023 180 45 379
1000 7.811277777777778 31.764444444444443 110 0.56 16790 180 45 166
1001 7.835916666666666 31.972499999999997 242 1.35 15969 180 45 162
1002 7.846388888888889 32.10388888888889 68 0.58 5281 180 45 465
1003 7.8990277777777775 31.34611111111111 289 1.1 8333 180 45 147
1004 7.90425 31.274166666666666 73 0.61 8232 180 45 127
1005 7.930416666666667 31.329444444444444 128 0.55 14606 180 45 384
1006 7.955222222222222 31.474166666666665 203 2.16 5272 180 45 320
1007 7.982666666666667 31.554444444444446 118 0.72 5217 180 45 178
1008 7.987916666666667 31.790555555555557 123 1.13 17603 180 45 252
1009 7.989055555555556 31.664166666666667 25 0.5 2338 180 45 626
1010 7.992277777777778 32.02444444444444 119 1.28 3116 180 45 203
1011 7.995916666666667 31.48638888888889 280 1.43 13437 180 45 108
1012 8.03438888888889 31.078333333333333 238 1.28 13900 180 45 236
1013 8.053055555555556 31.169444444444444 347 1.06 11130 180 45 115
1014 8.054222222222222 31.772499999999997 221 1.03 10878 180 45 286
1015 8.09763888888889 31.524166666666666 133 1.37 11933 180 45 235
1016 8.224111111111112 31.942222222222224 215 2.31 4081 180 45 115
1017 8.226833333333333 31.552500000000002 101 0.58 5856 180 45 173
1018 8.229166666666666 31.079166666666666 154 0.67 6568 180 45 281
1019 8.270138888888889 31.435277777777777 232 1.06 6081 180 45 89
1020 8.308083333333334 31.215 103 0.8 11952 180 45 72
1021 8.418111111111111 32.01972222222222 50 1.17 651 180 45 274
1022 8.440305555555556 31.45611111111111 187 0.77 17029 180 45 320
1023 8.45422222222222 31.87611111111111 236 0.91 15150 180 45 202
1024 8.499805555555554 31.035555555555558 214 3.05 14957 180 45 69
1025 8.507444444444445 31.1875 109 1.82 2090 180 45 66
1026 8.516861111111112 31.36861111111111 92 0.73 8250 180 45 289
1027 8.539055555555555 31.186944444444446 182 1.05 9357 180 45 148
1028 8.555250000000001 31.644166666666667 131 0.54 8214 180 45 259
1029 8.561250000000001 31.30527777777778 73 0.83 5490 180 45 379
1030 8.624583333333334 31.11888888888889 130 0.83 14473 180 45 88
1031 8.641583333333333 31.84611111111111 128 1.38 8155 180 45 105
1032 8.643666666666666 31.88 141 0.82 8150 180 45 336
1033 8.65788888888889 31.390555555555554 65 0.71 7726 180 45 131
1034 8.663611111111111 31.678611111111113 26 2.61 612 180 45 250
1035 8.741583333333333 31.360833333333336 142 2.79 2201 180 45 175
1036 8.760361111111111 31.24416666666667 209 0.94 7512 180 45 342
1037 8.775 31.145555555555553 248 1.26 15891 180 45 254
1038 8.789305555555556 31.179166666666667 141 0.93 15583 180 45 131
1039 8.806833333333334 31.24277777777778 111 0.59 9575 180 45 40
1040 8.838694444444444 31.916666666666668 229 1.49 7577 180 45 201
1041 8.862416666666666 31.640833333333333 138 0.88 16544 180 45 262
1042 8.92611111111111 31.210833333333333 158 0.71 2086 180 45 41
1043 8.933694444444445 31.635833333333334 288 1.43 14841 180 45 31
1044 8.937194444444446 31.148611111111112 291 1.13 16352 180 45 269
1045 8.977444444444444 31.4775 94 0.69 7991 180 45 84
1046 8.978944444444444 31.128611111111113 296 1.17 9152 180 45 90
1047 8.9805 31.54888888888889 201 0.95 11923 180 45 197
1048 9.00388888888889 32.0 105 1.29 1970 180 45 223
1049 9.015555555555556 31.99277777777778 135 3.77 1998 180 45 43
1050 9.063444444444444 31.78527777777778 83 0.83 1980 180 45 240
1051 9.173916666666667 31.939722222222223 108 0.6 9777 180 45 166
1052 9.191555555555556 33.848888888888894 247 2.32 8029 180 45 132
1053 9.193444444444445 32.85138888888889 127 3.56 4316 180 45 131
1054 9.200527777777777 31.57638888888889 42 0.37 758 180 45 188
1055 9.214694444444444 31.69388888888889 134 0.89 1896 180 45 160
1056 9.216027777777777 34.07555555555556 344 2.36 9659 180 45 215
1057 9.218027777777777 33.4225 123 1.81 3418 180 45 531
1058 9.220333333333333 31.802500000000002 176 7.0 1895 180 45 307
1059 9.22161111111111 31.361666666666668 245 1.47 12481 180 45 125
1060 9.227944444444445 33.32222222222222 187 3.0 3400 180 45 316
1061 9.233138888888888 33.81805555555556 165 0.95 13025 180 45 372
1062 9.241194444444444 34.07555555555556 340 4.02 14124 180 45 311
1063 9.24186111111111 31.334444444444443 365 2.49 12386 180 45 193
1064 9.257444444444445 31.4025 140 6.13 1874 180 45 522
1065 9.258138888888888 31.81222222222222 227 1.61 12573 180 45 49
1066 9.260194444444444 33.187777777777775 45 0.37 3413 180 45 159
1067 9.2645 32.468333333333334 98 2.09 4279 180 45 200
1068 9.288055555555555 32.019999999999996 402 2.32 14756 180 45 207
1069 9.299138888888889 32.635555555555555 153 0.73 12769 180 45 101
1070 9.303305555555557 33.6575 194 0.78 7474 180 45 118
1071 9.306416666666667 32.88638888888889 183 1.43 7932 180 45 262
1072 9.309305555555556 32.26916666666666 302 1.51 8056 180 45 56
1073 9.309916666666668 34.56083333333333 466 5.35 6347 180 45 259
1074 9.311611111111112 33.40555555555555 196 1.01 12643 180 45 251
1075 9.318305555555556 31.110555555555557 313 1.66 7450 180 45 285
1076 9.320027777777778 35.61222222222222 188 1.12 5278 180 45 493
1077 9.323944444444445 35.87 105 0.87 14254 180 45 245
1078 9.324527777777778 33.664722222222224 163 0.78 7096 180 45 235
1079 9.32488888888889 33.781666666666666 148 0.53 5722 180 45 178
1080 9.32786111111111 33.73361111111111 441 2.9 6106 180 45 236
1081 9.329194444444445 33.53583333333333 134 0.53 6409 180 45 164
1082 9.330027777777778 33.60305555555556 97 0.71 4456 180 45 85
1083 9.33161111111111 32.93944444444444 445 1.33 14809 180 45 237
1084 9.333916666666667 33.1025 409 2.51 6387 180 45 452
1085 9.339611111111111 34.23555555555556 273 0.81 7274 180 45 293
1086 9.342305555555557 35.19972222222222 142 1.14 7474 180 45 124
1087 9.343916666666667 33.0575 317 1.01 6491 180 45 212
1088 9.345972222222223 35.764722222222225 151 1.32 7570 180 45 73
1089 9.346333333333334 33.71416666666667 175 0.83 7209 180 45 320
1090 9.347805555555556 35.85305555555556 136 0.76 7054 180 45 249
1091 9.348194444444445 35.3675 317 4.91 7497 180 45 370
1092 9.36375 33.73694444444445 115 1.2 6864 180 45 296
1093 9.367555555555557 35.439166666666665 187 1.37 7538 180 45 156
1094 9.368 33.864444444444445 223 1.49 7214 180 45 229
1095 9.371 33.939166666666665 207 1.18 6006 180 45 267
1096 9.371527777777779 31.296944444444446 324 1.36 14597 180 45 200
1097 9.378944444444445 33.53527777777778 65 0.54 7631 180 45 210
1098 9.386416666666666 31.439166666666665 367 1.42 12673 180 45 155
1099 9.387972222222222 31.7375 221 1.09 10758 180 45 79
1100 9.387833333333333 34.73583333333333 140 2.43 1577 180 45 118
1101 9.391527777777778 32.75472222222222 210 0.55 7242 180 45 196
1102 9.394583333333333 32.8775 175 0.83 7241 180 45 218
1103 9.3965 35.48583333333333 267 4.52 7950 180 45 195
1104 9.397916666666665 31.535833333333336 246 0.76 4341 180 45 439
1105 9.399916666666666 35.87222222222222 193 1.07 8146 180 45 252
1106 9.4 33.25388888888889 320 1.36 14982 180 45 327
1107 9.406 34.52333333333333 311 2.52 1672 180 45 68
1108 9.40975 34.656666666666666 87 1.25 1841 180 45 253
1109 9.410333333333334 33.60611111111111 111 0.68 12587 180 45 476
1110 9.419166666666666 31.529444444444444 218 0.72 7720 180 45 157
1111 9.421916666666666 34.10333333333333 148 3.47 6752 180 45 206
1112 9.425583333333332 31.7425 132 0.77 7221 180 45 251
1113 9.429194444444445 35.29694444444444 235 0.99 4893 180 45 36
1114 9.42925 34.84805555555556 167 2.46 4875 180 45 595
1115 9.430222222222222 34.27388888888889 127 4.97 1648 180 45 337
1116 9.432944444444443 34.614444444444445 301 2.23 7259 180 45 307
1117 9.433722222222222 34.646388888888886 191 6.47 1624 180 45 201
1118 9.434555555555555 34.89833333333333 137 1.32 4853 180 45 225
1119 9.435777777777778 33.725 48 3.03 537 180 45 305
1120 9.439972222222222 32.9825 247 1.31 13517 180 45 145
1121 9.440305555555556 33.07027777777778 341 1.68 13542 180 45 148
1122 9.443 36.10944444444445 75 1.22 9288 180 45 105
1123 9.461305555555555 34.54388888888889 203 2.76 5199 180 45 409
1124 9.464444444444444 32.651111111111106 360 2.35 8073 180 45 407
1125 9.46725 31.983888888888888 215 0.85 6953 180 45 466
1126 9.475305555555556 34.385 103 1.47 5165 180 45 357
1127 9.478388888888889 35.178888888888885 187 1.6 5410 180 45 311
1128 9.479444444444445 36.013888888888886 68 0.53 9351 180 45 184
1129 9.480055555555555 32.816111111111105 182 1.26 8088 180 45 193
1130 9.484666666666666 34.344166666666666 84 0.9 6869 180 45 195
1131 9.486305555555555 31.604166666666668 293 1.22 13799 180 45 234
1132 9.489888888888888 35.88027777777778 36 1.34 1698 180 45 317
1133 9.491222222222222 31.049444444444447 65 0.47 12730 180 45 98
1134 9.491333333333332 31.95861111111111 224 0.75 12723 180 45 123
1135 9.49386111111111 35.35305555555556 174 2.15 4350 180 45 166
1136 9.498305555555556 31.141944444444444 380 1.17 7626 180 45 268
1137 9.49911111111111 35.50361111111111 181 1.08 7023 180 45 88
1138 9.502361111111112 34.65361111111111 139 1.07 6837 180 45 127
1139 9.521416666666667 35.68472222222222 158 1.05 7956 180 45 122
1140 9.522111111111112 33.43444444444444 191 0.88 15157 180 45 225
1141 9.526194444444446 32.37861111111111 195 0.93 6768 180 45 137
1142 9.529583333333335 34.146388888888886 85 1.02 5239 180 45 120
1143 9.53263888888889 33.19027777777777 226 0.96 12696 180 45 242
1144 9.532722222222223 32.57416666666667 60 0.48 12639 180 45 303
1145 9.533416666666666 32.74861111111111 93 0.86 12584 180 45 187
1146 9.533916666666666 32.22944444444445 50 0.85 4711 180 45 305
1147 9.537166666666666 32.715833333333336 135 1.1 6956 180 45 139
1148 9.538194444444445 35.94555555555555 191 1.36 8165 180 45 105
1149 9.539166666666667 31.055 111 0.92 13767 180 45 165
1150 9.540694444444444 35.69638888888888 171 1.01 6679 180 45 216
1151 9.54213888888889 36.04694444444444 188 0.99 5784 180 45 89
1152 9.542222222222222 35.135555555555555 102 0.85 13293 180 45 149
1153 9.547333333333333 33.64083333333333 180 1.18 8123 180 45 147
1154 9.550055555555556 32.02472222222222 288 1.53 13807 180 45 299
1155 9.561416666666668 31.654999999999998 117 1.4 8106 180 45 204
1156 9.562416666666667 33.599722222222226 67 1.38 1558 180 45 192
1157 9.574277777777777 32.45805555555556 118 0.6 4719 180 45 247
1158 9.576666666666666 31.962777777777777 34 0.47 15355 180 45 268
1159 9.579694444444444 32.143055555555556 141 1.11 4313 180 45 87
1160 9.581194444444444 34.92861111111111 272 1.39 12737 180 45 310
1161 9.586527777777778 32.352222222222224 101 1.42 4276 180 45 201
1162 9.587472222222223 33.98166666666667 362 1.96 8456 180 45 62
1163 9.588805555555556 35.650277777777774 535 1.64 12586 180 45 470
1164 9.589194444444445 35.915277777777774 89 3.06 1542 180 45 78
1165 9.591222222222223 31.72083333333333 262 1.69 8784 180 45 194
1166 9.592305555555557 33.40555555555555 177 1.1 11929 180 45 205
1167 9.593250000000001 34.90972222222222 84 0.83 6570 180 45 411
1168 9.598805555555556 33.77972222222222 33 0.95 6912 180 45 209
1169 9.606388888888889 35.62166666666667 121 1.64 12902 180 45 59
1170 9.607305555555556 31.839444444444442 313 1.5 6749 180 45 264
1171 9.610861111111111 32.85055555555556 40 0.62 6818 180 45 102
1172 9.615222222222222 32.87972222222222 160 0.95 6766 180 45 175
1173 9.615416666666667 35.635555555555555 286 1.62 6657 180 45 121
1174 9.616083333333332 31.002222222222223 109 1.05 6543 180 45 231
1175 9.616333333333333 31.325 294 1.58 8004 180 45 320
1176 9.6175 35.71055555555556 177 1.66 6887 180 45 188
1177 9.61875 33.587500000000006 337 1.23 7934 180 45 199
1178 9.622055555555557 33.82361111111111 439 2.44 6812 180 45 133
1179 9.624861111111112 35.18583333333333 94 0.95 6742 180 45 210
1180 9.625361111111111 32.84583333333334 237 2.44 4365 180 45 579
1181 9.62563888888889 35.59444444444445 326 1.88 6705 180 45 188
1182 9.62738888888889 35.236111111111114 132 3.67 6279 180 45 285
1183 9.6315 35.78666666666666 223 1.04 6734 180 45 297
1184 9.63313888888889 35.20055555555556 169 1.99 6132 180 45 69
1185 9.6335 31.635833333333334 102 1.66 6774 180 45 261
1186 9.640305555555555 32.327222222222225 120 0.71 6634 180 45 118
1187 9.645111111111111 34.719166666666666 322 1.54 12354 180 45 75
1188 9.646305555555555 34.91694444444444 267 2.06 12564 180 45 197
1189 9.647944444444445 34.29833333333333 153 0.86 4329 180 45 318
1190 9.648972222222222 35.68055555555555 167 0.72 6129 180 45 189
1191 9.649944444444444 33.50944444444445 165 0.87 9725 180 45 184
1192 9.651944444444444 33.90138888888889 148 0.78 5707 180 45 577
1193 9.652305555555555 34.01083333333333 243 11.67 4420 180 45 163
1194 9.652777777777779 35.81055555555555 122 0.67 6094 180 45 125
1195 9.655277777777778 32.312777777777775 406 7.4 6693 180 45 167
1196 9.656972222222223 32.369166666666665 299 6.03 6859 180 45 292
1197 9.657861111111112 33.849444444444444 302 4.53 5785 180 45 201
1198 9.668 35.03805555555555 41 1.0 12641 180 45 36
1199 9.67061111111111 31.67527777777778 191 1.09 6650 180 45 407
1200 9.671472222222222 35.01361111111111 158 1.33 12700 180 45 164
1201 9.671805555555554 34.882777777777775 328 1.6 14072 180 45 263
1202 9.672416666666667 34.82055555555556 136 1.16 14084 180 45 256
1203 9.672555555555554 33.82666666666667 381 1.81 11726 180 45 234
1204 9.675444444444445 31.885833333333334 142 0.9 4410 180 45 173
1205 9.680166666666667 32.463055555555556 48 0.29 1288 180 45 275
1206 9.681916666666666 31.746111111111112 264 2.26 6774 180 45 189
1207 9.688027777777778 35.88472222222222 477 10.01 7009 180 45 43
1208 9.68913888888889 31.82777777777778 224 0.89 8001 180 45 324
1209 9.692305555555556 35.62916666666667 114 0.92 5998 180 45 107
1210 9.693138888888889 32.445277777777775 55 0.55 6874 180 45 177
1211 9.697138888888889 33.505833333333335 432 2.6 11257 180 45 124
1212 9.699333333333334 35.37861111111111 251 1.25 11793 180 45 101
1213 9.705944444444444 32.05361111111111 159 1.42 4591 180 45 415
1214 9.708944444444445 33.85166666666667 144 1.02 6588 180 45 294
1215 9.715499999999999 31.850555555555555 303 19.78 1315 180 45 181
1216 9.716805555555556 31.785555555555558 195 1.36 6533 180 45 255
1217 9.716888888888889 33.26305555555555 37 1.48 549 180 45 430
1218 9.718277777777779 33.35166666666667 95 0.57 11492 180 45 62
1219 9.7225 34.76888888888889 221 1.57 14118 180 45 394
1220 9.723555555555556 31.96722222222222 56 1.01 1642 180 45 132
1221 9.725222222222222 34.03666666666666 419 3.78 8523 180 45 200
1222 9.725916666666667 33.45333333333333 33 0.53 514 180 45 146
1223 9.730527777777779 34.99194444444444 129 0.93 6142 180 45 416
1224 9.733194444444445 31.304722222222225 109 1.15 16588 180 45 134
1225 9.735444444444443 34.69833333333333 258 2.12 5980 180 45 316
1226 9.737972222222222 34.050555555555555 98 0.71 12773 180 45 143
1227 9.740277777777777 35.31583333333333 128 0.72 12864 180 45 166
1228 9.740305555555555 34.7025 159 1.98 6008 180 45 199
1229 9.74911111111111 31.099444444444444 348 5.07 10399 180 45 169
1230 9.751027777777777 35.315555555555555 154 1.17 8272 180 45 232
1231 9.751166666666666 35.31333333333333 151 1.16 8271 180 45 133
1232 9.751333333333333 32.23694444444445 29 1.66 537 180 45 104
1233 9.752916666666666 35.78527777777778 181 1.23 6664 180 45 169
1234 9.753861111111112 34.70805555555556 296 1.17 12209 180 45 186
1235 9.756305555555555 36.15694444444444 176 2.64 6537 180 45 248
1236 9.756805555555555 34.62305555555555 394 2.16 12041 180 45 204
1237 9.760833333333334 33.24444444444445 66 0.91 4444 180 45 403
1238 9.762472222222222 36.00611111111111 65 0.62 6696 180 45 222
1239 9.762583333333334 33.86833333333333 203 3.21 6733 180 45 127
1240 9.764444444444445 34.68805555555555 343 3.52 6122 180 45 186
1241 9.768527777777779 33.68527777777778 161 0.85 6702 180 45 335
1242 9.769611111111113 32.8875 265 1.19 11014 180 45 95
1243 9.76977777777778 34.76555555555556 87 0.67 6137 180 45 132
1244 9.772472222222223 34.794444444444444 285 2.53 6611 180 45 40
1245 9.781555555555556 31.779722222222222 26 0.25 1435 180 45 266
1246 9.78561111111111 34.75138888888889 347 2.61 12175 180 45 239
1247 9.789666666666667 34.785 217 5.22 6130 180 45 285
1248 9.794277777777777 35.05888888888889 81 0.59 4689 180 45 387
1249 9.795055555555555 34.94916666666666 86 1.37 4694 180 45 37
1250 9.79525 33.124722222222225 37 0.58 12863 180 45 172
1251 9.799222222222221 32.993611111111115 150 2.87 6600 180 45 224
1252 9.801111111111112 32.88333333333333 86 3.01 1551 180 45 182
1253 9.80775 31.283055555555556 156 1.27 4392 180 45 160
1254 9.809555555555557 33.41833333333333 274 83.49 1480 180 45 91
1255 9.811916666666667 34.38722222222222 27 0.5 11451 180 45 298
1256 9.812944444444446 31.198333333333334 213 0.94 4997 180 45 46
1257 9.816083333333333 33.045833333333334 215 0.97 6614 180 45 187
1258 9.817361111111111 33.98777777777778 83 1.31 1497 180 45 272
1259 9.818194444444444 34.83111111111111 94 0.81 6568 180 45 343
1260 9.820888888888888 35.0375 294 5.12 4685 180 45 169
1261 9.822555555555555 35.175555555555555 195 0.75 4576 180 45 438
1262 9.826527777777777 34.43805555555555 103 9.0 1479 180 45 149
1263 9.82825 35.18111111111111 117 0.81 6097 180 45 119
1264 9.828555555555555 32.21555555555556 148 1.87 1548 180 45 370
1265 9.834722222222222 31.733055555555556 175 0.81 5024 180 45 109
1266 9.836333333333334 34.41583333333333 221 3.64 6581 180 45 132
1267 9.839444444444444 36.090833333333336 81 0.54 6554 180 45 182
1268 9.839666666666668 31.485833333333336 80 16.65 520 180 45 393
1269 9.842583333333334 34.10055555555556 180 1.88 6543 180 45 196
1270 9.849222222222222 33.55138888888889 247 15.06 1537 180 45 221
1271 9.84988888888889 35.20888888888889 143 1.72 4724 180 45 449
1272 9.852805555555555 33.128055555555555 104 2.03 1564 180 45 195
1273 9.85688888888889 35.75194444444445 161 2.65 8156 180 45 79
1274 9.857944444444444 32.93583333333333 142 4.64 1470 180 45 292
1275 9.860277777777778 35.708333333333336 207 1.68 8268 180 45 235
1276 9.862694444444443 35.626111111111115 273 2.26 8162 180 45 226
1277 9.867555555555557 35.30583333333333 36 0.64 11666 180 45 137
1278 9.870138888888889 33.44944444444444 262 1.47 8083 180 45 59
1279 9.871333333333334 33.05833333333333 363 1.07 8155 180 45 132
1280 9.874861111111112 32.4675 38 0.81 4478 180 45 353
1281 9.886583333333332 32.093333333333334 131 0.71 14933 180 45 346
1282 9.888638888888888 36.0825 88 2.6 5417 180 45 193
1283 9.895666666666667 34.76277777777778 294 1.26 14509 180 45 117
1284 9.895916666666666 34.44972222222222 233 1.99 8808 180 45 300
1285 9.895916666666666 33.17194444444444 87 0.58 1538 180 45 502
1286 9.896555555555555 31.390277777777776 225 0.89 13170 180 45 185
1287 9.899944444444444 34.32277777777778 224 1.5 11960 180 45 132
1288 9.903861111111112 34.14527777777778 138 3.42 8147 180 45 229
1289 9.90488888888889 33.38611111111111 166 0.88 8557 180 45 192
1290 9.908805555555556 32.05916666666666 87 0.44 1421 180 45 359
1291 9.918972222222221 36.14277777777778 158 1.03 8318 180 45 271
1292 9.919888888888888 31.488611111111112 274 1.12 6422 180 45 194
1293 9.923388888888889 35.861111111111114 238 1.08 12472 180 45 266
1294 9.923638888888888 33.26083333333333 102 4.45 1412 180 45 228
1295 9.93025 32.42777777777778 335 1.54 6491 180 45 231
1296 9.931416666666665 35.96555555555556 364 1.75 12736 180 45 211
1297 9.936805555555555 35.88638888888889 297 1.59 13180 180 45 161
1298 9.940861111111111 35.52861111111111 225 2.1 8178 180 45 175
1299 9.956194444444444 36.083333333333336 376 1.88 12687 180 45 50
1300 9.95836111111111 34.11527777777778 135 0.77 5247 180 45 340
1301 9.959055555555555 33.61638888888889 176 4.43 1464 180 45 415
1302 9.959333333333333 36.02638888888889 76 0.77 13600 180 45 156
1303 9.959916666666667 36.06861111111112 202 2.82 5719 180 45 107
1304 9.962194444444444 36.06305555555555 436 2.83 8016 180 45 171
1305 9.962138888888887 32.83166666666667 334 1.25 8453 180 45 129
1306 9.965138888888887 33.920833333333334 409 2.89 15221 180 45 165
1307 9.965416666666666 33.175 267 1.03 11084 180 45 38
1308 9.966694444444444 32.23861111111111 102 3.05 4486 180 45 232
1309 9.969444444444445 34.00222222222222 193 1.22 11350 180 45 185
1310 9.973305555555555 32.36527777777778 277 6.77 1467 180 45 241
1311 9.974416666666666 32.81666666666667 78 0.79 4588 180 45 222
1312 9.978472222222223 35.65555555555555 341 1.89 7474 180 45 288
1313 9.97936111111111 31.483888888888888 166 1.62 6308 180 45 266
1314 9.980361111111112 35.09777777777778 182 1.34 9046 180 45 223
1315 9.98086111111111 32.068333333333335 234 2.62 7819 180 45 164
1316 9.98236111111111 31.620833333333334 225 1.84 6477 180 45 253
1317 9.983833333333333 33.49166666666667 175 0.9 14757 180 45 252
1318 9.986166666666666 36.03916666666667 36 0.51 550 180 45 194
1319 9.98636111111111 32.5125 277 1.19 6465 180 45 121
1320 9.987333333333332 31.70888888888889 33 0.64 6437 180 45 285
1321 9.98847222222222 35.31805555555556 193 1.75 5921 180 45 104
1322 9.99061111111111 31.842777777777776 77 0.72 11677 180 45 83
1323 9.994083333333332 34.30722222222222 346 1.91 6346 180 45 164
1324 9.994666666666665 35.39416666666666 132 12.56 5145 180 45 170
1325 9.999749999999999 33.41361111111111 223 1.17 14982 180 45 238
1326 10.00211111111111 34.17111111111111 214 1.39 5110 180 45 84
1327 10.0085 35.16638888888889 159 1.6 5873 180 45 267
1328 10.01013888888889 33.939166666666665 157 1.59 5043 180 45 228
1329 10.013666666666667 35.47972222222222 391 1.93 11416 180 45 126
1330 10.022611111111113 31.246666666666666 104 0.86 8338 180 45 315
1331 10.028555555555556 35.05972222222222 81 0.7 12647 180 45 262
1332 10.028583333333334 33.13027777777778 151 11.25 1458 180 45 257
1333 10.033305555555556 32.88138888888889 151 1.15 6329 180 45 153
1334 10.035388888888889 35.43666666666666 131 0.84 11702 180 45 276
1335 10.037277777777778 33.85388888888889 235 1.23 5180 180 45 252
1336 10.037666666666667 34.32527777777778 132 1.16 6009 180 45 324
1337 10.038638888888888 34.23583333333333 76 0.73 8134 180 45 177
1338 10.042694444444445 34.93888888888888 351 1.85 11521 180 45 147
1339 10.047527777777777 34.07555555555556 178 0.75 12919 180 45 95
1340 10.049194444444444 35.24527777777778 212 1.1 8144 180 45 241
1341 10.050166666666668 33.695277777777775 181 1.17 5266 180 45 129
1342 10.05175 33.03777777777778 289 2.95 8595 180 45 241
1343 10.053083333333333 32.60416666666667 81 1.2 1490 180 45 411
1344 10.058944444444446 33.74138888888889 111 1.0 6180 180 45 319
1345 10.064333333333334 33.39972222222222 204 1.31 5194 180 45 134
1346 10.06725 31.050555555555555 96 0.73 6671 180 45 150
1347 10.067944444444445 31.185 217 5.57 6204 180 45 290
1348 10.073083333333333 32.530833333333334 76 1.47 1448 180 45 222
1349 10.073444444444444 31.0375 269 2.52 6508 180 45 84
1350 10.08088888888889 35.11555555555556 179 1.3 11783 180 45 89
1351 10.081805555555555 31.34861111111111 222 1.03 6311 180 45 431
1352 10.084277777777778 31.788611111111113 115 0.67 6246 180 45 291
1353 10.086611111111111 31.430833333333336 260 1.08 14922 180 45 131
1354 10.093527777777778 36.036944444444444 300 1.19 11832 180 45 300
1355 10.098055555555556 31.734722222222224 185 1.19 14725 180 45 137
1356 10.102 31.564722222222223 52 0.81 14937 180 45 328
1357 10.108277777777777 32.940555555555555 177 8.5 1357 180 45 128
1358 10.119777777777779 33.020833333333336 208 19.15 1342 180 45 251
1359 10.120111111111111 32.67777777777778 265 1.73 8621 180 45 128
1360 10.120805555555556 31.05777777777778 102 0.86 15094 180 45 361
1361 10.122722222222222 31.3625 198 1.08 6408 180 45 189
1362 10.130222222222223 31.89638888888889 195 1.64 5308 180 45 250
1363 10.13025 34.31333333333333 206 1.29 6138 180 45 424
1364 10.132333333333333 35.013333333333335 241 1.76 8104 180 45 323
1365 10.139 31.86722222222222 568 8.34 5166 180 45 232
1366 10.141083333333333 33.34916666666667 242 2.61 8713 180 45 174
1367 10.145916666666666 31.11888888888889 537 2.18 15021 180 45 181
1368 10.148361111111111 32.538333333333334 179 3.7 5932 180 45 239
1369 10.149638888888889 32.01277777777778 103 1.61 1451 180 45 186
1370 10.150333333333334 32.49805555555556 149 6.55 5894 180 45 166
1371 10.154277777777779 32.617777777777775 123 3.15 5802 180 45 126
1372 10.162805555555556 32.211111111111116 343 1.23 15237 180 45 82
1373 10.171416666666666 32.27777777777778 105 7.46 1456 180 45 131
1374 10.176194444444445 35.242222222222225 153 1.38 11508 180 45 456
1375 10.179027777777778 33.26222222222222 29 0.73 8175 180 45 214
1376 10.179833333333333 33.288888888888884 357 2.24 8259 180 45 122
1377 10.182527777777777 32.2175 72 0.93 6302 180 45 240
1378 10.184972222222223 35.70583333333334 98 0.69 8233 180 45 152
1379 10.202333333333332 34.780833333333334 240 1.4 11538 180 45 134
1380 10.206916666666666 35.57416666666667 155 1.27 10960 180 45 159
1381 10.210055555555554 35.92611111111111 144 0.89 10599 180 45 68
1382 10.212638888888888 31.01638888888889 53 0.78 5316 180 45 292
1383 10.213055555555554 35.907222222222224 75 0.79 12033 180 45 142
1384 10.219 35.31027777777778 380 2.39 11404 180 45 76
1385 10.223277777777778 31.74277777777778 204 1.62 7870 180 45 137
1386 10.224 33.270833333333336 170 0.78 10980 180 45 243
1387 10.22488888888889 35.952222222222225 238 1.19 11669 180 45 257
1388 10.225666666666667 35.73222222222223 172 1.2 11984 180 45 206
1389 10.229222222222223 31.797777777777778 342 1.38 7987 180 45 278
1390 10.236166666666666 34.335 200 1.13 11421 180 45 161
1391 10.239083333333333 35.876666666666665 151 1.81 4363 180 45 212
1392 10.242194444444443 35.84 245 1.32 10363 180 45 308
1393 10.249388888888888 35.42944444444444 256 1.46 11838 180 45 169
1394 10.259055555555555 32.513333333333335 265 1.62 8723 180 45 208
1395 10.266694444444445 34.13777777777778 174 1.93 11357 180 45 148
1396 10.272 35.98861111111111 261 1.29 14746 180 45 121
1397 10.28375 35.533055555555556 153 0.92 11314 180 45 152
1398 10.285944444444445 33.848333333333336 31 0.42 1369 180 45 468
1399 10.296888888888889 35.674166666666665 190 1.08 11355 180 45 326
1400 10.307055555555555 35.06638888888889 44 0.65 10371 180 45 147
1401 10.307666666666668 34.63194444444444 466 1.95 10677 180 45 110
1402 10.312277777777778 34.836666666666666 170 1.1 10548 180 45 377
1403 10.315305555555556 35.086666666666666 284 1.96 10473 180 45 167
1404 10.318944444444444 34.67583333333333 253 8.59 4516 180 45 49
1405 10.3225 31.93277777777778 117 0.91 7014 180 45 73
1406 10.326055555555556 35.67666666666666 74 1.01 11351 180 45 112
1407 10.331055555555555 33.37222222222222 236 2.26 7060 180 45 186
1408 10.332333333333333 35.22666666666667 103 0.89 10350 180 45 72
1409 10.334166666666667 32.16777777777777 80 1.04 6499 180 45 223
1410 10.346666666666668 32.20111111111111 99 0.48 9679 180 45 410
1411 10.35436111111111 35.66722222222222 406 2.58 11302 180 45 307
1412 10.358944444444445 35.014722222222225 154 1.67 10359 180 45 143
1413 10.364527777777777 35.06944444444445 385 2.48 10426 180 45 293
1414 10.370694444444444 31.952222222222222 302 1.5 9734 180 45 296
1415 10.39311111111111 33.08166666666667 245 0.67 11222 180 45 248
1416 10.394833333333333 33.769444444444446 222 3.96 10001 180 45 446
1417 10.395833333333332 33.495555555555555 84 2.71 4491 180 45 205
1418 10.397194444444445 33.800555555555555 234 3.66 10163 180 45 201
1419 10.398249999999999 31.61916666666667 410 1.55 8824 180 45 261
1420 10.410944444444445 36.00611111111111 36 0.63 13098 180 45 293
1421 10.412027777777778 34.65472222222222 432 1.87 11103 180 45 75
1422 10.414 32.026944444444446 309 1.79 7061 180 45 167
1423 10.415305555555555 32.713055555555556 159 1.89 4465 180 45 215
1424 10.420138888888888 35.50055555555556 95 0.97 16232 180 45 83
1425 10.43538888888889 33.555 109 0.75 8156 180 45 78
1426 10.442361111111111 31.483333333333334 113 0.63 11021 180 45 87
1427 10.445111111111112 32.26916666666666 35 0.82 4479 180 45 204
1428 10.44688888888889 34.928888888888885 327 6.32 6663 180 45 464
1429 10.449166666666667 33.4225 276 1.65 11248 180 45 457
1430 10.459694444444443 31.591666666666665 81 0.47 13539 180 45 343
1431 10.467333333333334 32.76777777777777 266 1.41 6507 180 45 152
1432 10.467527777777779 33.92527777777777 148 1.01 11069 180 45 68
1433 10.468861111111112 31.22111111111111 229 1.17 13562 180 45 503
1434 10.474027777777778 32.90472222222222 72 0.53 11295 180 45 226
1435 10.486583333333332 33.27333333333333 105 1.11 13083 180 45 225
1436 10.505055555555556 31.287222222222223 28 0.6 4467 180 45 235
1437 10.50825 32.208333333333336 91 0.76 7341 180 45 277
1438 10.513638888888888 32.257222222222225 165 1.42 6467 180 45 138
1439 10.51975 34.50388888888889 30 3.75 1496 180 45 115
1440 10.524805555555556 32.62416666666667 134 0.78 6508 180 45 76
1441 10.525472222222223 32.365 400 2.89 10836 180 45 188
1442 10.526527777777778 35.98277777777778 262 1.22 13267 180 45 263
1443 10.531472222222224 31.84722222222222 216 1.26 5692 180 45 137
1444 10.53411111111111 32.28111111111111 89 0.61 6599 180 45 386
1445 10.536861111111111 33.915 47 0.58 10959 180 45 75
1446 10.55038888888889 32.08388888888889 102 0.69 7433 180 45 460
1447 10.552444444444445 32.06916666666667 210 1.03 10989 180 45 210
1448 10.55313888888889 33.2625 494 1.93 12803 180 45 73
1449 10.553694444444446 31.42138888888889 127 1.04 3794 180 45 189
1450 10.555972222222223 33.187777777777775 157 0.87 12687 180 45 39
1451 10.556777777777778 31.046944444444446 237 1.58 12946 180 45 134
1452 10.563527777777779 31.982777777777777 179 0.96 7382 180 45 230
1453 10.575305555555556 35.255833333333335 144 3.87 1522 180 45 157
1454 10.577055555555555 31.71972222222222 89 0.89 6420 180 45 207
1455 10.579944444444445 35.64555555555555 39 0.51 908 180 45 358
1456 10.5815 32.65861111111111 144 0.92 9900 180 45 203
1457 10.589500000000001 31.5325 44 0.5 6399 180 45 158
1458 10.592666666666668 34.58694444444445 178 1.41 10899 180 45 346
1459 10.593277777777779 31.94388888888889 197 1.07 10604 180 45 202
1460 10.594833333333334 31.674444444444447 42 0.89 10177 180 45 148
1461 10.60911111111111 33.41638888888889 273 1.46 11470 180 45 164
1462 10.610555555555555 35.05888888888889 351 6.26 6786 180 45 446
1463 10.612194444444444 31.54416666666667 102 12.61 582 180 45 148
1464 10.618333333333334 31.7825 117 0.67 6496 180 45 247
1465 10.627972222222223 33.93833333333333 158 0.86 17527 180 45 237
1466 10.63 35.16 47 0.88 9941 180 45 289
1467 10.636833333333334 33.88805555555555 148 0.97 6640 180 45 139
1468 10.636916666666666 33.19972222222222 43 1.15 6648 180 45 150
1469 10.648666666666665 34.60777777777778 84 0.92 6647 180 45 139
1470 10.650305555555557 33.47527777777778 29 0.89 7709 180 45 292
1471 10.65313888888889 32.634166666666665 161 1.12 12526 180 45 130
1472 10.65375 31.113055555555558 210 1.43 5661 180 45 116
1473 10.654583333333333 32.91861111111111 274 0.97 10890 180 45 349
1474 10.657472222222223 34.30027777777777 122 0.71 6699 180 45 217
1475 10.66211111111111 32.18083333333333 240 0.79 12628 180 45 299
1476 10.680916666666667 31.724444444444444 257 1.07 12422 180 45 128
1477 10.684527777777777 31.190833333333334 23 0.35 17431 180 45 321
1478 10.688333333333334 31.771944444444443 78 0.49 10311 180 45 321
1479 10.694166666666668 33.72166666666667 296 3.37 6677 180 45 65
1480 10.71225 34.45666666666667 72 49.77 630 180 45 233
1481 10.71813888888889 35.314166666666665 92 0.72 6688 180 45 80
1482 10.726305555555555 33.650555555555556 262 2.03 6695 180 45 232
1483 10.732027777777779 33.46 189 1.01 8563 180 45 52
1484 10.732472222222222 34.362500000000004 64 0.62 10638 180 45 234
1485 10.732611111111112 31.13222222222222 216 0.76 10155 180 45 134
1486 10.738972222222221 31.210833333333333 93 0.55 6500 180 45 203
1487 10.746305555555555 31.490555555555556 381 1.02 13269 180 45 288
1488 10.746777777777776 35.143055555555556 446 2.55 8563 180 45 234
1489 10.755055555555556 35.83972222222222 246 1.48 10624 180 45 238
1490 10.766583333333333 34.96416666666667 230 6.63 1989 180 45 313
1491 10.773666666666667 32.300555555555555 178 0.58 10505 180 45 63
1492 10.797888888888888 33.73027777777778 134 4.69 1642 180 45 179
1493 10.799527777777778 33.933611111111105 135 2.17 6854 180 45 507
1494 10.801694444444445 32.703611111111115 235 1.09 13284 180 45 155
1495 10.80263888888889 33.74027777777778 108 3.15 1644 180 45 364
1496 10.80325 33.192499999999995 166 1.52 6743 180 45 280
1497 10.807 34.70583333333334 70 14.96 1634 180 45 106
1498 10.807250000000002 31.4 284 1.13 13519 180 45 61
1499 10.814916666666667 31.379722222222224 484 1.95 13587 180 45 84
1500 10.823833333333333 32.778055555555554 143 8.48 1637 180 45 319
1501 10.824861111111112 32.888888888888886 33 6.05 1585 180 45 145
1502 10.825194444444444 33.16222222222222 248 0.78 13397 180 45 272
1503 10.826611111111111 31.552500000000002 269 1.47 13482 180 45 151
1504 10.831027777777777 32.981388888888894 186 32.93 1614 180 45 346
1505 10.833583333333333 31.91 87 11.19 1607 180 45 256
1506 10.837833333333334 32.765 160 3.66 1682 180 45 389
1507 10.8405 34.86138888888889 219 1.14 10404 180 45 247
1508 10.845277777777778 31.860833333333336 101 3.05 3191 180 45 105
1509 10.851055555555556 36.17944444444444 343 3.07 7109 180 45 459
1510 10.85625 32.76305555555555 156 15.23 642 180 45 62
1511 10.861944444444443 33.17055555555555 80 0.46 9459 180 45 240
1512 10.864444444444445 32.90861111111111 264 16.45 1540 180 45 218
1513 10.869583333333333 32.94416666666666 337 44.63 1584 180 45 165
1514 10.86963888888889 33.63333333333333 117 1.13 1608 180 45 310
1515 10.87275 32.63305555555556 123 1.28 1530 180 45 248
1516 10.877472222222222 33.2325 313 1.27 13482 180 45 158
1517 10.877666666666666 34.47277777777778 204 3.2 1579 180 45 102
1518 10.880194444444445 32.88166666666667 47 0.38 1335 180 45 191
1519 10.885777777777777 33.915 130 3.62 1729 180 45 184
1520 10.888333333333334 31.850833333333334 288 1.67 10561 180 45 263
1521 10.894416666666666 34.0375 187 3.86 1862 180 45 46
1522 10.903444444444444 32.41972222222222 107 1.94 6728 180 45 106
1523 10.90536111111111 35.97 121 0.76 12979 180 45 227
1524 10.907694444444445 35.96083333333333 376 3.29 7199 180 45 133
1525 10.910277777777779 33.875 169 1.13 12300 180 45 220
1526 10.93425 31.264444444444443 425 1.42 6607 180 45 78
1527 10.936277777777779 32.718611111111116 81 0.42 13365 180 45 56
1528 10.939388888888889 31.271944444444443 44 0.63 1268 180 45 55
1529 10.944 35.38638888888889 107 0.81 7548 180 45 149
1530 10.944916666666668 36.143055555555556 60 2.57 567 180 45 224
1531 10.946972222222222 31.099444444444444 47 0.32 1650 180 45 235
1532 10.956305555555554 34.67027777777778 52 0.47 7587 180 45 334
1533 10.960472222222222 35.16777777777777 67 0.79 7616 180 45 105
1534 10.960777777777777 33.14833333333333 160 1.1 12679 180 45 244
1535 10.962027777777777 35.75083333333333 314 1.66 12978 180 45 410
1536 10.963638888888887 31.441666666666666 304 1.13 10420 180 45 192
1537 10.97713888888889 32.466944444444444 339 1.04 12442 180 45 299
1538 10.978777777777777 33.54222222222222 91 1.1 10311 180 45 108
1539 10.996388888888887 33.38861111111111 122 6.01 1850 180 45 235
1540 10.998333333333333 32.058055555555555 378 1.63 12255 180 45 150
1541 11.009361111111112 35.628055555555555 301 2.22 9020 180 45 232
1542 11.031527777777779 35.12 159 1.53 10507 180 45 202
1543 11.03475 33.57083333333334 182 0.77 8691 180 45 236
1544 11.03813888888889 33.43416666666666 127 0.64 8637 180 45 134
1545 11.040416666666667 35.33416666666667 148 0.86 7368 180 45 150
1546 11.043166666666666 32.22916666666667 141 2.07 1950 180 45 543
1547 11.048388888888889 35.24027777777778 223 1.64 9482 180 45 396
1548 11.048527777777778 32.87138888888889 245 1.21 10442 180 45 144
1549 11.049805555555555 31.383888888888887 209 1.05 13911 180 45 167
1550 11.062055555555556 31.865833333333335 523 2.2 13977 180 45 65
1551 11.066638888888889 32.507777777777775 99 1.03 8676 180 45 163
1552 11.068 35.60861111111111 334 2.14 12975 180 45 346
1553 11.073194444444445 36.09805555555556 55 0.79 766 180 45 305
1554 11.077416666666666 31.066111111111113 155 0.84 6926 180 45 113
1555 11.07936111111111 32.121944444444445 66 0.58 1845 180 45 537
1556 11.080833333333333 33.065555555555555 238 2.43 8162 180 45 122
1557 11.085055555555556 35.365 429 4.84 7476 180 45 195
1558 11.090805555555557 32.01361111111111 197 1.11 11917 180 45 217
1559 11.10325 32.263888888888886 235 2.8 8316 180 45 36
1560 11.104333333333333 33.63444444444444 253 1.63 13338 180 45 294
1561 11.11211111111111 31.732777777777777 169 1.07 8354 180 45 201
1562 11.114305555555555 31.893055555555556 224 1.12 11759 180 45 356
1563 11.125722222222223 34.13722222222222 153 0.76 12938 180 45 218
1564 11.125777777777778 35.45888888888889 358 2.32 8488 180 45 479
1565 11.126444444444445 33.97138888888889 185 0.65 13242 180 45 110
1566 11.132722222222222 35.46027777777778 332 3.88 8596 180 45 499
1567 11.134972222222222 31.763055555555557 129 0.77 8407 180 45 490
1568 11.136999999999999 36.124722222222225 169 0.93 8359 180 45 211
1569 11.139472222222222 31.18611111111111 222 1.46 10518 180 45 96
1570 11.139861111111111 35.86416666666667 146 1.69 8630 180 45 136
1571 11.141083333333333 33.65333333333333 274 1.34 13034 180 45 270
1572 11.14575 36.16972222222222 71 0.85 8177 180 45 297
1573 11.148388888888888 31.372777777777777 257 1.63 13904 180 45 555
1574 11.148722222222222 31.88722222222222 198 1.22 14550 180 45 334
1575 11.150527777777778 35.93833333333333 26 0.39 1752 180 45 115
1576 11.151361111111111 33.95055555555556 218 2.11 6342 180 45 194
1577 11.154277777777779 31.548333333333336 399 1.26 14239 180 45 448
1578 11.158194444444446 34.388333333333335 38 0.6 15042 180 45 270
1579 11.163166666666667 32.43861111111111 412 2.1 13583 180 45 202
1580 11.173694444444443 35.532777777777774 213 1.72 9167 180 45 184
1581 11.179666666666666 32.35027777777778 173 0.94 13431 180 45 458
1582 11.184583333333334 34.571111111111115 87 4.39 1960 180 45 109
1583 11.188055555555556 35.400555555555556 236 0.94 7491 180 45 281
1584 11.196416666666666 32.37888888888889 376 1.93 13413 180 45 78
1585 11.207055555555554 31.3775 187 1.45 12383 180 45 210
1586 11.20836111111111 31.384722222222223 563 2.72 8373 180 45 248
1587 11.209055555555555 31.982777777777777 360 2.62 11175 180 45 244
1588 11.229111111111111 35.48388888888889 48 0.99 1764 180 45 90
1589 11.23011111111111 31.308611111111112 191 1.07 11316 180 45 282
1590 11.238138888888889 34.15416666666667 225 1.33 8180 180 45 103
1591 11.241138888888887 34.07055555555556 270 1.38 7247 180 45 282
1592 11.248527777777777 35.49 479 2.43 6414 180 45 203
1593 11.249194444444443 33.82694444444445 266 3.59 11073 180 45 250
1594 11.258055555555556 31.25138888888889 333 1.6 10280 180 45 186
1595 11.258472222222222 33.72638888888889 152 0.72 7232 180 45 317
1596 11.270194444444446 32.4475 79 0.96 7406 180 45 280
1597 11.273138888888889 34.02055555555555 138 0.85 10206 180 45 66
1598 11.278166666666667 31.86388888888889 204 1.72 8702 180 45 400
1599 11.277972222222223 33.64055555555556 215 0.74 7375 180 45 287
1600 11.285638888888888 31.680555555555557 166 1.03 7559 180 45 166
1601 11.2895 31.249722222222225 124 2.23 2133 180 45 235
1602 11.29288888888889 36.06583333333333 124 3.37 7748 180 45 96
1603 11.298916666666667 34.007222222222225 367 1.76 10687 180 45 59
1604 11.29963888888889 32.01861111111111 246 1.29 12439 180 45 156
1605 11.301833333333335 31.154999999999998 140 1.18 10305 180 45 113
1606 11.30225 31.902777777777775 138 1.45 8221 180 45 353
1607 11.305333333333333 32.17472222222222 167 0.95 9962 180 45 116
1608 11.308111111111112 33.285555555555554 343 1.68 8303 180 45 184
1609 11.311 33.49916666666667 268 1.19 11247 180 45 168
1610 11.313611111111111 31.952222222222222 113 1.53 7146 180 45 321
1611 11.317333333333334 33.00055555555556 225 1.36 7358 180 45 214
1612 11.318527777777778 36.126111111111115 353 1.81 11817 180 45 306
1613 11.318944444444444 31.02722222222222 157 0.71 14019 180 45 171
1614 11.320638888888888 32.989444444444445 91 1.1 12012 180 45 175
1615 11.324222222222222 33.61055555555556 423 1.28 11117 180 45 44
1616 11.331833333333334 35.795833333333334 281 1.69 10389 180 45 306
1617 11.333527777777778 36.10333333333333 392 2.7 7552 180 45 76
1618 11.334833333333334 31.598333333333333 41 0.69 13807 180 45 79
1619 11.335083333333333 32.52777777777778 275 1.3 10022 180 45 358
1620 11.339500000000001 32.49916666666667 54 0.51 12382 180 45 210
1621 11.343111111111112 33.096111111111114 543 2.12 10555 180 45 101
1622 11.344750000000001 31.22111111111111 188 7.66 2180 180 45 176
1623 11.346250000000001 33.42583333333333 92 0.56 10624 180 45 184
1624 11.346916666666667 32.300555555555555 457 1.66 8349 180 45 187
1625 11.347138888888889 34.405833333333334 242 1.23 10649 180 45 191
1626 11.350583333333333 31.61277777777778 140 0.65 7122 180 45 266
1627 11.351611111111112 33.52111111111111 215 1.08 12762 180 45 175
1628 11.351916666666666 31.25027777777778 239 3.95 7132 180 45 212
1629 11.352055555555555 35.45 122 1.63 2461 180 45 258
1630 11.353694444444445 31.385833333333334 168 0.87 13036 180 45 333
1631 11.35613888888889 33.72916666666667 194 0.97 12580 180 45 123
1632 11.35825 31.935555555555556 119 0.71 13671 180 45 131
1633 11.360916666666666 34.50416666666667 103 0.78 10816 180 45 272
1634 11.361722222222221 34.93 149 0.91 10435 180 45 211
1635 11.362416666666666 34.315555555555555 195 1.39 8395 180 45 222
1636 11.366083333333332 35.72972222222222 286 1.67 7650 180 45 892
1637 11.366305555555556 34.94833333333333 166 3.68 2035 180 45 259
1638 11.370444444444445 35.00861111111111 298 1.55 10615 180 45 158
1639 11.371916666666667 32.659444444444446 153 0.81 8303 180 45 63
1640 11.378055555555555 32.390277777777776 335 1.21 10093 180 45 217
1641 11.384333333333332 34.4825 408 2.62 6358 180 45 212
1642 11.386027777777777 34.484722222222224 246 2.02 6443 180 45 224
1643 11.386111111111111 35.68555555555555 165 2.25 7419 180 45 404
1644 11.38738888888889 34.386944444444445 243 1.46 10634 180 45 255
1645 11.39611111111111 36.1675 322 2.35 7593 180 45 152
1646 11.398638888888888 35.98861111111111 355 1.32 11596 180 45 217
1647 11.402666666666667 32.67388888888889 230 0.57 10229 180 45 199
1648 11.403638888888889 34.43527777777778 155 1.11 10570 180 45 250
1649 11.409916666666668 34.534166666666664 108 0.63 12451 180 45 167
1650 11.411972222222223 33.85722222222223 117 0.56 10256 180 45 170
1651 11.413638888888888 35.138888888888886 117 0.83 10193 180 45 207
1652 11.417222222222222 34.56361111111111 127 2.02 2106 180 45 248
1653 11.418166666666666 35.62638888888889 47 0.65 2544 180 45 154
1654 11.420805555555555 32.27027777777778 284 2.24 13243 180 45 261
1655 11.424583333333333 32.24888888888889 194 1.4 12959 180 45 301
1656 11.426166666666665 35.3675 103 1.8 9763 180 45 150
1657 11.426694444444443 32.323888888888895 533 2.48 10297 180 45 75
1658 11.427138888888889 32.355000000000004 39 0.57 10055 180 45 355
1659 11.429555555555554 33.80333333333333 105 1.92 10247 180 45 198
1660 11.430555555555555 33.661944444444444 104 1.55 7325 180 45 310
1661 11.443472222222223 35.41305555555555 329 1.42 10579 180 45 290
1662 11.448194444444445 33.11222222222222 171 1.78 8409 180 45 91
1663 11.450805555555554 35.840833333333336 109 0.51 6413 180 45 152
1664 11.455416666666666 33.91416666666667 172 1.32 6292 180 45 34
1665 11.459805555555555 36.06194444444444 577 2.34 10337 180 45 101
1666 11.465055555555555 34.93888888888888 338 1.49 11967 180 45 146
1667 11.465666666666666 35.94027777777777 64 1.15 1925 180 45 111
1668 11.4685 31.16361111111111 65 0.71 15330 180 45 102
1669 11.475472222222223 34.858333333333334 386 2.4 10068 180 45 52
1670 11.475583333333333 35.12555555555556 281 1.67 12648 180 45 76
1671 11.477555555555556 31.04388888888889 119 0.6 15375 180 45 120
1672 11.487055555555555 35.46194444444445 168 1.36 10305 180 45 179
1673 11.48736111111111 31.927222222222223 67 1.61 10042 180 45 174
1674 11.487916666666665 35.57527777777778 424 4.93 10268 180 45 163
1675 11.49011111111111 34.87861111111111 154 8.1 2534 180 45 117
1676 11.492888888888888 35.384166666666665 121 0.68 9226 180 45 266
1677 11.494083333333332 35.51027777777778 253 1.33 9104 180 45 179
1678 11.49775 33.32833333333333 249 0.72 13186 180 45 208
1679 11.502722222222221 36.01444444444444 127 1.89 2502 180 45 37
1680 11.502944444444445 35.86333333333334 139 4.45 2222 180 45 285
1681 11.505583333333334 32.01027777777778 30 0.65 13366 180 45 185
1682 11.508027777777778 35.861666666666665 163 1.34 9686 180 45 118
1683 11.509222222222222 33.56916666666667 218 1.52 10351 180 45 334
1684 11.519055555555557 35.59055555555556 130 3.21 1906 180 45 86
1685 11.519805555555557 33.405277777777776 53 1.22 2552 180 45 235
1686 11.520138888888889 34.202222222222225 237 6.16 6307 180 45 107
1687 11.523722222222222 35.94833333333333 163 5.5 2500 180 45 157
1688 11.525444444444446 35.89888888888889 216 1.42 7295 180 45 239
1689 11.526805555555557 33.425555555555555 32 0.71 2563 180 45 86
1690 11.528416666666667 32.25083333333333 452 3.3 12634 180 45 500
1691 11.529166666666667 34.33277777777778 155 10.7 1866 180 45 247
1692 11.529611111111112 35.27027777777778 108 1.47 2171 180 45 498
1693 11.532222222222224 31.885833333333334 210 1.61 13393 180 45 244
1694 11.533305555555556 31.988055555555558 153 0.71 12585 180 45 179
1695 11.53425 32.861111111111114 173 0.75 11964 180 45 230
1696 11.537861111111111 32.986111111111114 149 1.32 11963 180 45 93
1697 11.538611111111111 34.9475 91 1.23 6382 180 45 71
1698 11.542972222222222 33.665 225 1.26 9185 180 45 207
1699 11.544222222222222 35.323055555555555 174 3.08 1891 180 45 180
1700 11.545972222222222 36.14222222222222 352 1.77 7525 180 45 236
1701 11.547416666666667 32.0025 57 0.45 3372 180 45 182
1702 11.547611111111111 34.749722222222225 88 0.72 7930 180 45 293
1703 11.554722222222223 32.58083333333334 102 0.98 2530 180 45 385
1704 11.554833333333335 32.87305555555555 73 0.98 12553 180 45 304
1705 11.556722222222223 32.60138888888889 330 4.48 6265 180 45 177
1706 11.556972222222223 34.077222222222225 183 2.86 2514 180 45 185
1707 11.557972222222222 33.836666666666666 58 0.49 2554 180 45 190
1708 11.558555555555555 33.49444444444445 199 1.12 2590 180 45 280
1709 11.558694444444445 34.31777777777778 195 3.19 8077 180 45 177
1710 11.562055555555556 33.674166666666665 40 0.37 804 180 45 0
1711 11.562138888888889 32.6325 276 1.69 2633 180 45 234
1712 11.563694444444446 32.87305555555555 116 0.86 17513 180 45 168
1713 11.564361111111111 34.75194444444445 104 1.68 1827 180 45 251
1714 11.565111111111111 34.86 201 1.2 9936 180 45 185
1715 11.568333333333333 32.50388888888889 395 1.79 9976 180 45 299
1716 11.569944444444443 32.25138888888889 232 1.82 8328 180 45 78
1717 11.570638888888888 33.22833333333333 138 1.94 2517 180 45 68
1718 11.571194444444444 33.31527777777777 439 1.5 11579 180 45 218
1719 11.58538888888889 33.36527777777778 215 0.88 10473 180 45 536
1720 11.589944444444445 31.65083333333333 192 1.41 3395 180 45 224
1721 11.590666666666667 33.305277777777775 161 2.25 2425 180 45 234
1722 11.594055555555556 31.177222222222223 41 0.52 876 180 45 130
1723 11.597138888888889 35.331388888888895 76 1.47 1606 180 45 205
1724 11.59763888888889 34.280277777777776 56 1.35 6310 180 45 180
1725 11.59813888888889 32.15361111111111 265 2.6 9894 180 45 42
1726 11.59963888888889 33.16416666666667 226 1.68 10229 180 45 102
1727 11.603444444444444 34.45138888888889 159 0.73 9906 180 45 172
1728 11.6055 33.47416666666667 84 0.51 10563 180 45 198
1729 11.608638888888889 32.83833333333334 84 0.73 2585 180 45 98
1730 11.609 34.62444444444444 246 1.66 9460 180 45 344
1731 11.620472222222222 33.31388888888888 252 1.2 10193 180 45 437
1732 11.622722222222222 31.930555555555557 72 0.59 9942 180 45 319
1733 11.625666666666667 31.360833333333336 212 4.41 12733 180 45 314
1734 11.63436111111111 35.202222222222225 174 10.05 1625 180 45 472
1735 11.634444444444444 33.718611111111116 139 1.05 11094 180 45 99
1736 11.635388888888889 31.625833333333333 187 0.93 9914 180 45 134
1737 11.636416666666666 33.97416666666667 100 0.41 10051 180 45 230
1738 11.6395 31.324444444444445 360 2.37 12862 180 45 143
1739 11.64575 33.80638888888888 205 9.76 1853 180 45 206
1740 11.648277777777777 33.82638888888889 303 1.17 9792 180 45 97
1741 11.648472222222221 34.14888888888889 174 2.57 6345 180 45 479
1742 11.648527777777778 32.5025 282 1.4 9820 180 45 96
1743 11.650111111111112 33.70138888888889 258 0.93 8053 180 45 277
1744 11.650527777777778 31.479444444444443 154 0.97 2745 180 45 89
1745 11.654194444444444 33.933611111111105 289 2.68 9799 180 45 208
1746 11.654361111111111 33.35138888888889 257 1.51 9922 180 45 264
1747 11.65775 31.852777777777778 184 1.94 8328 180 45 587
1748 11.66238888888889 31.927222222222223 488 12.26 2670 180 45 122
1749 11.663666666666668 34.69138888888889 83 1.29 1662 180 45 150
1750 11.674166666666666 32.513333333333335 295 2.7 9826 180 45 236
1751 11.68061111111111 35.20055555555556 130 4.59 1550 180 45 335
1752 11.680888888888889 33.68 298 1.5 9764 180 45 456
1753 11.682222222222222 31.27861111111111 306 1.93 9626 180 45 212
1754 11.685555555555556 32.433611111111105 79 2.08 1835 180 45 240
1755 11.687916666666666 35.72777777777778 193 1.23 6458 180 45 64
1756 11.688333333333334 31.0575 71 0.67 17389 180 45 265
1757 11.68925 33.68722222222222 543 2.21 10115 180 45 322
1758 11.68988888888889 33.68888888888888 143 1.16 9914 180 45 271
1759 11.691805555555556 32.35916666666667 99 3.74 1845 180 45 424
1760 11.693111111111111 32.282222222222224 94 7.34 1802 180 45 267
1761 11.699666666666667 33.74611111111111 150 0.79 7979 180 45 260
1762 11.700444444444443 32.55083333333333 61 2.15 9960 180 45 93
1763 11.700861111111111 32.003055555555555 142 2.75 1449 180 45 245
1764 11.701055555555556 31.587777777777777 42 0.52 2799 180 45 161
1765 11.703444444444443 31.130555555555556 351 1.18 13778 180 45 177
1766 11.703694444444444 36.10305555555556 166 1.37 11595 180 45 108
1767 11.705499999999999 33.63944444444444 317 1.66 9399 180 45 130
1768 11.707416666666665 34.02194444444444 170 0.8 9993 180 45 177
1769 11.70786111111111 35.816111111111105 252 1.46 11724 180 45 197
1770 11.709916666666667 34.08888888888889 241 1.25 9972 180 45 110
1771 11.712194444444444 32.706944444444446 85 0.35 9836 180 45 99
1772 11.712972222222222 31.476666666666667 179 0.74 10437 180 45 118
1773 11.718305555555556 33.84055555555556 206 0.67 9427 180 45 105
1774 11.720694444444444 32.894444444444446 111 0.79 9882 180 45 112
1775 11.722194444444444 33.26277777777778 295 0.9 10702 180 45 344
1776 11.722916666666666 31.45611111111111 142 6.15 1783 180 45 120
1777 11.724277777777777 36.12166666666667 234 2.23 6360 180 45 101
1778 11.72786111111111 33.41694444444444 404 1.22 9558 180 45 58
1779 11.729888888888889 33.689722222222215 109 0.53 9350 180 45 91
1780 11.736722222222221 33.73555555555556 127 0.74 9524 180 45 379
1781 11.73736111111111 35.97527777777778 175 0.84 6283 180 45 149
1782 11.738944444444444 33.355555555555554 81 0.48 9729 180 45 213
1783 11.740805555555555 33.35111111111111 378 1.88 9324 180 45 155
1784 11.741138888888887 33.05 177 1.29 6392 180 45 411
1785 11.742166666666666 32.56055555555555 67 0.68 9211 180 45 168
1786 11.74472222222222 35.965833333333336 333 3.96 11206 180 45 193
1787 11.745249999999999 33.325 136 0.83 9299 180 45 48
1788 11.74622222222222 33.52361111111111 200 0.76 9806 180 45 553
1789 11.747083333333332 33.79861111111111 228 1.26 9375 180 45 98
1790 11.749527777777777 35.31388888888888 108 0.62 10769 180 45 379
1791 11.753333333333334 31.185555555555556 81 0.71 9522 180 45 258
1792 11.756555555555556 32.69777777777777 137 0.93 6641 180 45 267
1793 11.756833333333333 33.34666666666667 160 0.61 9606 180 45 296
1794 11.759 34.571111111111115 178 2.92 9951 180 45 345
1795 11.760416666666666 31.300833333333333 99 3.02 1812 180 45 41
1796 11.760388888888889 35.22 237 1.1 9902 180 45 147
1797 11.766055555555555 33.21361111111111 245 1.43 9849 180 45 52
1798 11.76677777777778 33.022777777777776 78 0.43 6362 180 45 116
1799 11.769055555555557 33.203611111111115 206 0.97 9854 180 45 138
1800 11.77038888888889 33.72888888888889 479 1.57 9334 180 45 314
1801 11.774166666666668 35.72944444444445 202 2.18 10778 180 45 274
1802 11.774611111111112 34.858333333333334 165 1.35 1397 180 45 107
1803 11.776333333333334 32.51555555555556 50 0.55 6586 180 45 313
1804 11.777583333333334 32.187777777777775 125 1.14 2918 180 45 117
1805 11.778666666666668 34.99666666666667 175 3.05 9936 180 45 172
1806 11.782805555555557 32.94444444444444 31 0.43 10144 180 45 44
1807 11.785277777777777 31.636944444444445 105 1.14 14699 180 45 141
1808 11.788083333333333 35.588055555555556 125 2.28 10803 180 45 188
1809 11.793222222222223 35.55694444444444 257 2.76 10728 180 45 206
1810 11.796611111111112 32.31805555555556 135 0.91 9773 180 45 368
1811 11.797555555555556 31.348333333333333 159 0.81 8270 180 45 343
1812 11.81025 34.26833333333333 131 0.57 10160 180 45 107
1813 11.810722222222223 32.63305555555556 258 2.1 7000 180 45 111
1814 11.816166666666668 31.304444444444446 145 2.76 6508 180 45 228
1815 11.816527777777779 35.02333333333333 291 10.61 6409 180 45 151
1816 11.816694444444444 32.80444444444444 161 0.59 7883 180 45 327
1817 11.828472222222222 33.08777777777778 26 0.41 9405 180 45 271
1818 11.829333333333333 34.791666666666664 120 1.18 7778 180 45 248
1819 11.838361111111112 34.66111111111111 185 0.83 6437 180 45 309
1820 11.83838888888889 35.259166666666665 313 6.39 6363 180 45 207
1821 11.863333333333333 33.765 25 0.36 3092 180 45 72
1822 11.871277777777777 33.52583333333333 19 1.19 3014 180 45 112
1823 11.87175 35.38166666666667 230 2.41 6426 180 45 82
1824 11.874194444444445 35.36972222222222 195 2.61 6345 180 45 439
1825 11.874305555555557 34.89083333333333 63 0.74 2199 180 45 171
1826 11.875250000000001 33.59777777777778 231 0.76 10647 180 45 298
1827 11.879583333333334 32.32055555555556 559 1.41 9574 180 45 217
1828 11.881111111111112 33.19194444444444 56 0.43 2680 180 45 195
1829 11.885 34.27638888888889 129 0.77 9780 180 45 188
1830 11.885166666666667 35.01694444444444 201 1.36 6367 180 45 70
1831 11.895055555555555 35.175555555555555 202 3.06 6576 180 45 177
1832 11.895055555555555 32.77638888888889 94 0.69 2342 180 45 67
1833 11.897944444444445 33.36388888888889 191 6.35 3203 180 45 162
1834 11.8985 31.174444444444447 174 0.64 2791 180 45 82
1835 11.905166666666666 32.86472222222223 232 2.89 3194 180 45 53
1836 11.905750000000001 35.734722222222224 165 2.49 6383 180 45 54
1837 11.90686111111111 33.7725 117 0.71 14400 180 45 110
1838 11.916416666666667 33.443888888888885 304 1.53 7288 180 45 162
1839 11.916666666666666 31.14 213 1.29 6360 180 45 225
1840 11.917166666666667 32.07888888888889 183 2.0 9326 180 45 124
1841 11.919888888888888 32.36472222222223 269 1.85 9366 180 45 212
1842 11.921666666666667 33.25694444444444 86 0.84 3237 180 45 184
1843 11.923083333333333 33.130833333333335 212 6.58 3165 180 45 110
1844 11.925305555555555 32.02583333333333 272 1.46 9337 180 45 417
1845 11.927999999999999 31.519166666666667 102 1.64 587 180 45 157
1846 11.929027777777778 31.34111111111111 225 2.0 9022 180 45 129
1847 11.929222222222222 32.18583333333333 164 1.64 3418 180 45 117
1848 11.931166666666666 33.045833333333334 82 1.7 3129 180 45 267
1849 11.933666666666667 31.675833333333333 220 1.38 10286 180 45 145
1850 11.93725 31.303055555555556 53 1.37 652 180 45 155
1851 11.939 31.414166666666667 159 2.07 3322 180 45 269
1852 11.940444444444445 32.05166666666666 192 2.88 3234 180 45 307
1853 11.943055555555556 32.12166666666667 155 3.85 3089 180 45 247
1854 11.943027777777777 33.73166666666667 207 0.95 9257 180 45 229
1855 11.944555555555556 31.497222222222224 456 4.85 8031 180 45 388
1856 11.944916666666668 32.6275 183 5.44 3416 180 45 50
1857 11.945583333333333 32.02833333333333 539 4.49 3263 180 45 471
1858 11.948638888888889 34.424166666666665 127 0.82 9248 180 45 203
1859 11.952472222222221 32.254444444444445 105 5.51 3133 180 45 232
1860 11.95536111111111 34.151666666666664 55 2.56 973 180 45 297
1861 11.958083333333333 31.08277777777778 159 2.65 6896 180 45 310
1862 11.958083333333333 32.3175 183 17.49 3204 180 45 149
1863 11.960222222222221 32.2675 108 1.64 2981 180 45 142
1864 11.960888888888888 32.763888888888886 161 0.78 10180 180 45 176
1865 11.961555555555554 33.723055555555554 211 1.03 14622 180 45 108
1866 11.96186111111111 32.29138888888889 153 28.48 3253 180 45 398
1867 11.969972222222223 33.25388888888889 65 0.68 7305 180 45 153
1868 11.972 33.580000000000005 39 0.31 11082 180 45 185
1869 11.981444444444445 31.40861111111111 118 0.94 3046 180 45 199
1870 11.985277777777776 33.574444444444445 325 1.37 14759 180 45 149
1871 11.988944444444444 33.33888888888889 272 1.41 9418 180 45 126
1872 11.993277777777777 31.778888888888886 39 0.72 7691 180 45 388
1873 11.99761111111111 34.436388888888885 100 1.07 9757 180 45 242
1874 11.999166666666666 31.8775 218 1.49 7858 180 45 255
1875 12.001583333333333 35.48388888888889 205 0.94 13841 180 45 215
1876 12.004555555555555 31.230277777777776 88 1.88 617 180 45 102
1877 12.005888888888888 34.545833333333334 278 1.38 9860 180 45 250
1878 12.007972222222222 32.489444444444445 143 1.03 6468 180 45 90
1879 12.009972222222222 31.946944444444444 359 1.29 7952 180 45 190
1880 12.014388888888888 31.8775 153 2.57 8028 180 45 294
1881 12.021416666666667 31.283611111111114 251 2.46 6935 180 45 232
1882 12.022416666666668 34.07944444444445 248 1.3 6822 180 45 224
1883 12.025666666666668 33.344166666666666 56 3.71 774 180 45 43
1884 12.03411111111111 33.612500000000004 176 1.17 7264 180 45 292
1885 12.03411111111111 33.38 184 0.71 7287 180 45 223
1886 12.0425 33.19083333333333 134 0.66 7389 180 45 236
1887 12.045944444444444 32.211111111111116 182 0.88 7793 180 45 523
1888 12.052416666666668 31.341666666666665 135 0.81 7640 180 45 30
1889 12.053 33.31166666666666 221 1.36 9587 180 45 153
1890 12.057027777777778 33.77333333333333 311 1.57 9547 180 45 183
1891 12.064250000000001 35.327222222222225 134 1.01 10148 180 45 357
1892 12.065888888888889 31.110555555555557 88 0.8 7003 180 45 144
1893 12.068083333333334 31.900277777777777 298 22.63 766 180 45 157
1894 12.075777777777777 31.88361111111111 103 1.23 6583 180 45 263
1895 12.078194444444444 33.84388888888889 87 0.39 6846 180 45 283
1896 12.079638888888889 31.186944444444446 190 0.71 7530 180 45 310
1897 12.079694444444444 32.50194444444445 361 3.34 7724 180 45 239
1898 12.082694444444444 32.92194444444444 332 1.13 9441 180 45 100
1899 12.093916666666667 33.10583333333334 605 1.61 7164 180 45 84
1900 12.095083333333333 31.067777777777778 122 0.73 7041 180 45 239
1901 12.09538888888889 31.189166666666665 229 2.57 8634 180 45 167
1902 12.097083333333334 35.181666666666665 158 1.46 15993 180 45 272
1903 12.097833333333334 32.08444444444444 187 0.94 10544 180 45 188
1904 12.102194444444445 32.88611111111111 247 1.59 8186 180 45 254
1905 12.104583333333332 31.972499999999997 282 2.24 6487 180 45 518
1906 12.105 31.942777777777778 215 1.77 6523 180 45 207
1907 12.108333333333333 32.906388888888884 174 0.54 7107 180 45 341
1908 12.113722222222222 31.795555555555556 203 2.0 6571 180 45 330
1909 12.117777777777778 31.50777777777778 127 0.9 14592 180 45 255
1910 12.118055555555555 33.38055555555555 210 2.4 8184 180 45 192
1911 12.118805555555555 32.99583333333334 70 1.54 7968 180 45 168
1912 12.131055555555555 31.554444444444446 31 0.59 558 180 45 438
1913 12.13588888888889 32.32 189 0.87 6756 180 45 294
1914 12.138305555555554 31.669444444444444 280 1.16 6717 180 45 61
1915 12.147138888888888 32.54111111111111 133 0.61 7297 180 45 189
1916 12.147666666666666 34.71888888888889 159 0.96 13269 180 45 483
1917 12.149638888888889 32.43944444444444 95 0.79 6794 180 45 51
1918 12.158027777777779 32.434999999999995 149 1.69 6782 180 45 155
1919 12.15925 31.509444444444444 63 0.32 7189 180 45 289
1920 12.169305555555555 35.87972222222222 483 2.97 6765 180 45 72
1921 12.174833333333332 34.82694444444445 208 1.77 16090 180 45 51
1922 12.17675 34.95583333333334 293 2.53 10402 180 45 77
1923 12.181777777777777 32.93138888888889 241 1.24 7096 180 45 128
1924 12.18238888888889 31.65833333333333 379 1.39 6767 180 45 166
1925 12.18825 32.591944444444444 258 1.67 6972 180 45 393
1926 12.188972222222223 34.45611111111111 235 1.61 16139 180 45 95
1927 12.189972222222222 34.98444444444444 123 0.76 10397 180 45 83
1928 12.191055555555556 31.961944444444445 80 0.51 6806 180 45 116
1929 12.201472222222222 32.73638888888889 322 2.37 7529 180 45 247
1930 12.202694444444443 36.16416666666667 28 8.44 163 180 45 186
1931 12.20361111111111 34.23833333333334 171 1.24 6686 180 45 166
1932 12.20711111111111 31.573888888888888 160 0.73 8628 180 45 579
1933 12.208333333333332 36.0475 91 0.59 6856 180 45 300
1934 12.21111111111111 34.70138888888889 315 3.3 9891 180 45 108
1935 12.211194444444443 34.69361111111111 226 4.95 6379 180 45 51
1936 12.214694444444444 33.190555555555555 104 0.61 6934 180 45 358
1937 12.216472222222222 31.883888888888887 202 0.83 9676 180 45 691
1938 12.218194444444444 32.62416666666667 129 0.61 7539 180 45 94
1939 12.23361111111111 32.32138888888889 87 1.31 6836 180 45 250
1940 12.234444444444444 35.01888888888889 230 2.28 6488 180 45 212
1941 12.234972222222222 34.51583333333333 96 1.14 6955 180 45 147
1942 12.250861111111112 35.95861111111111 78 14.13 938 180 45 385
1943 12.251555555555555 33.19222222222222 244 21.84 1092 180 45 145
1944 12.252222222222223 31.53388888888889 191 0.76 6692 180 45 84
1945 12.256166666666667 31.670555555555556 232 1.33 6821 180 45 90
1946 12.258916666666666 31.234166666666667 55 1.09 7174 180 45 255
1947 12.260916666666667 36.18111111111111 47 31.35 293 180 45 222
1948 12.262361111111112 34.933611111111105 21 0.49 717 180 45 103
1949 12.274083333333333 33.687777777777775 26 0.39 929 180 45 439
1950 12.276555555555557 33.44416666666666 224 2.07 6685 180 45 459
1951 12.278916666666667 33.70777777777778 190 1.42 6819 180 45 217
1952 12.289722222222222 33.88166666666667 134 0.71 6688 180 45 46
1953 12.305250000000001 33.525555555555556 65 0.51 7494 180 45 426
1954 12.315083333333334 31.73777777777778 173 2.04 7994 180 45 125
1955 12.31725 35.093611111111116 51 1.21 747 180 45 301
1956 12.330194444444444 33.726111111111116 217 1.35 6451 180 45 41
1957 12.334333333333333 33.02611111111111 87 0.76 7400 180 45 245
1958 12.338222222222223 33.67388888888889 406 3.7 6455 180 45 501
1959 12.340305555555556 33.23861111111111 29 0.47 1050 180 45 61
1960 12.340555555555556 31.185555555555556 59 0.91 6751 180 45 188
1961 12.348111111111113 32.975 113 0.52 6892 180 45 110
1962 12.354833333333334 32.706944444444446 140 2.74 6892 180 45 73
1963 12.365194444444445 35.050555555555555 39 3.68 725 180 45 209
1964 12.367722222222223 32.092222222222226 68 9.9 1138 180 45 226
1965 12.371 32.399166666666666 153 0.64 6556 180 45 258
1966 12.372583333333333 35.15138888888889 312 2.8 7553 180 45 141
1967 12.373333333333333 31.140555555555554 178 1.2 12871 180 45 182
1968 12.381305555555556 33.83111111111111 19 0.97 571 180 45 154
1969 12.398666666666665 32.9575 316 2.12 9116 180 45 157
1970 12.401555555555555 31.285833333333336 153 2.27 17738 180 45 140
1971 12.403361111111112 31.51972222222222 198 19.53 1249 180 45 274
1972 12.42361111111111 33.941111111111105 46 0.78 3846 180 45 115
1973 12.425694444444444 33.962500000000006 79 0.92 7304 180 45 163
1974 12.42661111111111 36.15555555555555 414 2.39 10138 180 45 336
1975 12.429138888888888 32.47083333333334 219 1.39 9175 180 45 150
1976 12.429694444444443 31.84111111111111 109 0.67 11418 180 45 192
1977 12.431388888888888 33.544999999999995 112 301.08 316 180 45 214
1978 12.437472222222222 31.399722222222223 122 1.37 8682 180 45 218
1979 12.437861111111111 32.419444444444444 188 0.71 9188 180 45 229
1980 12.441055555555556 31.22083333333333 384 49.27 714 180 45 286
1981 12.443611111111112 32.4325 134 0.7 12438 180 45 174
1982 12.4505 35.2675 150 0.94 9977 180 45 62
1983 12.455666666666666 32.07527777777778 227 1.06 8885 180 45 66
1984 12.464027777777778 31.566944444444445 226 0.88 11465 180 45 352
1985 12.466249999999999 31.385833333333334 212 1.13 14356 180 45 155
1986 12.471944444444444 32.41861111111111 63 1.02 12600 180 45 365
1987 12.475111111111111 31.816666666666666 105 1.51 13520 180 45 194
1988 12.474944444444445 32.545833333333334 145 4.19 9050 180 45 170
1989 12.476777777777778 31.483611111111113 277 2.96 6870 180 45 185
1990 12.477500000000001 35.717222222222226 27 6.29 310 180 45 173
1991 12.478916666666667 31.165555555555553 369 1.42 12302 180 45 212
1992 12.491027777777777 31.433611111111112 290 1.19 14475 180 45 241
1993 12.491194444444444 33.48083333333334 20 0.35 9289 180 45 224
1994 12.492527777777777 35.77472222222222 187 1.16 12201 180 45 144
1995 12.4935 32.49138888888889 94 0.47 3991 180 45 65
1996 12.494805555555555 32.906388888888884 170 0.82 6750 180 45 380
1997 12.496055555555555 33.45944444444445 260 1.04 9224 180 45 422
1998 12.520750000000001 31.354444444444447 69 1.06 8606 180 45 489
1999 12.523333333333333 32.31583333333333 176 0.54 6669 180 45 254
2000 12.525222222222222 31.08277777777778 253 1.14 11297 180 45 124
2001 12.527083333333334 36.013888888888886 74 0.72 1723 180 45 41
2002 12.528666666666668 33.59277777777778 418 2.83 9314 180 45 248
2003 12.530027777777779 34.26222222222222 210 1.28 6905 180 45 323
2004 12.53438888888889 35.68555555555555 157 1.11 6730 180 45 111
2005 12.536277777777778 34.88611111111111 135 1.16 12229 180 45 125
2006 12.542861111111112 33.22888888888889 30 1.27 810 180 45 68
2007 12.543666666666667 32.879444444444445 151 2.15 9159 180 45 381
2008 12.54738888888889 33.150277777777774 117 0.57 4062 180 45 265
2009 12.54888888888889 31.538611111111113 57 31.67 331 180 45 356
2010 12.549083333333334 32.13916666666667 240 3.39 6629 180 45 119
2011 12.550222222222223 32.876666666666665 248 1.02 9116 180 45 229
2012 12.552083333333334 32.09111111111111 63 5.27 937 180 45 115
2013 12.5545 35.73083333333334 35 0.9 819 180 45 98
2014 12.556944444444445 33.346944444444446 34 3.31 837 180 45 257
2015 12.557500000000001 32.969722222222224 145 1.71 9158 180 45 386
2016 12.568166666666666 35.51972222222222 117 61.61 801 180 45 323
2017 12.569083333333333 33.24444444444445 210 1.9 9182 180 45 126
2018 12.583388888888889 36.05583333333333 316 2.0 9958 180 45 152
2019 12.585305555555555 31.235833333333336 230 1.12 8384 180 45 109
2020 12.585222222222223 32.43555555555555 488 2.46 13621 180 45 32
2021 12.586500000000001 31.6175 134 0.99 8608 180 45 43
2022 12.58675 34.12111111111111 221 1.86 6878 180 45 578
2023 12.587944444444444 35.090833333333336 71 1.3 6540 180 45 133
2024 12.590111111111112 35.93194444444444 209 1.24 12606 180 45 214
2025 12.593444444444446 31.750833333333333 111 0.84 8817 180 45 492
2026 12.597722222222222 33.39388888888889 206 0.85 9331 180 45 76
2027 12.601055555555556 34.424166666666665 114 0.63 9431 180 45 181
2028 12.601722222222222 33.60611111111111 95 1.04 13141 180 45 137
2029 12.607722222222222 34.56361111111111 133 2.89 6950 180 45 161
2030 12.60836111111111 32.08722222222222 410 1.71 7044 180 45 112
2031 12.612916666666667 32.12027777777778 206 1.56 7084 180 45 175
2032 12.613638888888888 33.614444444444445 36 1.13 530 180 45 95
2033 12.616055555555555 34.25 78 0.84 6744 180 45 332
2034 12.626222222222223 35.95666666666667 159 1.12 6920 180 45 45
2035 12.626055555555556 32.37361111111111 93 0.57 11538 180 45 284
2036 12.626916666666666 33.60611111111111 141 0.92 6915 180 45 278
2037 12.628833333333334 32.08722222222222 180 2.21 6985 180 45 135
2038 12.628777777777778 33.436388888888885 284 1.07 9350 180 45 190
2039 12.63275 34.02222222222222 475 5.89 6711 180 45 114
2040 12.638583333333333 35.38944444444444 186 0.81 6939 180 45 57
2041 12.642444444444443 31.88861111111111 183 1.66 4307 180 45 127
2042 12.644694444444443 32.007777777777775 73 0.55 6653 180 45 401
2043 12.644527777777776 32.76555555555556 27 15.93 308 180 45 66
2044 12.644972222222222 35.65833333333333 246 1.52 13432 180 45 70
2045 12.646666666666667 31.883055555555558 120 1.5 6672 180 45 145
2046 12.646805555555556 32.095555555555556 196 3.44 4328 180 45 50
2047 12.652722222222222 33.5425 147 0.77 6771 180 45 69
2048 12.653916666666667 33.3525 136 0.49 6710 180 45 84
2049 12.670027777777777 31.175833333333333 267 1.14 7080 180 45 38
2050 12.669888888888888 32.653888888888886 52 3.91 765 180 45 189
2051 12.671694444444444 34.697222222222216 301 1.78 11823 180 45 237
2052 12.676499999999999 32.5825 165 1.58 6860 180 45 200
2053 12.680388888888888 32.25361111111111 146 0.76 4308 180 45 117
2054 12.693555555555555 35.22555555555556 176 1.33 14599 180 45 474
2055 12.693972222222223 31.987222222222222 152 1.81 4413 180 45 118
2056 12.69425 31.002222222222223 135 1.13 4483 180 45 60
2057 12.69513888888889 33.41222222222222 203 2.1 6756 180 45 40
2058 12.695583333333333 35.06527777777777 234 3.28 6920 180 45 370
2059 12.696555555555555 32.85638888888889 34 1.98 691 180 45 189
2060 12.700722222222222 33.35888888888889 277 0.93 11627 180 45 133
2061 12.701666666666666 32.75833333333333 511 2.25 13380 180 45 366
2062 12.701749999999999 32.53805555555555 301 461.13 614 180 45 311
2063 12.704805555555556 31.703888888888887 171 0.97 7053 180 45 208
2064 12.704833333333333 33.86638888888889 213 2.01 4220 180 45 280
2065 12.70722222222222 32.31722222222223 105 63.16 668 180 45 164
2066 12.71186111111111 31.141944444444444 161 1.95 6782 180 45 344
2067 12.712166666666667 34.11361111111111 147 1.85 4186 180 45 121
2068 12.713583333333332 31.875555555555557 218 0.82 4441 180 45 111
2069 12.713666666666667 33.2825 349 4.19 6812 180 45 186
2070 12.716527777777777 32.324444444444445 167 0.75 6970 180 45 76
2071 12.718444444444444 32.49166666666667 43 1.44 901 180 45 221
2072 12.719 31.15 119 1.09 6923 180 45 236
2073 12.721305555555556 31.099722222222223 246 1.03 7007 180 45 162
2074 12.721694444444445 35.43583333333333 49 2.16 1814 180 45 141
2075 12.723055555555556 32.722500000000004 68 32.44 621 180 45 62
2076 12.723472222222222 32.88472222222222 343 1.1 13383 180 45 163
2077 12.724527777777778 33.95055555555556 96 1.01 4248 180 45 243
2078 12.725611111111112 33.407777777777774 113 0.57 6898 180 45 142
2079 12.727611111111111 31.732777777777777 56 0.99 7107 180 45 185
2080 12.730222222222222 33.7825 217 2.31 12795 180 45 225
2081 12.731833333333334 32.154444444444444 142 250.18 649 180 45 160
2082 12.739138888888888 34.80833333333333 201 0.88 9735 180 45 201
2083 12.740499999999999 34.39055555555556 59 18.73 608 180 45 336
2084 12.740694444444443 35.2 35 0.55 884 180 45 143
2085 12.743388888888887 33.974722222222226 190 0.91 12822 180 45 133
2086 12.747944444444444 34.945277777777775 114 1.27 4274 180 45 250
2087 12.751805555555556 35.86944444444445 195 1.13 10049 180 45 330
2088 12.752888888888888 34.24055555555556 268 1.47 11556 180 45 259
2089 12.756277777777777 35.356944444444444 172 0.81 9681 180 45 268
2090 12.759277777777777 34.325833333333335 213 1.19 11692 180 45 193
2091 12.761388888888888 35.086111111111116 408 2.92 9681 180 45 166
2092 12.762833333333333 31.8775 112 0.53 9385 180 45 190
2093 12.765916666666667 35.17055555555555 134 1.8 4352 180 45 112
2094 12.766083333333333 34.95111111111111 296 1.8 11664 180 45 302
2095 12.770027777777779 35.11361111111111 211 2.31 4247 180 45 163
2096 12.771555555555556 34.43444444444444 42 0.58 4189 180 45 254
2097 12.772027777777778 31.08888888888889 100 1.57 4589 180 45 156
2098 12.773861111111112 34.08444444444444 146 1.59 4187 180 45 186
2099 12.774055555555556 32.18222222222222 180 0.57 6923 180 45 73
2100 12.783583333333333 32.655833333333334 90 1.42 522 180 45 274
2101 12.784 32.86833333333333 134 1.87 6815 180 45 190
2102 12.78736111111111 35.650277777777774 330 1.6 9858 180 45 47
2103 12.789083333333334 35.520833333333336 115 1.31 4523 180 45 268
2104 12.789027777777777 34.964444444444446 85 0.82 6848 180 45 323
2105 12.793416666666667 33.66277777777778 149 1.02 6792 180 45 325
2106 12.798333333333334 35.19444444444444 132 0.84 4206 180 45 298
2107 12.809055555555556 32.29527777777778 112 0.78 6789 180 45 166
2108 12.811444444444446 34.47416666666667 137 2.43 4257 180 45 280
2109 12.813083333333333 35.33416666666667 290 4.12 4073 180 45 52
2110 12.815944444444446 34.87305555555555 150 0.96 6823 180 45 192
2111 12.8225 35.79333333333333 56 0.8 6817 180 45 222
2112 12.826555555555556 31.968055555555555 382 1.42 17029 180 45 143
2113 12.827527777777778 34.2525 226 1.18 6663 180 45 78
2114 12.830055555555555 32.081388888888895 180 1.39 9570 180 45 88
2115 12.830055555555555 35.47555555555556 34 0.93 9344 180 45 144
2116 12.833694444444445 32.393055555555556 203 0.9 6896 180 45 299
2117 12.834888888888889 34.49333333333333 191 1.14 6935 180 45 404
2118 12.835083333333333 32.01361111111111 123 0.68 7086 180 45 120
2119 12.835694444444446 33.16361111111111 122 4.32 7088 180 45 272
2120 12.838944444444445 32.54944444444444 281 1.54 6887 180 45 541
2121 12.847083333333334 35.38444444444444 350 3.24 9643 180 45 86
2122 12.847222222222223 35.40416666666667 155 1.82 9786 180 45 287
2123 12.847583333333334 31.040277777777778 256 1.89 8856 180 45 204
2124 12.848527777777779 31.683333333333334 188 1.32 7329 180 45 51
2125 12.848777777777778 35.43388888888889 288 2.26 9717 180 45 60
2126 12.855083333333333 35.112500000000004 94 0.7 10008 180 45 365
2127 12.85538888888889 31.92888888888889 176 0.85 11112 180 45 551
2128 12.855888888888888 33.15833333333333 218 1.13 6929 180 45 282
2129 12.856166666666667 31.063333333333333 213 2.12 6844 180 45 86
2130 12.860805555555554 31.350555555555555 302 4.68 6185 180 45 364
2131 12.861222222222223 32.17972222222222 24 0.41 846 180 45 90
2132 12.862805555555555 34.97694444444445 345 1.92 9966 180 45 187
2133 12.870805555555556 32.785555555555554 78 0.69 4359 180 45 144
2134 12.88325 32.413888888888884 58 2.37 6789 180 45 50
2135 12.884027777777778 35.801111111111105 86 0.82 12362 180 45 389
2136 12.88438888888889 35.77472222222222 192 3.75 4378 180 45 499
2137 12.884638888888889 32.33027777777778 175 1.1 6578 180 45 156
2138 12.895472222222221 31.938333333333333 132 0.92 8118 180 45 308
2139 12.897027777777778 32.698611111111106 221 1.92 6974 180 45 88
2140 12.898 31.11277777777778 302 2.43 8946 180 45 138
2141 12.898361111111111 36.09055555555556 171 3.21 4354 180 45 296
2142 12.89886111111111 34.10277777777778 53 1.45 675 180 45 292
2143 12.899222222222221 31.870833333333334 134 0.79 6509 180 45 84
2144 12.899722222222222 32.652499999999996 197 1.84 6966 180 45 557
2145 12.908777777777779 35.30361111111111 232 2.93 8388 180 45 279
2146 12.909416666666667 32.532222222222224 291 1.12 13578 180 45 186
2147 12.91163888888889 32.36694444444444 295 1.07 7236 180 45 71
2148 12.912416666666667 35.92666666666666 118 2.77 4350 180 45 155
2149 12.91275 31.614444444444445 32 1.5 5981 180 45 199
2150 12.914388888888888 35.31944444444445 124 1.15 10104 180 45 384
2151 12.914472222222223 35.400555555555556 169 2.37 4457 180 45 61
2152 12.915750000000001 33.54472222222222 61 0.67 8093 180 45 427
2153 12.916638888888889 34.88722222222222 156 1.31 6700 180 45 188
2154 12.92325 31.985277777777778 185 1.75 9021 180 45 184
2155 12.924194444444444 32.98777777777778 25 1.12 898 180 45 434
2156 12.926638888888888 35.62083333333334 327 1.01 10356 180 45 128
2157 12.926805555555555 31.5575 334 1.56 16793 180 45 131
2158 12.931249999999999 31.650555555555552 154 0.82 5340 180 45 284
2159 12.938833333333333 34.655833333333334 48 6.34 731 180 45 298
2160 12.948666666666666 35.32138888888889 149 0.71 10228 180 45 393
2161 12.949305555555556 32.45055555555556 396 1.74 13514 180 45 352
2162 12.950388888888888 35.65472222222222 179 1.05 10219 180 45 184
2163 12.951027777777776 35.78972222222222 37 0.83 11139 180 45 142
2164 12.951472222222222 31.6275 220 1.51 6977 180 45 201
2165 12.95647222222222 33.45027777777778 209 1.34 7093 180 45 208
2166 12.959 35.53111111111111 362 2.68 11229 180 45 227
2167 12.961138888888888 35.724722222222226 55 1.91 4512 180 45 249
2168 12.961694444444444 33.69833333333333 45 1.07 867 180 45 419
2169 12.968527777777778 31.021666666666665 156 1.01 7623 180 45 332
2170 12.969111111111111 32.01861111111111 315 1.26 7975 180 45 140
2171 12.973083333333333 35.66166666666666 263 2.25 11234 180 45 160
2172 12.973444444444445 35.481944444444444 302 1.94 11196 180 45 223
2173 12.973444444444445 35.25 28 0.63 6699 180 45 161
2174 12.979083333333334 33.93611111111111 59 1.04 7262 180 45 349
2175 12.981555555555556 35.077222222222225 108 1.2 11462 180 45 223
2176 12.98386111111111 35.48388888888889 27 2.36 699 180 45 258
2177 12.98425 34.863055555555555 79 33.66 842 180 45 498
2178 12.987749999999998 35.85888888888889 136 0.83 8378 180 45 153
2179 12.988555555555555 32.657222222222224 68 0.62 11154 180 45 139
2180 12.992277777777778 32.28972222222222 196 0.76 9406 180 45 240
2181 12.994833333333332 34.815 297 2.05 10262 180 45 377
2182 12.996333333333332 32.04222222222222 93 2.49 6814 180 45 317
2183 12.999388888888888 31.503333333333334 244 1.18 7721 180 45 163
2184 13.000444444444444 34.77333333333333 34 0.91 10309 180 45 190
2185 13.000722222222223 33.433611111111105 280 2.79 7195 180 45 164
2186 13.005138888888888 34.94444444444444 198 1.17 8070 180 45 151
2187 13.018416666666667 35.41555555555556 110 0.76 4546 180 45 272
2188 13.023138888888889 34.75361111111111 138 1.36 11715 180 45 243
2189 13.023833333333334 36.126111111111115 122 0.7 7586 180 45 268
2190 13.029944444444446 33.427499999999995 166 1.06 7227 180 45 318
2191 13.035305555555555 33.23694444444445 54 0.79 7543 180 45 74
2192 13.038027777777778 33.30777777777777 73 1.13 7731 180 45 185
2193 13.038472222222222 32.88472222222222 530 1.08 7584 180 45 157
2194 13.041638888888889 34.128055555555555 311 1.44 10006 180 45 220
2195 13.04675 31.485833333333336 158 0.62 7218 180 45 229
2196 13.049194444444444 32.21472222222223 155 0.67 7129 180 45 126
2197 13.05463888888889 32.727222222222224 236 1.08 9560 180 45 267
2198 13.056722222222223 32.977222222222224 150 0.68 11129 180 45 127
2199 13.057777777777778 36.03055555555555 222 1.26 11043 180 45 605
2200 13.05863888888889 33.659166666666664 219 1.13 14739 180 45 361
2201 13.068944444444444 34.75944444444445 163 0.8 10428 180 45 84
2202 13.076166666666666 33.70944444444445 282 1.74 9993 180 45 170
2203 13.077722222222222 35.25083333333333 129 1.09 4700 180 45 404
2204 13.078 32.681666666666665 139 6.48 2348 180 45 484
2205 13.081833333333334 35.64861111111111 51 0.75 4734 180 45 230
2206 13.083444444444446 35.18333333333333 192 0.96 4678 180 45 140
2207 13.087305555555556 31.996944444444445 700 3.41 15577 180 45 215
2208 13.089194444444445 36.10527777777778 114 5.63 1207 180 45 116
2209 13.090416666666668 32.89833333333333 98 4.46 885 180 45 253
2210 13.091361111111112 33.852222222222224 252 4.44 7130 180 45 197
2211 13.092 32.066944444444445 62 0.47 8955 180 45 173
2212 13.093833333333334 36.0675 88 0.75 10909 180 45 195
2213 13.094916666666668 31.633333333333333 67 0.63 15559 180 45 155
2214 13.095055555555556 36.02916666666667 106 2.27 1185 180 45 419
2215 13.095111111111112 33.17638888888889 373 3.15 9745 180 45 277
2216 13.099527777777778 32.83444444444444 86 2.27 5306 180 45 93
2217 13.101222222222221 35.97972222222222 262 9.59 4816 180 45 311
2218 13.105444444444444 32.97527777777778 124 0.9 7867 180 45 89
2219 13.107388888888888 35.234722222222224 150 1.21 4830 180 45 458
2220 13.112694444444443 35.10055555555556 333 4.07 4852 180 45 77
2221 13.11561111111111 35.13333333333333 133 5.41 4750 180 45 112
2222 13.117305555555555 34.98361111111111 129 0.86 6924 180 45 200
2223 13.117638888888889 36.119166666666665 116 0.9 6843 180 45 219
2224 13.120750000000001 35.468333333333334 154 1.09 10312 180 45 309
2225 13.121972222222222 35.785555555555554 319 1.08 11067 180 45 97
2226 13.1235 32.86555555555556 293 5.68 5301 180 45 82
2227 13.125583333333333 35.651111111111106 111 1.34 4730 180 45 402
2228 13.127416666666667 32.77333333333333 184 2.89 6749 180 45 171
2229 13.131666666666668 34.92527777777777 218 1.74 7076 180 45 183
2230 13.139305555555556 34.88138888888889 101 1.71 10964 180 45 395
2231 13.1405 35.20055555555556 262 10.96 4820 180 45 283
2232 13.146694444444444 32.985 307 2.74 14775 180 45 146
2233 13.147444444444444 32.294444444444444 189 1.06 9563 180 45 136
2234 13.147694444444443 33.016666666666666 175 2.31 8020 180 45 328
2235 13.149416666666665 33.20277777777778 23 0.52 6637 180 45 96
2236 13.15488888888889 33.16138888888889 116 0.73 11168 180 45 191
2237 13.155166666666666 35.526666666666664 187 1.32 4923 180 45 165
2238 13.156916666666667 33.724722222222226 117 1.14 4736 180 45 213
2239 13.16025 34.51972222222222 277 1.41 11062 180 45 398
2240 13.1615 31.41916666666667 111 0.71 6624 180 45 394
2241 13.161972222222223 34.98416666666667 445 2.46 10978 180 45 72
2242 13.162361111111112 34.69777777777777 200 1.04 10658 180 45 176
2243 13.168138888888889 34.18055555555555 135 14.37 809 180 45 209
2244 13.172416666666667 32.48583333333333 268 4.38 5272 180 45 339
2245 13.17311111111111 33.33638888888889 119 1.62 4794 180 45 46
2246 13.179833333333333 34.80833333333333 79 0.59 11079 180 45 214
2247 13.181027777777777 34.24611111111111 205 1.36 10604 180 45 145
2248 13.18163888888889 35.782777777777774 154 0.87 7001 180 45 169
2249 13.183916666666667 35.503055555555555 110 10.35 854 180 45 200
2250 13.184111111111111 35.469166666666666 118 1.09 4920 180 45 141
2251 13.190194444444444 36.175 168 1.27 1126 180 45 198
2252 13.191944444444445 32.51611111111111 174 0.67 7061 180 45 114
2253 13.192083333333333 34.345555555555556 194 1.22 6259 180 45 296
2254 13.192722222222223 35.08388888888889 37 0.61 2331 180 45 306
2255 13.194416666666667 34.63916666666667 82 0.83 11009 180 45 362
2256 13.195611111111111 35.965 31 0.47 1128 180 45 72
2257 13.196527777777778 34.584722222222226 222 1.5 5201 180 45 150
2258 13.197416666666667 31.7075 190 3.21 6240 180 45 281
2259 13.19838888888889 33.29333333333333 126 0.57 7007 180 45 120
2260 13.198444444444444 34.03666666666666 218 2.21 5087 180 45 67
2261 13.20075 32.406388888888884 188 1.16 6323 180 45 296
2262 13.202666666666666 34.683611111111105 23 0.46 2287 180 45 145
2263 13.202888888888888 34.08305555555556 125 0.89 10069 180 45 63
2264 13.203166666666666 35.67666666666666 190 10.84 813 180 45 327
2265 13.207527777777777 33.22888888888889 81 0.55 6840 180 45 133
2266 13.208222222222222 31.304722222222225 106 0.67 7339 180 45 424
2267 13.210333333333333 34.064166666666665 107 2.86 10215 180 45 377
2268 13.211722222222221 34.76444444444444 147 1.31 10335 180 45 181
2269 13.213027777777777 31.808055555555555 455 7.93 6346 180 45 219
2270 13.215527777777776 33.543055555555554 132 0.86 4800 180 45 218
2271 13.216111111111111 31.255555555555556 204 2.94 6080 180 45 240
2272 13.219861111111111 33.99277777777778 356 2.59 10558 180 45 238
2273 13.221583333333333 31.609166666666667 63 0.53 7512 180 45 231
2274 13.222111111111111 31.4075 22 0.56 800 180 45 81
2275 13.222444444444445 36.18416666666666 79 8.11 945 180 45 198
2276 13.224 33.28722222222222 176 1.93 4778 180 45 239
2277 13.228583333333333 33.98888888888889 77 1.2 10300 180 45 243
2278 13.235249999999999 35.65694444444444 45 0.65 6919 180 45 305
2279 13.241555555555555 35.38916666666667 136 10.54 2324 180 45 137
2280 13.243333333333332 35.84638888888889 31 0.32 1138 180 45 109
2281 13.24686111111111 34.88527777777778 63 3.93 859 180 45 180
2282 13.252611111111111 34.45611111111111 264 1.29 11160 180 45 51
2283 13.257333333333333 33.46222222222222 284 1.13 11180 180 45 200
2284 13.2575 35.16722222222222 35 0.4 6886 180 45 264
2285 13.257555555555555 33.15416666666667 246 2.51 4873 180 45 246
2286 13.261222222222223 34.52194444444444 130 0.84 9733 180 45 281
2287 13.261805555555556 32.033055555555556 231 1.12 15533 180 45 146
2288 13.262305555555555 31.314722222222223 32 0.77 7484 180 45 103
2289 13.263583333333333 31.850833333333334 226 4.72 5097 180 45 200
2290 13.263555555555556 33.58305555555556 141 1.07 6265 180 45 70
2291 13.264416666666667 31.65888888888889 188 0.89 7775 180 45 248
2292 13.26463888888889 35.2925 95 0.61 5170 180 45 123
2293 13.267722222222224 35.04222222222222 353 5.5 6955 180 45 243
2294 13.270083333333334 34.05611111111111 352 1.66 9456 180 45 378
2295 13.270666666666667 36.080555555555556 325 3.24 6822 180 45 344
2296 13.271222222222223 35.76138888888889 233 2.46 5270 180 45 167
2297 13.275611111111113 31.54416666666667 144 1.44 7400 180 45 164
2298 13.276444444444445 35.525555555555556 211 1.3 13042 180 45 191
2299 13.27677777777778 34.13861111111111 166 1.34 9492 180 45 111
2300 13.278805555555556 31.36916666666667 186 1.85 5760 180 45 101
2301 13.279000000000002 33.60611111111111 174 0.77 10959 180 45 321
2302 13.281055555555556 31.624166666666667 233 2.21 9065 180 45 170
2303 13.28275 31.706666666666667 93 0.97 5121 180 45 243
2304 13.283027777777779 33.70888888888889 66 1.01 6240 180 45 449
2305 13.283333333333333 34.098888888888894 431 8.09 9445 180 45 97
2306 13.288694444444443 33.816111111111105 82 0.76 6169 180 45 253
2307 13.291888888888888 31.0875 265 4.86 5549 180 45 238
2308 13.293527777777777 35.47638888888889 16 0.51 326 180 45 381
2309 13.293583333333332 33.63944444444444 148 0.78 10866 180 45 173
2310 13.295055555555555 32.65972222222222 174 0.73 10951 180 45 174
2311 13.301527777777778 33.82527777777778 330 1.47 10365 180 45 117
2312 13.302750000000001 31.794444444444448 219 1.14 13505 180 45 365
2313 13.302611111111112 34.21277777777778 127 0.68 6086 180 45 402
2314 13.303666666666667 31.78638888888889 219 1.21 7648 180 45 577
2315 13.306722222222223 32.84805555555556 310 2.1 11095 180 45 140
2316 13.307361111111112 31.469166666666666 87 2.32 5601 180 45 231
2317 13.3155 33.541666666666664 201 0.91 11264 180 45 92
2318 13.316749999999999 33.552499999999995 147 0.79 8265 180 45 203
2319 13.317499999999999 32.89722222222222 144 1.89 7941 180 45 571
2320 13.321833333333332 31.052222222222223 164 1.55 7516 180 45 274
2321 13.3235 31.066111111111113 239 0.87 13397 180 45 71
2322 13.3265 32.992222222222225 150 0.75 10593 180 45 96
2323 13.327972222222222 33.24722222222222 418 2.34 11292 180 45 251
2324 13.329194444444445 32.10277777777778 220 1.3 10901 180 45 145
2325 13.331555555555555 31.231944444444444 222 1.03 5559 180 45 109
2326 13.333277777777777 31.427500000000002 422 3.19 13438 180 45 299
2327 13.333444444444446 31.974444444444444 218 0.84 5431 180 45 189
2328 13.333583333333333 31.663888888888888 256 1.05 13769 180 45 70
2329 13.33513888888889 33.06916666666667 138 0.76 11436 180 45 319
2330 13.335444444444445 32.862500000000004 581 1.67 11176 180 45 86
2331 13.335666666666667 33.09861111111111 129 0.84 11702 180 45 126
2332 13.338083333333334 31.469166666666666 60 0.55 4755 180 45 134
2333 13.339583333333334 31.514444444444443 145 2.6 5033 180 45 176
2334 13.341361111111112 31.968055555555555 166 0.61 4957 180 45 436
2335 13.341972222222223 33.14666666666667 146 1.45 5461 180 45 543
2336 13.343833333333334 35.87722222222222 25 0.29 5406 180 45 257
2337 13.347083333333334 31.37472222222222 220 0.8 5023 180 45 140
2338 13.347166666666666 35.8575 67 0.34 7017 180 45 180
2339 13.347694444444445 31.61527777777778 283 1.58 13438 180 45 240
2340 13.348583333333334 35.69361111111111 244 1.26 9995 180 45 110
2341 13.348805555555556 32.189722222222215 154 1.79 6934 180 45 410
2342 13.348972222222223 33.76 139 0.82 10572 180 45 201
2343 13.349777777777778 34.933611111111105 106 1.17 5934 180 45 82
2344 13.350083333333332 35.78055555555555 157 1.4 5366 180 45 198
2345 13.350111111111111 31.005555555555556 311 1.4 14025 180 45 54
2346 13.350472222222223 33.064166666666665 207 1.19 7471 180 45 275
2347 13.352944444444445 32.561388888888885 158 1.16 10337 180 45 173
2348 13.353444444444444 33.07805555555556 237 1.54 11120 180 45 157
2349 13.353833333333332 31.22111111111111 183 5.38 5079 180 45 129
2350 13.35463888888889 31.93 192 0.86 7236 180 45 117
2351 13.354833333333334 35.92027777777778 75 0.5 5869 180 45 290
2352 13.355333333333332 31.546944444444446 103 0.74 7164 180 45 107
2353 13.355833333333333 35.581388888888895 80 2.05 5688 180 45 244
2354 13.361694444444444 31.345277777777778 274 1.98 4871 180 45 268
2355 13.362972222222222 31.242222222222225 89 2.84 7262 180 45 149
2356 13.364888888888888 32.43611111111111 290 2.4 10302 180 45 52
2357 13.365222222222222 35.36472222222223 131 2.15 5837 180 45 252
2358 13.36586111111111 32.099722222222226 182 1.71 5160 180 45 147
2359 13.366277777777777 35.632777777777775 203 1.3 5935 180 45 90
2360 13.368833333333335 33.35888888888889 133 0.78 11946 180 45 59
2361 13.369166666666667 35.39833333333333 263 1.65 5981 180 45 229
2362 13.373055555555556 33.09527777777778 284 1.15 10443 180 45 288
2363 13.373944444444446 35.21222222222222 33 0.55 699 180 45 92
2364 13.377194444444445 32.24722222222222 35 0.85 11123 180 45 365
2365 13.377805555555556 31.01722222222222 88 0.86 10970 180 45 143
2366 13.377694444444446 32.888888888888886 346 1.53 10765 180 45 178
2367 13.378055555555555 33.51638888888889 322 1.37 11507 180 45 67
2368 13.379055555555556 32.61 302 2.14 12891 180 45 199
2369 13.379722222222222 33.45583333333334 95 0.41 11822 180 45 108
2370 13.380555555555556 31.319166666666668 154 1.04 7090 180 45 49
2371 13.38125 31.833333333333332 168 1.56 5352 180 45 174
2372 13.38125 35.16 86 3.31 748 180 45 157
2373 13.381194444444445 32.88333333333333 156 0.93 10862 180 45 451
2374 13.384555555555554 33.05138888888889 62 0.43 7080 180 45 240
2375 13.389333333333333 32.06805555555556 117 0.87 5058 180 45 112
2376 13.39011111111111 33.72166666666667 22 0.35 8078 180 45 128
2377 13.395333333333333 31.5775 639 4.09 5237 180 45 139
2378 13.398416666666666 31.023055555555555 387 1.88 14313 180 45 353
2379 13.40225 31.766944444444444 151 1.52 4629 180 45 154
2380 13.40338888888889 34.14888888888889 239 1.68 6888 180 45 101
2381 13.404777777777777 31.359444444444446 282 1.64 4971 180 45 242
2382 13.405805555555556 35.913333333333334 299 3.5 5561 180 45 537
2383 13.405805555555556 32.846944444444446 436 2.69 11668 180 45 386
2384 13.405972222222223 32.323888888888895 123 0.7 12493 180 45 193
2385 13.409944444444445 32.93444444444444 41 0.64 11686 180 45 82
2386 13.412305555555555 32.544999999999995 128 0.9 11950 180 45 175
2387 13.418999999999999 35.48388888888889 374 2.32 12628 180 45 479
2388 13.419027777777778 32.53472222222222 153 1.7 12212 180 45 149
2389 13.420833333333333 32.05888888888889 227 1.03 11058 180 45 127
2390 13.426666666666666 35.925 120 0.39 5464 180 45 303
2391 13.427249999999999 31.933333333333334 236 1.33 11280 180 45 139
2392 13.427972222222222 33.68444444444444 286 2.11 11691 180 45 251
2393 13.428944444444443 33.13388888888889 153 1.29 7544 180 45 203
2394 13.429138888888888 34.485 196 1.03 10274 180 45 60
2395 13.430138888888889 33.06222222222222 83 0.56 4398 180 45 171
2396 13.436305555555556 35.93583333333333 395 5.63 5654 180 45 295
2397 13.437222222222223 31.349166666666665 437 2.73 17373 180 45 308
2398 13.437694444444444 34.93861111111111 309 1.75 10164 180 45 193
2399 13.437861111111111 33.598333333333336 290 1.54 10648 180 45 162
2400 13.441194444444445 32.41166666666666 102 0.42 4824 180 45 181
2401 13.441583333333334 36.00944444444445 142 4.83 5548 180 45 178
2402 13.442305555555556 33.19333333333333 168 1.02 7157 180 45 106
2403 13.443861111111111 32.75527777777778 211 1.03 7371 180 45 75
2404 13.445944444444445 32.97777777777778 383 1.43 10961 180 45 92
2405 13.448777777777778 32.19611111111111 371 4.81 5280 180 45 285
2406 13.45 32.54111111111111 396 1.95 7625 180 45 270
2407 13.454805555555556 32.040277777777774 494 2.19 7307 180 45 301
2408 13.455166666666665 31.78638888888889 107 1.7 4609 180 45 351
2409 13.45536111111111 35.57194444444445 40 1.13 12728 180 45 128
2410 13.467222222222222 33.599722222222226 159 1.15 7393 180 45 207
2411 13.467416666666667 34.31361111111111 260 1.51 10775 180 45 389
2412 13.470555555555556 32.02583333333333 497 1.98 4659 180 45 194
2413 13.471833333333333 34.16166666666666 324 2.19 7721 180 45 122
2414 13.472833333333334 31.010555555555555 114 0.41 4980 180 45 112
2415 13.47638888888889 33.14416666666666 37 1.17 750 180 45 73
2416 13.476833333333333 32.07194444444445 69 0.47 4808 180 45 197
2417 13.477305555555557 33.6 424 2.89 7890 180 45 435
2418 13.482333333333333 32.87416666666667 284 3.28 7713 180 45 208
2419 13.491499999999998 33.82777777777778 235 1.62 7409 180 45 266
2420 13.492222222222221 32.57638888888889 122 0.73 4698 180 45 197
2421 13.493694444444444 34.59444444444445 298 1.96 9808 180 45 179
2422 13.49486111111111 31.986666666666668 132 0.85 13136 180 45 61
2423 13.494805555555555 32.21611111111111 186 0.63 7404 180 45 439
2424 13.496833333333333 31.1325 291 3.69 7170 180 45 321
2425 13.49686111111111 31.310833333333335 183 2.12 4972 180 45 243
2426 13.497888888888887 33.022777777777776 149 0.52 4671 180 45 314
2427 13.499555555555554 31.005555555555556 179 1.23 7301 180 45 218
2428 13.502916666666666 32.28722222222222 23 0.91 746 180 45 313
2429 13.505083333333333 31.331666666666667 249 8.32 4817 180 45 219
2430 13.505305555555555 32.513888888888886 166 2.28 11182 180 45 145
2431 13.5075 31.619722222222222 588 13.1 7313 180 45 287
2432 13.508027777777778 31.365833333333335 239 1.1 7542 180 45 190
2433 13.51025 31.278888888888886 233 1.17 10234 180 45 134
2434 13.51013888888889 34.910555555555554 280 1.84 7710 180 45 461
2435 13.510583333333333 35.331944444444446 204 1.12 7250 180 45 234
2436 13.511416666666667 33.83916666666667 29 0.57 10532 180 45 258
2437 13.51225 32.29222222222222 296 1.48 6833 180 45 194
2438 13.5125 32.75944444444445 43 4.23 4672 180 45 175
2439 13.519361111111111 32.785555555555554 225 1.19 7368 180 45 151
2440 13.520833333333334 32.74166666666667 133 0.6 11115 180 45 162
2441 13.523277777777778 32.522777777777776 289 0.98 10337 180 45 158
2442 13.525361111111112 33.544444444444444 208 1.12 10571 180 45 292
2443 13.52588888888889 34.25388888888889 232 1.9 6998 180 45 51
2444 13.527083333333334 33.7425 107 1.02 7250 180 45 136
2445 13.528972222222222 34.41583333333333 51 0.67 9601 180 45 142
2446 13.529250000000001 31.194166666666668 231 0.96 12656 180 45 108
2447 13.532472222222223 31.035555555555558 192 3.55 4652 180 45 211
2448 13.538972222222222 35.319722222222225 118 0.77 7136 180 45 123
2449 13.542361111111111 33.72888888888889 89 0.57 6957 180 45 181
2450 13.542638888888888 33.56638888888889 188 1.52 7033 180 45 238
2451 13.543916666666666 35.3675 164 1.17 6038 180 45 298
2452 13.544722222222221 32.0025 133 0.62 11625 180 45 305
2453 13.549166666666666 33.22833333333333 36 0.57 7468 180 45 55
2454 13.550722222222223 32.29416666666666 162 1.38 7426 180 45 105
2455 13.552583333333335 34.5475 97 1.47 7475 180 45 171
2456 13.553333333333335 35.52777777777778 215 1.77 7793 180 45 158
2457 13.553583333333334 32.670833333333334 442 2.81 11744 180 45 284
2458 13.554 32.933611111111105 112 1.12 4494 180 45 360
2459 13.554472222222223 33.11416666666667 379 4.34 7318 180 45 425
2460 13.554972222222222 34.52611111111111 383 2.69 7331 180 45 95
2461 13.556444444444445 33.20416666666667 155 0.85 7050 180 45 163
2462 13.557083333333335 33.52472222222222 49 0.52 7333 180 45 136
2463 13.557361111111112 33.86972222222222 69 0.62 6980 180 45 152
2464 13.557861111111112 33.059999999999995 409 7.13 7369 180 45 210
2465 13.558972222222224 34.39277777777778 213 1.19 7329 180 45 66
2466 13.57025 31.893333333333334 134 1.11 2508 180 45 62
2467 13.570472222222222 33.943888888888885 270 4.72 12037 180 45 347
2468 13.570583333333333 32.68388888888889 237 1.03 11280 180 45 174
2469 13.571166666666667 31.42888888888889 173 6.83 5018 180 45 76
2470 13.571722222222222 31.30027777777778 160 1.32 12319 180 45 389
2471 13.57536111111111 35.25083333333333 287 1.59 7727 180 45 253
2472 13.575833333333334 36.04555555555555 210 3.59 7007 180 45 287
2473 13.576638888888889 33.62833333333333 199 1.42 7146 180 45 267
2474 13.57925 33.89944444444444 414 2.98 7007 180 45 257
2475 13.581194444444444 34.202222222222225 67 0.96 7289 180 45 150
2476 13.581777777777777 31.389444444444443 209 13.21 4962 180 45 126
2477 13.582722222222221 34.04416666666666 253 9.8 7119 180 45 277
2478 13.584805555555556 31.01361111111111 320 1.24 5017 180 45 135
2479 13.584861111111111 34.472500000000004 252 1.82 7523 180 45 122
2480 13.585500000000001 31.523888888888887 63 1.87 4947 180 45 252
2481 13.58588888888889 32.80444444444444 152 0.69 7490 180 45 164
2482 13.58613888888889 32.66305555555555 234 0.82 7281 180 45 240
2483 13.59088888888889 35.43583333333333 141 1.27 7402 180 45 40
2484 13.591083333333334 32.99638888888889 269 1.4 13598 180 45 131
2485 13.591277777777778 34.151944444444446 187 1.21 7326 180 45 176
2486 13.593388888888889 33.475 389 1.39 7465 180 45 512
2487 13.593444444444446 33.39111111111111 98 0.71 4296 180 45 208
2488 13.5935 33.44555555555555 166 0.84 13755 180 45 173
2489 13.594833333333334 33.35138888888889 428 2.09 7060 180 45 172
2490 13.595666666666668 33.87888888888889 137 0.78 7465 180 45 101
2491 13.596194444444444 35.971111111111114 151 0.53 5983 180 45 530
2492 13.597750000000001 35.005 349 4.63 7502 180 45 87
2493 13.598722222222223 33.42666666666666 262 0.73 7657 180 45 221
2494 13.598833333333333 35.58972222222222 245 4.84 2232 180 45 345
2495 13.601166666666666 33.80361111111111 35 0.61 12215 180 45 153
2496 13.6015 32.13583333333333 87 1.37 2432 180 45 62
2497 13.602222222222222 34.86472222222223 313 1.35 7301 180 45 123
2498 13.603861111111112 35.36416666666667 167 1.08 7394 180 45 355
2499 13.612833333333333 32.093333333333334 107 4.4 3031 180 45 338
2500 13.615083333333333 32.093333333333334 65 3.93 3008 180 45 171
2501 13.61525 32.86222222222222 111 2.63 2491 180 45 180
2502 13.616722222222222 33.56666666666667 187 2.82 7737 180 45 481
2503 13.616972222222223 31.76888888888889 197 4.78 3003 180 45 176
2504 13.618027777777778 31.893333333333334 54 1.24 3019 180 45 359
2505 13.619083333333334 33.683611111111105 48 0.62 4241 180 45 140
2506 13.620416666666667 31.89638888888889 125 0.74 7262 180 45 176
2507 13.623194444444445 33.13805555555555 190 1.07 12052 180 45 346
2508 13.63513888888889 32.538888888888884 114 1.43 13420 180 45 280
2509 13.636805555555554 35.61 122 1.39 7617 180 45 242
2510 13.637277777777777 32.81722222222223 280 3.62 7362 180 45 315
2511 13.640694444444444 33.120555555555555 213 10.14 2421 180 45 52
2512 13.642555555555555 33.5 166 0.9 5166 180 45 270
2513 13.646666666666667 33.796388888888885 132 0.68 4121 180 45 103
2514 13.647805555555555 32.375277777777775 220 1.07 7618 180 45 140
2515 13.651055555555557 32.14555555555555 204 1.83 7633 180 45 151
2516 13.655916666666666 31.26 50 2.84 704 180 45 537
2517 13.65788888888889 31.206666666666667 563 4.28 10691 180 45 224
2518 13.662138888888888 32.72361111111111 81 0.66 2595 180 45 299
2519 13.662916666666668 31.288611111111113 49 5.56 748 180 45 173
2520 13.667833333333332 33.92638888888889 41 0.56 7324 180 45 376
2521 13.672083333333333 32.15138888888889 240 1.86 7727 180 45 139
2522 13.672388888888888 31.388055555555557 389 1.76 10589 180 45 192
2523 13.677138888888889 34.30166666666666 127 1.11 4051 180 45 110
2524 13.680444444444444 32.40861111111111 121 0.82 2669 180 45 57
2525 13.687666666666667 32.52916666666667 197 1.09 7500 180 45 358
2526 13.688277777777778 33.77055555555555 180 2.87 2035 180 45 162
2527 13.691166666666668 34.83083333333334 168 0.95 6791 180 45 122
2528 13.6915 32.19027777777777 241 1.03 4693 180 45 305
2529 13.692333333333334 32.05444444444444 98 0.74 5010 180 45 78
2530 13.692333333333334 32.70583333333334 97 0.84 4532 180 45 124
2531 13.694222222222223 33.589444444444446 81 0.94 4843 180 45 446
2532 13.700305555555556 32.48555555555556 34 0.49 8179 180 45 304
2533 13.700388888888888 33.155833333333334 43 0.86 5010 180 45 70
2534 13.701194444444443 31.904722222222222 233 1.31 4707 180 45 340
2535 13.701444444444444 32.025277777777774 201 3.27 4704 180 45 91
2536 13.706444444444443 35.625277777777775 286 4.46 5441 180 45 178
2537 13.70661111111111 32.86888888888889 108 1.54 4696 180 45 321
2538 13.709777777777777 35.03055555555555 420 4.92 7281 180 45 236
2539 13.712472222222221 31.885833333333334 91 0.49 10724 180 45 166
2540 13.717583333333334 34.26166666666666 145 0.69 7627 180 45 262
2541 13.719277777777778 33.561388888888885 125 1.25 3162 180 45 250
2542 13.719694444444444 35.12444444444444 371 2.17 9459 180 45 206
2543 13.740138888888888 34.1225 148 1.32 7467 180 45 99
2544 13.741472222222221 35.193888888888885 243 7.19 2436 180 45 98
2545 13.74925 32.2475 194 0.94 12759 180 45 211
2546 13.751861111111111 35.350833333333334 197 1.19 7013 180 45 71
2547 13.753444444444444 35.227222222222224 255 2.05 3785 180 45 302
2548 13.76013888888889 35.723888888888894 112 2.11 7263 180 45 62
2549 13.767222222222223 31.5425 223 1.01 12980 180 45 195
2550 13.76875 34.03583333333333 25 0.78 4769 180 45 362
2551 13.773916666666668 33.848888888888894 93 2.63 4792 180 45 255
2552 13.776250000000001 35.96361111111111 203 0.81 7052 180 45 91
2553 13.783166666666668 35.30916666666666 146 1.58 4944 180 45 128
2554 13.784138888888888 33.896388888888886 277 5.46 4964 180 45 123
2555 13.785333333333334 33.88111111111111 205 7.42 4516 180 45 120
2556 13.788166666666667 34.14888888888889 289 2.46 4884 180 45 290
2557 13.792388888888889 31.96722222222222 292 1.31 13855 180 45 65
2558 13.793888888888889 33.211666666666666 19 1.2 770 180 45 276
2559 13.7955 32.11638888888889 142 0.78 7113 180 45 379
2560 13.802305555555556 36.13 157 5.12 2248 180 45 152
2561 13.807277777777779 35.24722222222222 144 0.7 7491 180 45 169
2562 13.807833333333335 34.15833333333333 280 1.39 10412 180 45 113
2563 13.808333333333334 35.26972222222222 153 1.13 6359 180 45 343
2564 13.80988888888889 33.51 282 0.93 4354 180 45 189
2565 13.811444444444446 31.464166666666667 163 1.72 7908 180 45 105
2566 13.81936111111111 35.73444444444444 48 0.48 1366 180 45 284
2567 13.820083333333333 33.315555555555555 88 2.44 2164 180 45 154
2568 13.820611111111111 35.26111111111111 443 12.52 5033 180 45 174
2569 13.82386111111111 31.490555555555556 247 1.99 8579 180 45 253
2570 13.825222222222221 34.79611111111111 72 0.91 5114 180 45 201
2571 13.825916666666666 35.21638888888889 162 1.65 7693 180 45 190
2572 13.83075 33.61611111111111 374 1.68 4367 180 45 236
2573 13.833083333333333 34.180277777777775 177 1.43 4460 180 45 114
2574 13.841305555555556 32.282222222222224 328 2.31 7647 180 45 65
2575 13.842444444444444 35.12555555555556 284 3.78 6354 180 45 133
2576 13.84275 33.72972222222222 49 0.75 12868 180 45 125
2577 13.843277777777779 35.25694444444444 130 1.3 4877 180 45 339
2578 13.844611111111112 32.349444444444444 84 3.17 7506 180 45 184
2579 13.856694444444445 33.505833333333335 126 0.65 4536 180 45 135
2580 13.862027777777778 33.70166666666667 93 0.52 14960 180 45 191
2581 13.862222222222222 35.05333333333333 83 0.95 7351 180 45 149
2582 13.862416666666666 32.11944444444445 380 1.12 13105 180 45 446
2583 13.862777777777778 33.373333333333335 88 0.71 14774 180 45 456
2584 13.865777777777778 35.06083333333333 152 1.13 7431 180 45 167
2585 13.885638888888888 35.72361111111111 380 3.91 12340 180 45 147
2586 13.887444444444444 35.58722222222222 375 2.2 11928 180 45 68
2587 13.88811111111111 32.713055555555556 143 0.93 10568 180 45 77
2588 13.888277777777777 32.118611111111115 332 1.49 14861 180 45 303
2589 13.888361111111111 35.49666666666667 223 0.94 12070 180 45 118
2590 13.888666666666666 31.87666666666667 110 0.8 13509 180 45 121
2591 13.888416666666666 33.48638888888889 101 11.4 2383 180 45 255
2592 13.896777777777777 34.76277777777778 262 1.4 12257 180 45 397
2593 13.900194444444445 34.35138888888889 177 1.35 7924 180 45 158
2594 13.900916666666667 33.60277777777778 249 2.15 13755 180 45 202
2595 13.9015 33.177499999999995 100 0.62 7969 180 45 61
2596 13.903555555555556 32.75194444444445 211 1.14 14888 180 45 276
2597 13.904416666666666 32.859722222222224 56 0.75 7675 180 45 75
2598 13.904944444444444 32.92861111111111 423 2.42 7855 180 45 173
2599 13.905750000000001 31.789166666666667 215 1.3 6997 180 45 183
2600 13.913222222222222 32.98388888888889 270 1.57 13978 180 45 37
2601 13.9135 35.836111111111116 29 6.82 226 180 45 107
2602 13.918249999999999 32.903888888888886 194 1.56 2393 180 45 67
2603 13.918583333333332 32.28777777777778 80 0.8 6685 180 45 94
2604 13.919722222222221 31.279999999999998 312 1.9 17143 180 45 165
2605 13.91986111111111 32.86694444444444 483 4.5 14481 180 45 304
2606 13.920027777777777 35.72694444444445 115 1.12 11745 180 45 138
2607 13.92536111111111 31.2425 67 0.56 8865 180 45 222
2608 13.931194444444444 33.468333333333334 534 1.45 12376 180 45 477
2609 13.941416666666667 34.275555555555556 108 1.06 4936 180 45 183
2610 13.954555555555554 33.46138888888889 226 0.96 14235 180 45 394
2611 13.955 34.52333333333333 334 2.02 8133 180 45 187
2612 13.962305555555554 33.78361111111111 205 1.11 10341 180 45 182
2613 13.968333333333334 33.66305555555555 215 2.26 14659 180 45 170
2614 13.969583333333333 35.724722222222226 42 0.57 2589 180 45 118
2615 13.974472222222222 32.94277777777778 142 0.53 14763 180 45 161
2616 13.977805555555555 34.520833333333336 67 0.94 10526 180 45 217
2617 13.977916666666667 35.095 356 2.75 10440 180 45 216
2618 13.980472222222222 31.61722222222222 93 1.25 7476 180 45 224
2619 13.980777777777778 31.81888888888889 286 1.16 14377 180 45 281
2620 13.981222222222222 32.84777777777778 207 1.08 14857 180 45 111
2621 13.984972222222222 35.8875 48 0.44 8129 180 45 77
2622 13.987194444444444 33.77611111111111 184 0.91 15103 180 45 72
2623 13.987472222222221 34.2925 249 1.99 14830 180 45 367
2624 13.992138888888888 34.77472222222222 382 4.37 3660 180 45 43
2625 13.994444444444444 32.680277777777775 224 1.44 14913 180 45 292
2626 13.99611111111111 34.84277777777778 101 1.03 3677 180 45 268
2627 13.99711111111111 32.046388888888885 310 1.3 14309 180 45 119
2628 14.00125 31.650555555555552 395 1.68 14354 180 45 127
2629 14.004888888888889 31.05138888888889 251 0.98 14172 180 45 154
2630 14.009166666666667 34.657777777777774 91 0.72 4465 180 45 184
2631 14.010722222222222 36.049166666666665 39 0.42 3249 180 45 44
2632 14.01211111111111 31.898888888888887 217 5.73 4371 180 45 62
2633 14.021583333333334 31.990277777777777 307 1.13 10014 180 45 250
2634 14.021694444444446 32.18722222222222 191 0.92 10076 180 45 270
2635 14.027472222222222 33.82833333333333 388 1.49 8058 180 45 96
2636 14.028444444444446 33.80777777777777 123 1.28 7613 180 45 80
2637 14.030972222222223 32.347500000000004 213 1.22 4301 180 45 181
2638 14.031583333333334 32.445277777777775 124 0.74 4275 180 45 193
2639 14.03275 36.17111111111111 189 1.32 5141 180 45 109
2640 14.04336111111111 32.506388888888885 383 5.91 4362 180 45 231
2641 14.050472222222224 34.75666666666667 620 23.51 3693 180 45 304
2642 14.053333333333335 34.684999999999995 49 1.75 13255 180 45 115
2643 14.055250000000001 34.96083333333333 229 1.76 7932 180 45 239
2644 14.055944444444446 35.347500000000004 220 1.01 14725 180 45 135
2645 14.063416666666667 33.57694444444445 151 1.08 5711 180 45 176
2646 14.068277777777778 31.025 95 1.0 4269 180 45 281
2647 14.07263888888889 33.333333333333336 328 1.73 8101 180 45 149
2648 14.074083333333332 35.617777777777775 158 1.51 8181 180 45 101
2649 14.074472222222221 33.955000000000005 356 2.09 7939 180 45 143
2650 14.07675 35.54861111111111 227 4.75 4216 180 45 294
2651 14.078388888888888 35.88916666666667 153 1.3 3909 180 45 336
2652 14.080722222222223 31.06388888888889 203 1.88 4351 180 45 65
2653 14.082722222222221 35.61694444444444 41 0.97 863 180 45 263
2654 14.096694444444445 34.82638888888889 158 1.35 7678 180 45 114
2655 14.104472222222222 35.794444444444444 142 6.04 8080 180 45 519
2656 14.108138888888888 31.665 37 0.52 14811 180 45 48
2657 14.110166666666666 35.278888888888886 94 0.83 4194 180 45 129
2658 14.113694444444445 33.76611111111111 470 2.2 10630 180 45 299
2659 14.1195 35.064166666666665 25 3.57 58 180 45 101
2660 14.121777777777778 31.293055555555558 379 1.58 8258 180 45 267
2661 14.133166666666668 31.654166666666665 221 1.57 5011 180 45 318
2662 14.137194444444445 35.736666666666665 128 4.07 8201 180 45 92
2663 14.13861111111111 32.22805555555556 193 0.61 15182 180 45 520
2664 14.148333333333333 33.530277777777776 516 4.48 10602 180 45 126
2665 14.153333333333334 35.37861111111111 85 2.13 3743 180 45 139
2666 14.164944444444444 35.47222222222222 117 1.01 3577 180 45 427
2667 14.165111111111111 34.36555555555556 99 2.23 8312 180 45 197
2668 14.181305555555555 32.31055555555555 291 0.95 7367 180 45 156
2669 14.182694444444444 32.21138888888889 284 0.94 8288 180 45 181
2670 14.185555555555556 31.3275 79 0.73 4948 180 45 52
2671 14.190305555555556 31.272499999999997 148 1.97 15748 180 45 107
2672 14.19275 34.144444444444446 190 1.3 10130 180 45 530
2673 14.196833333333334 31.928611111111113 131 0.92 8225 180 45 73
2674 14.198083333333333 35.73583333333333 214 1.34 10237 180 45 82
2675 14.200666666666667 34.348333333333336 214 1.39 10177 180 45 284
2676 14.20286111111111 35.72888888888889 103 0.77 3243 180 45 190
2677 14.20422222222222 34.38388888888889 216 1.76 10166 180 45 134
2678 14.20886111111111 34.55361111111111 149 1.16 9405 180 45 167
2679 14.212055555555555 31.514722222222222 107 0.91 8365 180 45 269
2680 14.214027777777778 35.71666666666667 440 4.62 8373 180 45 80
2681 14.22011111111111 35.580555555555556 94 0.83 3627 180 45 129
2682 14.222777777777777 35.264722222222225 63 0.46 3281 180 45 380
2683 14.228222222222222 35.93472222222222 94 0.75 3724 180 45 327
2684 14.229416666666667 31.036944444444448 111 0.83 8447 180 45 138
2685 14.229527777777777 34.019999999999996 154 1.07 10149 180 45 77
2686 14.232916666666666 31.565555555555555 105 3.51 15245 180 45 142
2687 14.241 35.849722222222226 83 1.42 8385 180 45 131
2688 14.249888888888888 33.00111111111111 205 0.92 8588 180 45 253
2689 14.251722222222222 35.759166666666665 200 2.18 8208 180 45 183
2690 14.251972222222221 36.12833333333333 243 0.82 8325 180 45 254
2691 14.25463888888889 34.35055555555556 226 1.55 8497 180 45 105
2692 14.262888888888888 36.1725 209 1.51 7427 180 45 126
2693 14.268555555555556 33.724444444444444 303 2.37 8515 180 45 478
2694 14.26888888888889 35.3425 433 21.85 3861 180 45 63
2695 14.277277777777778 35.88 174 1.55 8368 180 45 160
2696 14.280944444444446 32.805277777777775 143 1.99 6700 180 45 225
2697 14.285583333333333 36.05333333333333 184 1.14 8429 180 45 206
2698 14.297416666666667 33.558611111111105 128 2.07 4752 180 45 340
2699 14.29813888888889 33.419999999999995 157 0.91 15063 180 45 143
2700 14.29888888888889 33.17055555555555 119 0.97 7356 180 45 352
2701 14.298944444444444 35.157777777777774 30 0.54 9630 180 45 194
2702 14.303027777777778 35.67805555555555 151 2.37 3051 180 45 174
2703 14.305083333333334 31.65222222222222 319 8.9 4280 180 45 86
2704 14.306083333333333 34.11611111111111 127 1.13 10100 180 45 66
2705 14.312361111111112 35.26611111111111 69 0.95 3087 180 45 51
2706 14.322833333333334 35.09444444444445 242 1.65 8476 180 45 84
2707 14.325083333333334 35.57527777777778 70 0.56 3227 180 45 256
2708 14.326638888888889 36.15138888888889 115 2.86 7426 180 45 131
2709 14.334027777777779 35.663888888888884 184 2.02 3582 180 45 273
2710 14.335722222222223 35.69472222222222 132 1.14 8434 180 45 122
2711 14.33575 35.12305555555555 160 1.29 3634 180 45 205
2712 14.337 34.71361111111111 40 0.74 6693 180 45 194
2713 14.340805555555557 35.18388888888889 180 8.65 3608 180 45 235
2714 14.34613888888889 34.580000000000005 230 2.29 8531 180 45 110
2715 14.352305555555555 35.30083333333333 118 1.13 3660 180 45 70
2716 14.35811111111111 35.280277777777776 182 1.22 3398 180 45 221
2717 14.359583333333333 31.585833333333333 333 2.74 10302 180 45 568
2718 14.361388888888888 35.654444444444444 350 1.81 10890 180 45 242
2719 14.363277777777778 33.81527777777777 105 1.06 4353 180 45 101
2720 14.365444444444444 34.80638888888888 187 1.07 3131 180 45 36
2721 14.366583333333333 36.02972222222222 58 1.12 9623 180 45 66
2722 14.370361111111112 35.79111111111111 213 1.05 8467 180 45 59
2723 14.38175 31.973611111111108 227 1.51 8742 180 45 333
2724 14.381805555555555 32.848888888888894 179 2.45 10257 180 45 171
2725 14.394416666666666 34.936388888888885 145 0.98 7392 180 45 117
2726 14.395805555555555 34.01555555555556 164 1.46 3846 180 45 437
2727 14.397194444444445 34.021388888888886 316 1.45 3545 180 45 221
2728 14.398555555555555 34.723333333333336 314 1.63 8502 180 45 107
2729 14.400722222222223 33.09111111111111 464 1.61 10361 180 45 271
2730 14.402722222222222 34.86472222222223 125 3.16 3893 180 45 138
2731 14.40413888888889 33.61361111111111 286 1.65 6727 180 45 37
2732 14.404972222222222 32.67194444444444 111 0.95 4276 180 45 101
2733 14.407361111111111 32.95472222222222 132 2.19 2041 180 45 367
2734 14.409361111111112 35.290277777777774 316 2.27 8545 180 45 66
2735 14.411388888888888 35.861111111111114 88 0.53 8624 180 45 334
2736 14.413972222222222 35.295833333333334 201 1.96 3351 180 45 177
2737 14.422027777777776 32.472500000000004 102 3.18 4175 180 45 239
2738 14.42597222222222 33.849444444444444 180 3.57 3334 180 45 130
2739 14.444333333333333 33.50694444444444 159 1.01 10321 180 45 186
2740 14.445055555555555 33.13361111111111 133 0.97 3542 180 45 240
2741 14.449666666666667 31.519166666666667 284 5.0 3923 180 45 41
2742 14.452638888888888 35.92166666666667 530 2.74 8462 180 45 107
2743 14.455555555555556 31.66888888888889 86 3.51 1974 180 45 555
2744 14.457805555555554 33.596111111111114 61 0.76 4125 180 45 237
2745 14.460666666666667 34.524166666666666 160 1.1 3979 180 45 197
2746 14.461027777777778 32.1375 158 1.06 3457 180 45 90
2747 14.466166666666666 33.2825 150 0.85 4187 180 45 143
2748 14.468444444444444 33.82138888888889 166 2.92 4097 180 45 147
2749 14.473638888888889 32.391666666666666 176 3.01 4188 180 45 153
2750 14.475361111111111 32.87 98 1.08 1964 180 45 126
2751 14.47888888888889 33.4475 74 0.52 10147 180 45 124
2752 14.47925 34.38722222222222 181 1.5 7258 180 45 231
2753 14.479583333333334 33.10916666666667 169 1.98 8659 180 45 181
2754 14.481 34.461111111111116 186 1.05 9948 180 45 167
2755 14.482833333333334 31.09611111111111 187 1.15 8277 180 45 32
2756 14.484277777777777 31.656388888888888 86 0.53 1964 180 45 72
2757 14.486166666666666 31.802777777777777 171 2.0 3543 180 45 236
2758 14.486194444444443 32.903055555555554 219 2.67 4277 180 45 164
2759 14.487944444444443 31.37138888888889 52 0.73 3584 180 45 83
2760 14.490833333333333 35.57166666666667 315 2.63 8544 180 45 161
2761 14.492999999999999 35.45777777777778 316 2.3 8547 180 45 388
2762 14.494416666666666 34.62027777777778 354 1.91 13056 180 45 296
2763 14.496694444444444 35.57833333333333 118 1.01 8566 180 45 562
2764 14.497277777777777 34.60416666666667 155 1.5 8616 180 45 186
2765 14.503277777777777 31.21722222222222 365 4.29 3567 180 45 129
2766 14.506333333333334 31.077222222222222 165 0.91 10695 180 45 136
2767 14.50688888888889 34.38861111111111 111 0.68 4378 180 45 218
2768 14.507194444444444 35.32027777777778 365 8.71 3158 180 45 128
2769 14.507194444444444 32.93 533 3.52 12546 180 45 75
2770 14.517750000000001 35.525555555555556 80 2.2 4073 180 45 92
2771 14.517777777777779 31.102777777777778 121 0.7 9883 180 45 236
2772 14.520722222222224 35.196666666666665 126 1.06 3991 180 45 131
2773 14.521861111111113 35.5775 247 1.53 10471 180 45 82
2774 14.522055555555557 35.61694444444444 434 4.09 10465 180 45 231
2775 14.522444444444446 34.632777777777775 211 0.93 4366 180 45 258
2776 14.524000000000001 33.230555555555554 231 3.75 6787 180 45 503
2777 14.53013888888889 33.17111111111111 94 0.59 11054 180 45 177
2778 14.53588888888889 33.336666666666666 383 2.33 10282 180 45 218
2779 14.542694444444445 35.97527777777778 325 1.39 9712 180 45 184
2780 14.542861111111112 34.17833333333333 261 1.29 12685 180 45 175
2781 14.543916666666666 31.673055555555557 242 6.38 3531 180 45 309
2782 14.548333333333334 36.03333333333333 276 0.98 6689 180 45 235
2783 14.549722222222222 34.82805555555556 141 1.11 12985 180 45 255
2784 14.555361111111111 34.753055555555555 310 1.3 10360 180 45 189
2785 14.560416666666667 35.967222222222226 284 1.64 10334 180 45 381
2786 14.56252777777778 33.9075 143 0.8 13135 180 45 191
2787 14.564916666666667 33.91972222222222 111 0.81 8087 180 45 94
2788 14.569194444444443 34.30416666666667 269 1.52 14415 180 45 566
2789 14.57788888888889 35.9825 123 0.68 13319 180 45 136
2790 14.581999999999999 35.81916666666667 45 0.54 13288 180 45 29
2791 14.588083333333334 34.31444444444444 120 0.88 14310 180 45 190
2792 14.588472222222222 35.117222222222225 129 1.72 8553 180 45 203
2793 14.59438888888889 35.18944444444444 319 2.23 10343 180 45 306
2794 14.594944444444446 32.850833333333334 246 0.98 12019 180 45 123
2795 14.607166666666666 34.966944444444444 148 1.42 9026 180 45 243
2796 14.61136111111111 34.96527777777778 257 2.86 9064 180 45 101
2797 14.61186111111111 34.04333333333333 151 0.6 9712 180 45 126
2798 14.617916666666668 32.99888888888889 261 0.94 3782 180 45 146
2799 14.63313888888889 36.022777777777776 75 0.48 3950 180 45 61
2800 14.642166666666666 35.15888888888889 203 1.31 8627 180 45 309
2801 14.661166666666666 31.589444444444442 119 0.64 6827 180 45 416
2802 14.666472222222222 34.005833333333335 187 0.89 9415 180 45 320
2803 14.667777777777777 34.10194444444445 90 2.45 1510 180 45 259
2804 14.668111111111111 31.497777777777777 108 1.27 6743 180 45 111
2805 14.673944444444444 33.99277777777778 188 16.02 1491 180 45 253
2806 14.675027777777776 34.28055555555555 61 0.71 1489 180 45 229
2807 14.678083333333333 31.58861111111111 200 0.93 13378 180 45 54
2808 14.684027777777779 33.975833333333334 167 2.11 13726 180 45 148
2809 14.689694444444445 32.26972222222222 193 0.61 9636 180 45 342
2810 14.690583333333334 34.58277777777778 204 1.11 13644 180 45 289
2811 14.702333333333332 34.94333333333333 57 0.93 1585 180 45 259
2812 14.70422222222222 33.586666666666666 68 2.88 1501 180 45 551
2813 14.708833333333333 33.736666666666665 129 0.79 8661 180 45 373
2814 14.72475 34.73027777777778 37 0.65 1685 180 45 159
2815 14.726972222222223 32.32 138 0.83 4759 180 45 111
2816 14.74186111111111 33.99277777777778 105 1.07 9701 180 45 237
2817 14.748999999999999 32.56861111111112 50 0.42 9135 180 45 171
2818 14.754111111111111 33.027499999999996 209 2.41 13683 180 45 157
2819 14.755472222222222 34.330000000000005 36 0.79 1663 180 45 64
2820 14.757916666666667 31.434444444444445 63 8.97 1523 180 45 319
2821 14.75975 31.918333333333333 75 0.91 1210 180 45 45
2822 14.762638888888889 32.634166666666665 406 3.33 8501 180 45 113
2823 14.769055555555557 31.02583333333333 115 0.7 8869 180 45 244
2824 14.769694444444445 32.14472222222222 124 1.24 2049 180 45 212
2825 14.772944444444445 34.371944444444445 105 8.7 1636 180 45 144
2826 14.775277777777779 32.39361111111111 205 1.06 13644 180 45 250
2827 14.779666666666667 34.81861111111112 224 3.92 6428 180 45 385
2828 14.78486111111111 32.593611111111116 154 0.79 9058 180 45 319
2829 14.788472222222222 31.858055555555556 147 0.97 9769 180 45 374
2830 14.794 35.303888888888885 73 0.63 17390 180 45 305
2831 14.801222222222222 32.44472222222222 64 1.28 9067 180 45 110
2832 14.807555555555556 35.006388888888885 611 11.35 8834 180 45 260
2833 14.807944444444445 31.787222222222223 187 2.27 2878 180 45 209
2834 14.808611111111112 31.744722222222222 105 0.57 9934 180 45 441
2835 14.814416666666668 34.70805555555556 34 5.75 801 180 45 154
2836 14.816583333333334 33.18583333333333 69 0.61 1692 180 45 323
2837 14.821638888888888 31.68138888888889 49 1.73 2063 180 45 351
2838 14.821916666666667 31.916666666666668 288 1.87 8968 180 45 229
2839 14.828444444444445 32.96611111111111 374 3.1 9120 180 45 208
2840 14.844833333333334 34.07166666666667 71 1.04 14472 180 45 246
2841 14.850249999999999 35.57972222222222 100 6.24 1209 180 45 367
2842 14.854416666666665 35.54972222222222 181 9.99 1251 180 45 182
2843 14.911222222222223 32.08527777777778 21 0.37 8957 180 45 93
2844 14.912444444444445 31.14611111111111 72 5.38 1789 180 45 52
2845 14.918666666666667 33.719722222222224 290 2.09 9212 180 45 333
2846 14.933083333333332 32.11222222222222 110 0.88 2120 180 45 156
2847 14.945222222222222 34.65555555555555 170 1.05 10064 180 45 397
2848 14.949361111111111 31.488055555555558 284 1.36 9012 180 45 161
2849 14.960777777777777 34.87166666666667 82 0.89 14776 180 45 287
2850 14.961388888888887 32.82333333333334 245 1.67 16042 180 45 384
2851 14.962583333333333 33.16416666666667 191 1.41 9020 180 45 69
2852 14.965194444444444 34.00944444444445 91 0.7 6055 180 45 448
2853 14.98011111111111 33.799166666666665 266 1.72 6075 180 45 92
2854 14.986166666666666 32.80222222222222 306 2.77 6095 180 45 73
2855 14.991694444444443 33.40138888888889 41 0.46 13446 180 45 365
2856 14.99336111111111 32.84527777777778 181 8.21 2594 180 45 72
2857 14.99775 32.81666666666667 146 2.62 2694 180 45 275
2858 15.003416666666666 33.540277777777774 275 2.08 16184 180 45 197
2859 15.031972222222223 35.27194444444444 417 2.04 10092 180 45 207
2860 15.042777777777777 31.24527777777778 219 0.78 16404 180 45 455
2861 15.044888888888888 33.160555555555554 214 1.23 9304 180 45 471
2862 15.052083333333334 31.21222222222222 244 1.7 9986 180 45 339
2863 15.082749999999999 31.67138888888889 38 1.26 9063 180 45 175
2864 15.085944444444445 31.6875 255 1.16 16260 180 45 96
2865 15.087361111111111 32.21277777777778 224 0.83 15869 180 45 165
2866 15.087583333333335 32.60388888888889 96 4.24 2536 180 45 246
2867 15.090388888888889 36.00611111111111 173 0.67 14293 180 45 159
2868 15.094361111111112 31.16611111111111 279 2.49 10007 180 45 263
2869 15.097583333333334 31.66888888888889 222 2.68 13022 180 45 262
2870 15.10211111111111 32.12222222222222 161 0.97 12887 180 45 338
2871 15.109472222222221 31.739166666666666 162 1.41 9066 180 45 138
2872 15.111055555555556 32.07333333333334 459 1.21 15914 180 45 121
2873 15.11411111111111 31.674166666666668 124 0.63 9162 180 45 51
2874 15.126722222222222 34.47833333333333 198 1.16 8976 180 45 347
2875 15.138222222222222 33.95722222222223 146 0.98 9182 180 45 145
2876 15.154166666666667 31.10027777777778 84 1.14 7642 180 45 74
2877 15.166055555555555 33.95611111111111 118 1.02 13024 180 45 323
2878 15.167 31.488055555555558 223 1.86 10012 180 45 236
2879 15.17386111111111 34.263333333333335 203 1.9 9176 180 45 241
2880 15.176638888888888 31.610833333333336 53 0.46 9167 180 45 406
2881 15.177916666666667 36.06638888888889 181 1.12 12321 180 45 238
2882 15.183444444444445 31.98222222222222 163 1.15 10028 180 45 85
2883 15.183861111111112 31.483611111111113 152 1.71 10070 180 45 200
2884 15.192027777777778 36.0475 124 0.68 12505 180 45 372
2885 15.19288888888889 35.759166666666665 344 2.17 12557 180 45 107
2886 15.194138888888888 31.71972222222222 192 0.96 14079 180 45 80
2887 15.194777777777778 32.64222222222222 157 5.53 2274 180 45 307
2888 15.197666666666667 36.00611111111111 226 0.95 12449 180 45 232
2889 15.198583333333334 32.76 115 2.5 2277 180 45 159
2890 15.198722222222223 32.600833333333334 112 1.79 2236 180 45 245
2891 15.200083333333332 32.906388888888884 155 0.74 6993 180 45 427
2892 15.200444444444443 31.541944444444447 152 0.78 9263 180 45 141
2893 15.200583333333332 35.89361111111111 336 2.9 12465 180 45 47
2894 15.217472222222222 32.08083333333334 75 0.53 9055 180 45 140
2895 15.218305555555556 32.91638888888889 107 3.09 1895 180 45 300
2896 15.221416666666666 34.14833333333333 96 9.89 2319 180 45 285
2897 15.2305 34.22277777777778 48 0.79 2306 180 45 297
2898 15.231111111111112 35.01694444444444 115 0.93 2292 180 45 230
2899 15.246388888888887 31.21638888888889 164 1.17 9329 180 45 168
2900 15.248277777777776 35.57527777777778 30 0.59 2380 180 45 155
2901 15.248305555555556 34.2425 40 0.43 2779 180 45 304
2902 15.270555555555557 32.26027777777778 287 1.11 13837 180 45 110
2903 15.287666666666667 33.9375 61 0.6 9166 180 45 114
2904 15.2995 31.689166666666665 87 0.98 10337 180 45 201
2905 15.3015 33.530833333333334 257 3.0 9200 180 45 96
2906 15.30688888888889 32.73277777777778 93 1.46 9008 180 45 236
2907 15.30875 31.166944444444447 32 1.96 1656 180 45 41
2908 15.33238888888889 31.380277777777778 317 1.74 9356 180 45 396
2909 15.354166666666666 35.30916666666666 179 0.85 7017 180 45 416
2910 15.362638888888888 34.57611111111112 73 1.32 6987 180 45 157
2911 15.362694444444443 34.14194444444444 161 0.92 9636 180 45 146
2912 15.370972222222223 31.49361111111111 51 0.6 2192 180 45 233
2913 15.383972222222221 36.125 123 0.81 7052 180 45 212
2914 15.390194444444443 34.791666666666664 331 2.21 9520 180 45 145
2915 15.406611111111111 33.16222222222222 153 1.23 15155 180 45 231
2916 15.428833333333333 33.160555555555554 396 1.51 9278 180 45 86
2917 15.445583333333333 32.06444444444444 149 0.69 9797 180 45 251
2918 15.4465 33.68138888888889 122 0.87 4448 180 45 208
2919 15.465888888888887 34.9675 233 2.47 4530 180 45 83
2920 15.579138888888888 31.055833333333332 132 11.48 1867 180 45 118
2921 15.6065 31.12611111111111 180 2.82 14728 180 45 170
2922 15.6405 31.54138888888889 317 1.96 15956 180 45 316
2923 15.65075 31.763055555555557 170 3.15 2003 180 45 289
2924 15.690138888888889 31.299722222222226 136 0.58 11156 180 45 128
2925 15.77913888888889 31.012777777777778 212 3.55 9312 180 45 30
2926 15.806861111111111 31.485 197 1.05 16540 180 45 199
2927 15.863388888888888 31.753888888888888 167 0.74 16506 180 45 144
2928 15.915277777777778 31.142777777777777 90 0.67 6097 180 45 79
2929 15.923333333333332 31.493055555555557 223 1.25 9203 180 45 331
2930 15.937 31.771666666666665 221 1.43 9723 180 45 208
2931 15.977361111111112 31.829444444444444 205 1.09 4791 180 45 98
2932 16.03022222222222 31.908055555555553 356 1.79 14553 180 45 242
2933 16.032416666666666 31.895833333333332 325 2.34 13509 180 45 193
2934 16.04113888888889 31.550833333333333 454 2.79 16641 180 45 427
2935 16.044222222222224 31.733888888888888 49 0.35 14336 180 45 304
2936 16.047500000000003 32.14694444444444 173 2.86 4232 180 45 137
2937 16.087249999999997 31.380833333333335 77 1.34 8812 180 45 160
2938 16.08961111111111 31.747222222222224 91 0.56 4278 180 45 635
2939 16.09022222222222 31.641388888888887 303 1.12 8954 180 45 146
2940 16.112194444444444 31.888333333333332 405 6.39 8785 180 45 257
2941 16.153888888888886 31.8 30 0.49 9303 180 45 249
2942 16.177694444444445 31.789166666666667 195 5.09 4343 180 45 347
2943 16.209138888888887 31.407777777777778 169 1.06 14036 180 45 223
2944 16.21361111111111 31.994722222222222 387 6.01 9271 180 45 106
2945 16.234194444444444 31.842777777777776 145 0.84 9535 180 45 270
2946 16.234638888888888 31.13722222222222 70 0.56 6757 180 45 240
2947 16.239305555555557 32.16777777777777 261 1.6 4346 180 45 206
2948 16.241972222222223 31.6275 35 0.56 9336 180 45 276
2949 16.2455 31.71972222222222 189 1.04 10132 180 45 188
2950 16.249861111111112 31.070833333333333 247 3.87 6769 180 45 254
2951 16.260638888888888 31.32138888888889 304 3.6 6666 180 45 114
2952 16.262777777777778 31.968888888888888 387 2.87 9455 180 45 48
2953 16.265527777777777 31.6875 281 2.32 9468 180 45 178
2954 16.265777777777778 31.40611111111111 282 2.86 6754 180 45 184
2955 16.280388888888886 31.46638888888889 110 0.9 6962 180 45 114
2956 16.292305555555558 31.194166666666668 343 3.71 7213 180 45 344
2957 16.293111111111113 31.581944444444446 28 1.55 6692 180 45 115
2958 16.305666666666667 31.601111111111113 156 1.66 13449 180 45 219
2959 16.311972222222224 31.245 127 0.72 10554 180 45 460
2960 16.31877777777778 31.18861111111111 335 1.71 10373 180 45 196
2961 16.327388888888887 31.386666666666667 264 1.07 10515 180 45 325
2962 16.350194444444448 31.74361111111111 149 0.75 6321 180 45 179
2963 16.365055555555557 31.309722222222224 189 1.38 9828 180 45 150
2964 16.40436111111111 31.86916666666667 193 1.28 6240 180 45 175
2965 16.44838888888889 31.485833333333336 101 0.63 11177 180 45 285
2966 16.485805555555558 31.008055555555554 35 0.54 11107 180 45 116
2967 21.71372222222222 32.68388888888889 245 1.36 6702 180 45 207
2968 21.721166666666665 36.06888888888889 219 1.52 7397 180 45 216
2969 21.72261111111111 32.84722222222222 195 1.6 7315 180 45 243
2970 21.726694444444444 32.105555555555554 116 0.86 4007 180 45 326
2971 21.746694444444444 32.88861111111111 107 1.59 3214 180 45 256
2972 21.749583333333334 32.12583333333333 184 0.92 7301 180 45 329
2973 21.783444444444445 32.58083333333334 56 0.51 5222 180 45 223
2974 21.78730555555556 32.94416666666666 151 1.64 5181 180 45 119
2975 21.78841666666667 32.09722222222222 145 1.9 5178 180 45 171
2976 21.8035 35.895833333333336 94 0.77 5973 180 45 163
2977 21.813694444444444 34.87777777777778 159 0.95 5578 180 45 152
2978 21.82627777777778 33.32638888888889 92 1.27 5262 180 45 262
2979 21.83261111111111 32.772777777777776 229 1.42 5193 180 45 119
2980 21.85752777777778 34.135555555555555 387 5.14 5218 180 45 250
2981 21.870194444444444 36.09861111111111 336 4.03 5331 180 45 308
2982 21.878694444444445 33.669444444444444 154 1.16 13012 180 45 201
2983 21.898194444444442 34.073055555555555 80 0.75 4657 180 45 197
2984 21.92361111111111 34.50416666666667 318 1.39 5392 180 45 291
2985 21.9325 31.813055555555557 136 0.8 5532 180 45 267
2986 21.941583333333334 35.19611111111111 161 2.52 5430 180 45 116
2987 21.958 32.11083333333333 467 2.66 12830 180 45 355
2988 21.958194444444445 32.64611111111111 135 0.94 5533 180 45 122
2989 21.961944444444445 31.331944444444446 289 1.22 5571 180 45 312
2990 21.96786111111111 31.699722222222224 167 1.62 12597 180 45 100
2991 21.975638888888888 33.60722222222223 128 1.1 3642 180 45 93
2992 21.990444444444446 33.17611111111111 133 1.24 5552 180 45 430
2993 21.994777777777777 34.2 21 0.33 5046 180 45 397
2994 22.017166666666665 31.40861111111111 202 2.13 6680 180 45 213
2995 22.017666666666667 31.61527777777778 38 1.14 12656 180 45 103
2996 22.024472222222222 34.541666666666664 182 1.52 4708 180 45 285
2997 22.03461111111111 36.061388888888885 201 5.98 5737 180 45 121
2998 22.04566666666667 31.695555555555554 257 6.27 4762 180 45 245
2999 22.068472222222223 35.93527777777778 584 6.73 5560 180 45 258
3000 22.088194444444444 34.99333333333333 92 1.39 4782 180 45 232
3001 22.09311111111111 33.96027777777778 135 0.84 4749 180 45 381
3002 22.100166666666667 33.77027777777778 35 0.8 980 180 45 175
3003 22.131305555555556 31.360277777777778 309 10.49 952 180 45 160
3004 22.136333333333333 33.55555555555555 123 0.9 4894 180 45 147
3005 22.20513888888889 31.896666666666665 169 0.86 4790 180 45 87
3006 22.20663888888889 32.52833333333333 221 1.39 12329 180 45 360
3007 22.227416666666667 35.70138888888889 100 0.9 5397 180 45 323
3008 22.24488888888889 31.932222222222222 200 1.21 6610 180 45 380
3009 22.248222222222225 31.771666666666665 398 2.48 11814 180 45 462
3010 22.25063888888889 35.301944444444445 32 1.12 852 180 45 93
3011 22.251361111111112 33.340833333333336 134 0.95 6232 180 45 163
3012 22.257638888888888 33.25833333333333 125 0.94 5005 180 45 459
3013 22.259166666666665 33.63388888888889 259 5.84 5035 180 45 210
3014 22.26325 33.97888888888889 100 2.43 4999 180 45 125
3015 22.26563888888889 35.96361111111111 157 1.26 5500 180 45 272
3016 22.280055555555556 35.61472222222223 107 0.73 6045 180 45 653
3017 22.287111111111113 33.49861111111111 350 4.03 6392 180 45 206
3018 22.289194444444448 35.57361111111111 261 6.86 6321 180 45 345
3019 22.292444444444445 33.25972222222222 298 2.61 11290 180 45 355
3020 22.303916666666666 33.416666666666664 130 1.94 11286 180 45 183
3021 22.317694444444445 33.336666666666666 261 2.52 4892 180 45 111
3022 22.322277777777778 33.35055555555556 131 1.46 4693 180 45 420
3023 22.32327777777778 32.96888888888889 247 1.17 4959 180 45 158
3024 22.324833333333334 33.663888888888884 111 1.09 4844 180 45 215
3025 22.32638888888889 36.06888888888889 96 0.63 5719 180 45 329
3026 22.327805555555557 35.526944444444446 394 1.3 5796 180 45 88
3027 22.333499999999997 33.151944444444446 219 3.27 6447 180 45 491
3028 22.340722222222222 32.92611111111111 143 1.12 8691 180 45 95
3029 22.348055555555554 33.29805555555556 425 6.92 4883 180 45 101
3030 22.353833333333334 31.315833333333334 394 2.05 6499 180 45 136
3031 22.354333333333336 35.51166666666666 138 0.79 5956 180 45 154
3032 22.3545 34.586111111111116 266 2.46 6430 180 45 340
3033 22.367083333333333 34.16777777777777 180 1.88 13964 180 45 97
3034 22.369333333333334 35.714444444444446 270 1.06 4909 180 45 206
3035 22.37397222222222 35.60305555555556 174 0.77 4983 180 45 119
3036 22.37525 36.007777777777775 61 4.15 5479 180 45 217
3037 22.377694444444444 31.788611111111113 202 1.72 6732 180 45 487
3038 22.383583333333334 32.448611111111106 94 0.62 6392 180 45 198
3039 22.38458333333333 35.82694444444445 287 0.9 4784 180 45 337
3040 22.39425 34.644999999999996 62 0.74 6534 180 45 354
3041 22.396722222222223 35.38638888888889 334 2.0 6015 180 45 245
3042 22.396527777777777 32.40138888888889 393 2.42 6590 180 45 72
3043 22.400555555555552 32.21277777777778 132 0.7 6617 180 45 210
3044 22.40025 33.43833333333333 407 5.33 6532 180 45 475
3045 22.40072222222222 32.415277777777774 228 2.02 6546 180 45 114
3046 22.404555555555554 32.44083333333333 45 0.57 6508 180 45 73
3047 22.40611111111111 32.50972222222222 28 0.67 6511 180 45 332
3048 22.40738888888889 32.56166666666666 26 0.52 6517 180 45 121
3049 22.407666666666664 32.664722222222224 165 2.95 6496 180 45 216
3050 22.413305555555553 31.85611111111111 158 1.64 6698 180 45 146
3051 22.423833333333334 35.90416666666667 97 0.82 5060 180 45 256
3052 22.428472222222222 36.03638888888889 85 0.81 4675 180 45 119
3053 22.433888888888887 34.36027777777778 223 2.59 6359 180 45 84
3054 22.435944444444445 35.63638888888889 111 0.66 5968 180 45 188
3055 22.439694444444445 35.78138888888889 145 1.14 6051 180 45 472
3056 22.442944444444446 35.529444444444444 229 2.74 6228 180 45 184
3057 22.44413888888889 36.025277777777774 74 0.47 4747 180 45 197
3058 22.444194444444445 35.04722222222222 215 1.55 6318 180 45 194
3059 22.445444444444444 34.99194444444444 221 1.43 10485 180 45 51
3060 22.44736111111111 35.51694444444444 452 6.96 6041 180 45 85
3061 22.44938888888889 35.431666666666665 113 0.74 6039 180 45 443
3062 22.453555555555553 31.503055555555555 349 2.77 6453 180 45 170
3063 22.461 35.93666666666666 175 1.01 6423 180 45 318
3064 22.46136111111111 31.43138888888889 80 4.38 3679 180 45 277
3065 22.46183333333333 35.41611111111111 147 1.87 5819 180 45 207
3066 22.465805555555555 34.059444444444445 204 1.37 6192 180 45 75
3067 22.47619444444444 32.448611111111106 61 0.86 817 180 45 186
3068 22.479805555555554 34.055277777777775 148 2.02 14332 180 45 155
3069 22.48338888888889 32.084722222222226 216 1.83 6669 180 45 184
3070 22.484333333333336 35.53361111111111 41 1.03 5869 180 45 304
3071 22.48663888888889 35.92166666666667 139 0.58 6426 180 45 107
3072 22.48911111111111 35.6175 100 5.66 6160 180 45 373
3073 22.488583333333334 36.0375 102 0.83 14461 180 45 265
3074 22.50486111111111 31.700555555555553 130 0.85 6742 180 45 209
3075 22.505944444444445 36.10472222222222 179 0.8 6361 180 45 245
3076 22.508916666666668 35.29416666666666 196 3.83 6356 180 45 107
3077 22.50861111111111 34.21555555555556 49 0.68 4853 180 45 116
3078 22.509333333333334 33.82138888888889 112 23.36 883 180 45 190
3079 22.51302777777778 31.006944444444443 95 1.11 4728 180 45 374
3080 22.513416666666668 35.20305555555556 52 0.63 6372 180 45 326
3081 22.52011111111111 35.380833333333335 413 3.37 6699 180 45 391
3082 22.523666666666667 34.76083333333333 212 1.13 6462 180 45 66
3083 22.528166666666667 36.11472222222223 63 0.98 14712 180 45 53
3084 22.532333333333334 34.91638888888889 200 1.75 6003 180 45 204
3085 22.539083333333334 35.52388888888889 125 0.78 6252 180 45 259
3086 22.543055555555558 35.43222222222222 212 1.7 6596 180 45 157
3087 22.549611111111112 35.455000000000005 361 2.29 6740 180 45 297
3088 22.552833333333336 35.37083333333334 90 0.78 6583 180 45 257
3089 22.55327777777778 35.331944444444446 89 0.71 6852 180 45 177
3090 22.554444444444446 35.80027777777777 178 1.47 6300 180 45 272
3091 22.568194444444444 31.284166666666668 113 1.0 6840 180 45 289
3092 22.569416666666665 32.85666666666667 72 23.49 802 180 45 276
3093 22.58833333333333 36.098888888888894 258 1.4 7290 180 45 205
3094 22.59488888888889 34.28055555555555 110 0.8 6258 180 45 208
3095 22.59875 34.15333333333333 52 0.53 6371 180 45 272
3096 22.59969444444444 33.971944444444446 150 1.93 6022 180 45 172
3097 22.600472222222223 33.95055555555556 166 7.89 775 180 45 222
3098 22.601000000000003 32.53194444444444 163 2.19 6603 180 45 72
3099 22.602555555555558 35.59055555555556 156 0.78 6551 180 45 226
3100 22.602194444444446 33.963055555555556 62 5.1 6605 180 45 98
3101 22.604361111111114 36.02777777777778 127 0.87 6083 180 45 304
3102 22.611 33.95444444444445 118 0.99 6069 180 45 240
3103 22.612638888888892 34.609722222222224 132 0.91 8115 180 45 50
3104 22.61466666666667 34.37638888888889 134 1.41 8206 180 45 375
3105 22.615638888888892 35.60611111111111 256 1.06 8463 180 45 131
3106 22.61561111111111 35.500277777777775 161 1.34 8512 180 45 197
3107 22.6155 31.65888888888889 197 1.22 8951 180 45 288
3108 22.616083333333336 36.156388888888884 235 1.43 8336 180 45 119
3109 22.6175 35.46416666666667 59 0.58 833 180 45 309
3110 22.617722222222223 34.411944444444444 503 170.52 813 180 45 342
3111 22.62125 35.58583333333333 76 2.09 7754 180 45 193
3112 22.621472222222224 35.553888888888885 68 0.61 7999 180 45 277
3113 22.620805555555556 34.08916666666667 194 1.2 6028 180 45 284
3114 22.623166666666666 34.380833333333335 58 0.53 6667 180 45 139
3115 22.62388888888889 33.92333333333333 339 1.25 6381 180 45 178
3116 22.632305555555558 35.94 224 2.34 8253 180 45 78
3117 22.634999999999998 32.94027777777777 58 0.48 8644 180 45 224
3118 22.637305555555557 35.500277777777775 346 3.67 8078 180 45 310
3119 22.638666666666666 35.963055555555556 217 2.85 8615 180 45 123
3120 22.643416666666667 34.593611111111116 141 0.76 8183 180 45 290
3121 22.643555555555555 34.06861111111112 366 7.42 7464 180 45 240
3122 22.64713888888889 34.31027777777778 310 2.55 6124 180 45 51
3123 22.65497222222222 32.96666666666667 77 1.51 8825 180 45 407
3124 22.656305555555555 31.494444444444447 278 4.35 8901 180 45 210
3125 22.657722222222223 35.70916666666667 181 1.3 8196 180 45 104
3126 22.65908333333333 32.68555555555555 253 2.08 7772 180 45 228
3127 22.660416666666666 33.57666666666667 170 1.1 6594 180 45 180
3128 22.662388888888888 34.38333333333333 60 3.36 7441 180 45 202
3129 22.663305555555553 34.190555555555555 109 1.04 6900 180 45 224
3130 22.665694444444444 35.63611111111111 278 1.26 9987 180 45 55
3131 22.669666666666668 32.17611111111111 175 1.52 7476 180 45 174
3132 22.670944444444444 35.39861111111111 218 1.49 8383 180 45 34
3133 22.67063888888889 34.645833333333336 212 2.94 8433 180 45 197
3134 22.671611111111112 34.01027777777778 159 0.98 6838 180 45 231
3135 22.672361111111112 32.05916666666666 160 0.95 7387 180 45 146
3136 22.67361111111111 31.83888888888889 396 3.9 7847 180 45 203
3137 22.67552777777778 33.475 171 3.92 6154 180 45 316
3138 22.677583333333335 34.49055555555556 234 1.64 9888 180 45 260
3139 22.678 34.555 167 0.8 7005 180 45 326
3140 22.678833333333333 33.583333333333336 234 2.09 9915 180 45 260
3141 22.679194444444445 33.367777777777775 212 2.7 6500 180 45 252
3142 22.6815 34.968333333333334 297 1.67 9865 180 45 272
3143 22.68525 35.91555555555556 282 1.81 8165 180 45 264
3144 22.68561111111111 32.169444444444444 192 1.0 7369 180 45 379
3145 22.686666666666667 33.51722222222222 143 1.71 6367 180 45 215
3146 22.687083333333334 34.24166666666667 277 1.6 6510 180 45 479
3147 22.69022222222222 31.520833333333332 38 0.49 3779 180 45 614
3148 22.690944444444444 33.06666666666667 113 1.11 6362 180 45 385
3149 22.692888888888888 34.812777777777775 52 0.67 9782 180 45 255
3150 22.696722222222224 34.95666666666667 366 1.53 9775 180 45 364
3151 22.697 36.094722222222224 66 0.42 7324 180 45 219
3152 22.6995 33.12694444444445 339 2.28 9846 180 45 125
3153 22.70086111111111 34.93527777777778 153 1.47 6301 180 45 291
3154 22.703 33.20944444444445 287 4.14 9821 180 45 145
3155 22.70927777777778 35.638888888888886 56 0.42 5081 180 45 196
3156 22.71072222222222 31.779444444444444 191 1.59 6703 180 45 175
3157 22.71297222222222 32.348888888888894 133 0.97 8910 180 45 259
3158 22.71411111111111 32.995 303 1.97 6538 180 45 303
3159 22.715194444444442 31.5825 212 1.06 9705 180 45 159
3160 22.715333333333334 35.144444444444446 156 1.03 7694 180 45 208
3161 22.715055555555555 36.102222222222224 288 1.64 7224 180 45 350
3162 22.715916666666665 34.609722222222224 87 0.52 7009 180 45 215
3163 22.71983333333333 32.26222222222222 81 1.31 8899 180 45 318
3164 22.721166666666665 36.04416666666666 123 0.69 7212 180 45 54
3165 22.72147222222222 34.00416666666667 287 2.18 6744 180 45 312
3166 22.724305555555553 35.551111111111105 133 0.71 6580 180 45 200
3167 22.724444444444444 35.6825 197 2.86 8908 180 45 331
3168 22.729888888888887 31.73611111111111 215 1.56 7101 180 45 80
3169 22.731499999999997 35.91305555555555 269 1.38 6666 180 45 61
3170 22.734305555555558 35.46944444444445 120 0.9 8929 180 45 348
3171 22.736194444444447 34.35444444444445 141 1.45 6734 180 45 280
3172 22.736666666666668 34.774166666666666 216 1.49 7175 180 45 82
3173 22.742305555555557 33.565 220 1.27 6422 180 45 231
3174 22.745916666666666 33.467777777777776 138 5.63 6558 180 45 104
3175 22.747305555555556 34.36666666666667 186 2.38 6965 180 45 204
3176 22.749916666666667 35.914722222222224 79 0.86 8285 180 45 166
3177 22.751666666666665 36.14222222222222 157 1.89 4281 180 45 196
3178 22.75347222222222 32.38805555555555 31 0.77 6429 180 45 195
3179 22.754166666666666 35.45944444444445 156 0.89 7188 180 45 105
3180 22.75488888888889 34.06222222222222 242 1.65 6910 180 45 144
3181 22.758222222222223 31.884166666666665 216 1.39 6384 180 45 216
3182 22.75861111111111 34.80083333333333 220 1.65 6588 180 45 166
3183 22.759333333333334 34.53944444444444 104 0.78 6640 180 45 306
3184 22.760916666666667 31.033333333333335 332 1.45 6898 180 45 217
3185 22.7605 32.82333333333334 38 0.54 6709 180 45 383
3186 22.767666666666667 33.964444444444446 85 1.27 6963 180 45 256
3187 22.781916666666667 32.24472222222222 170 1.14 6797 180 45 387
3188 22.785 31.54361111111111 236 1.53 6450 180 45 438
3189 22.79052777777778 31.37611111111111 417 3.25 6626 180 45 175
3190 22.795250000000003 32.19277777777778 38 1.2 3862 180 45 347
3191 22.801555555555556 31.880555555555556 102 1.08 9198 180 45 235
3192 22.807666666666666 33.73277777777778 245 1.18 6543 180 45 164
3193 22.808555555555557 31.781944444444445 200 3.31 3826 180 45 327
3194 22.81586111111111 31.591944444444444 153 1.66 9279 180 45 562
3195 22.817333333333334 32.80222222222222 34 0.86 8647 180 45 385
3196 22.818944444444444 34.97944444444445 439 2.01 5066 180 45 121
3197 22.82047222222222 33.700833333333335 258 1.21 9213 180 45 261
3198 22.823333333333334 32.80833333333333 439 2.82 9113 180 45 199
3199 22.825027777777777 32.349722222222226 158 1.0 6687 180 45 174
3200 22.825555555555557 33.358333333333334 375 5.04 6773 180 45 243
3201 22.82563888888889 34.92722222222222 381 4.42 7127 180 45 60
3202 22.829916666666666 34.91972222222222 228 5.19 7063 180 45 116
3203 22.836444444444442 31.389722222222222 300 1.35 6826 180 45 260
3204 22.838805555555556 31.106944444444444 41 0.43 6674 180 45 210
3205 22.841833333333334 31.85666666666667 61 0.96 6462 180 45 172
3206 22.846777777777778 34.81916666666667 164 1.79 7077 180 45 216
3207 22.84958333333333 31.195 260 1.27 6810 180 45 427
3208 22.856194444444444 32.35027777777778 286 2.77 6429 180 45 70
3209 22.87022222222222 36.04833333333333 124 0.94 8475 180 45 355
3210 22.87586111111111 34.46666666666667 355 2.32 7146 180 45 82
3211 22.88075 34.469722222222224 98 4.74 6440 180 45 285
3212 22.88588888888889 33.825 44 0.61 6287 180 45 139
3213 22.889027777777777 32.130833333333335 463 10.53 6428 180 45 64
3214 22.891027777777776 31.650555555555552 90 3.26 6580 180 45 307
3215 22.892527777777776 31.61777777777778 177 4.18 3881 180 45 426
3216 22.89377777777778 31.991666666666667 57 0.57 3932 180 45 373
3217 22.893638888888887 33.66611111111111 179 2.9 6353 180 45 158
3218 22.895138888888887 33.708333333333336 455 3.94 6307 180 45 62
3219 22.895583333333335 32.269999999999996 61 0.74 6103 180 45 184
3220 22.91144444444444 32.303888888888885 150 1.81 6631 180 45 460
3221 22.913638888888887 32.22027777777778 423 1.96 6509 180 45 214
3222 22.91436111111111 32.8 258 3.51 5999 180 45 792
3223 22.916055555555555 32.03972222222222 289 1.25 7232 180 45 219
3224 22.916305555555553 31.800555555555555 107 1.26 7186 180 45 439
3225 22.91763888888889 32.19583333333333 141 1.14 6635 180 45 199
3226 22.918944444444445 31.308333333333334 171 2.65 6651 180 45 205
3227 22.918944444444445 32.171388888888885 283 1.23 6562 180 45 140
3228 22.921166666666668 31.204722222222223 114 0.85 3914 180 45 91
3229 22.92361111111111 31.866666666666667 272 1.05 7002 180 45 378
3230 22.92741666666667 31.594444444444445 116 1.38 6579 180 45 158
3231 22.92852777777778 31.771944444444443 303 2.82 7114 180 45 241
3232 22.932000000000002 31.66888888888889 275 4.91 7175 180 45 479
3233 22.93963888888889 34.45277777777778 187 1.01 13426 180 45 194
3234 22.942333333333334 36.07 63 0.44 5703 180 45 82
3235 22.948722222222223 34.37166666666667 53 1.48 845 180 45 319
3236 22.962444444444444 31.979999999999997 281 1.59 6900 180 45 236
3237 22.96747222222222 32.47083333333334 321 1.44 6593 180 45 353
3238 22.976249999999997 35.803888888888885 120 4.37 5662 180 45 103
3239 22.983888888888888 32.74916666666667 242 1.2 14604 180 45 307
3240 22.989055555555556 34.94972222222222 195 1.34 16589 180 45 598
3241 22.990083333333335 35.71888888888889 98 0.6 5367 180 45 285
3242 23.002944444444445 31.428611111111113 521 2.74 6526 180 45 269
3243 23.00311111111111 31.361666666666668 252 2.78 6707 180 45 166
3244 23.00413888888889 31.29888888888889 216 2.2 6726 180 45 370
3245 23.005555555555556 31.80611111111111 150 0.93 9376 180 45 271
3246 23.018361111111112 31.77861111111111 314 1.36 6884 180 45 300
3247 23.02386111111111 33.5 70 1.19 7394 180 45 72
3248 23.024944444444444 31.2375 228 1.09 6857 180 45 47
3249 23.031138888888886 33.845 85 5.06 5085 180 45 360
3250 23.039944444444448 32.19555555555555 142 0.87 6380 180 45 62
3251 23.040666666666667 33.69472222222222 62 1.2 6208 180 45 175
3252 23.041833333333336 32.59444444444445 198 2.2 5967 180 45 67
3253 23.042250000000003 35.044999999999995 126 1.21 5457 180 45 329
3254 23.049472222222224 34.72833333333333 251 2.6 5793 180 45 394
3255 23.054722222222225 35.92361111111111 152 1.07 5842 180 45 104
3256 23.062055555555556 34.97833333333333 110 2.02 5766 180 45 48
3257 23.06663888888889 34.615833333333335 136 0.98 5913 180 45 279
3258 23.073138888888888 34.7425 52 1.5 6064 180 45 95
3259 23.074416666666668 34.541666666666664 108 0.88 6077 180 45 181
3260 23.08222222222222 36.021388888888886 234 2.23 5837 180 45 146
3261 23.086583333333333 36.080000000000005 155 1.24 4787 180 45 378
3262 23.090055555555555 33.638888888888886 292 1.37 14838 180 45 275
3263 23.094527777777778 35.94972222222222 290 1.26 5383 180 45 308
3264 23.097027777777775 34.15972222222222 315 1.25 5338 180 45 102
3265 23.098388888888888 31.053611111111113 373 1.59 7035 180 45 246
3266 23.10002777777778 34.0925 268 0.98 5714 180 45 103
3267 23.100916666666667 31.70888888888889 143 1.09 6479 180 45 267
3268 23.10066666666667 33.60055555555556 78 2.36 5109 180 45 237
3269 23.104333333333336 31.884722222222223 347 9.42 6468 180 45 84
3270 23.111972222222224 31.42527777777778 130 0.87 7045 180 45 474
3271 23.116472222222225 36.00361111111111 224 0.98 6100 180 45 182
3272 23.11727777777778 35.78 242 3.29 5451 180 45 304
3273 23.120250000000002 35.25805555555556 220 2.81 5506 180 45 97
3274 23.12263888888889 33.948055555555555 296 3.04 5786 180 45 116
3275 23.12311111111111 31.900555555555552 213 1.24 6738 180 45 209
3276 23.123305555555557 32.378055555555555 294 13.67 6211 180 45 188
3277 23.128888888888888 35.690555555555555 44 0.43 5342 180 45 149
3278 23.128444444444444 32.8 252 1.21 6121 180 45 187
3279 23.137722222222223 31.898888888888887 41 1.78 692 180 45 526
3280 23.173861111111112 34.401944444444446 90 1.95 5502 180 45 316
3281 23.17441666666667 34.91416666666667 92 0.53 5538 180 45 291
3282 23.184444444444445 32.27722222222222 53 0.8 1114 180 45 153
3283 23.189611111111113 35.43611111111111 113 0.77 5503 180 45 162
3284 23.18963888888889 33.90833333333333 137 1.14 4659 180 45 407
3285 23.197027777777777 31.01888888888889 423 3.5 7078 180 45 149
3286 23.20663888888889 31.1225 389 1.14 6731 180 45 64
3287 23.206555555555553 34.87583333333333 313 3.51 4839 180 45 237
3288 23.2105 33.698611111111106 252 4.21 5244 180 45 61
3289 23.232527777777776 31.537222222222223 95 1.21 6868 180 45 485
3290 23.234333333333336 31.649444444444445 162 1.76 6867 180 45 350
3291 23.235583333333334 32.036944444444444 281 1.28 7113 180 45 193
3292 23.23563888888889 34.31472222222222 192 1.23 5214 180 45 231
3293 23.23763888888889 31.450277777777778 268 1.2 13311 180 45 144
3294 23.23888888888889 31.12388888888889 270 2.75 6970 180 45 247
3295 23.240222222222222 31.26388888888889 60 0.49 7235 180 45 163
3296 23.243111111111112 31.16333333333333 200 0.98 6943 180 45 209
3297 23.245222222222225 31.316111111111113 295 2.66 7013 180 45 184
3298 23.249472222222224 35.8725 179 1.31 7927 180 45 135
3299 23.264916666666668 31.755555555555556 230 0.96 6155 180 45 284
3300 23.26563888888889 35.481944444444444 467 2.65 13356 180 45 372
3301 23.272499999999997 33.964444444444446 90 0.69 5002 180 45 306
3302 23.28111111111111 33.485 69 0.87 5385 180 45 201
3303 23.283361111111113 32.64861111111111 208 1.12 6664 180 45 100
3304 23.28325 34.730000000000004 407 3.68 13359 180 45 27
3305 23.284972222222223 34.52166666666667 133 1.14 14350 180 45 175
3306 23.30227777777778 31.06722222222222 195 1.95 6434 180 45 106
3307 23.307083333333335 35.731944444444444 307 1.17 14544 180 45 335
3308 23.319444444444443 35.058611111111105 202 1.05 14284 180 45 187
3309 23.326666666666668 35.39611111111111 382 1.47 15078 180 45 146
3310 23.334166666666665 32.9175 563 2.32 9348 180 45 331
3311 23.33908333333333 35.49305555555556 395 4.36 8033 180 45 84
3312 23.33936111111111 33.2325 330 1.08 5482 180 45 100
3313 23.343805555555555 32.25944444444445 188 1.04 9235 180 45 320
3314 23.35252777777778 33.40333333333333 284 3.54 4897 180 45 252
3315 23.36063888888889 33.48166666666667 57 0.83 4925 180 45 117
3316 23.380972222222223 31.2 258 2.79 9275 180 45 396
3317 23.382 32.769444444444446 84 0.7 6653 180 45 284
3318 23.386083333333332 32.525 226 2.48 5266 180 45 148
3319 23.39461111111111 31.968888888888888 132 0.91 13383 180 45 195
3320 23.407666666666664 32.93583333333333 85 0.89 6639 180 45 85
3321 23.409888888888887 31.42361111111111 108 0.7 5496 180 45 387
3322 23.4135 32.74472222222222 148 2.5 4831 180 45 143
3323 23.416055555555555 31.3775 236 1.06 5452 180 45 296
3324 23.416972222222224 31.355555555555558 88 0.77 9351 180 45 215
3325 23.4185 33.14805555555556 73 0.61 6652 180 45 150
3326 23.42338888888889 32.68277777777777 213 5.2 4973 180 45 380
3327 23.42527777777778 31.33277777777778 129 1.02 16826 180 45 152
3328 23.431972222222225 33.40694444444444 123 1.45 5052 180 45 219
3329 23.432333333333336 34.30277777777778 93 0.91 13604 180 45 45
3330 23.434944444444444 31.978888888888886 471 2.68 13444 180 45 358
3331 23.438472222222224 32.943888888888885 175 1.45 5192 180 45 557
3332 23.44286111111111 32.844166666666666 191 1.98 5270 180 45 96
3333 23.44622222222222 35.20805555555556 334 1.15 10087 180 45 279
3334 23.458444444444442 35.38166666666667 371 1.49 10161 180 45 296
3335 23.462888888888887 31.552777777777777 113 0.8 6258 180 45 62
3336 23.466749999999998 32.157777777777774 352 1.85 5211 180 45 300
3337 23.46688888888889 31.014166666666668 211 1.77 5041 180 45 346
3338 23.467916666666664 34.861111111111114 436 3.67 10117 180 45 213
3339 23.468638888888886 35.03111111111111 174 1.14 10169 180 45 157
3340 23.471555555555554 35.311388888888885 404 2.5 10022 180 45 263
3341 23.477249999999998 35.42444444444444 570 1.58 10062 180 45 193
3342 23.482805555555554 31.400277777777777 117 1.74 4966 180 45 381
3343 23.48275 34.635 22 0.58 7152 180 45 119
3344 23.490861111111112 32.4225 230 1.38 13409 180 45 164
3345 23.492583333333336 32.226111111111116 234 1.92 13391 180 45 90
3346 23.492555555555555 32.27333333333333 89 1.03 5805 180 45 64
3347 23.493055555555557 32.068333333333335 176 4.42 5242 180 45 117
3348 23.496750000000002 33.18194444444444 158 1.46 5179 180 45 70
3349 23.49752777777778 32.69499999999999 395 1.64 5215 180 45 182
3350 23.49811111111111 32.654444444444444 389 1.62 5218 180 45 236
3351 23.49886111111111 32.096111111111114 361 1.19 4887 180 45 288
3352 23.5055 32.88333333333333 157 1.07 5112 180 45 263
3353 23.51411111111111 33.27833333333333 27 0.5 4999 180 45 74
3354 23.52272222222222 31.462777777777777 161 0.99 5066 180 45 270
3355 23.52508333333333 32.478611111111114 251 2.06 5167 180 45 527
3356 23.53413888888889 32.42027777777778 298 3.27 5076 180 45 380
3357 23.536611111111114 35.38611111111111 263 4.93 6490 180 45 267
3358 23.539694444444446 34.89861111111111 86 0.85 6448 180 45 252
3359 23.542583333333337 32.123333333333335 107 0.81 10302 180 45 103
3360 23.546083333333335 31.111666666666668 148 2.01 9502 180 45 195
3361 23.546611111111112 35.19166666666666 81 1.28 6522 180 45 247
3362 23.54952777777778 32.25944444444445 44 0.94 5085 180 45 89
3363 23.55997222222222 33.48722222222222 122 1.43 4946 180 45 302
3364 23.561444444444444 32.38472222222222 279 4.93 4988 180 45 187
3365 23.56213888888889 36.013888888888886 299 1.57 15000 180 45 58
3366 23.564222222222224 31.113333333333333 100 0.66 13285 180 45 118
3367 23.564333333333334 31.335833333333333 284 2.12 10420 180 45 364
3368 23.568805555555556 31.265 197 1.53 13164 180 45 161
3369 23.57025 35.70388888888889 248 1.22 15004 180 45 127
3370 23.572416666666665 34.62388888888889 172 2.96 6514 180 45 287
3371 23.578194444444446 33.07361111111111 241 1.54 6961 180 45 225
3372 23.595333333333333 32.386944444444445 226 11.2 4956 180 45 109
3373 23.600527777777778 35.931666666666665 188 4.48 5203 180 45 370
3374 23.601750000000003 31.08111111111111 216 1.03 4750 180 45 193
3375 23.601305555555555 34.91555555555556 316 1.41 8893 180 45 212
3376 23.616972222222223 32.61083333333333 29 0.38 5000 180 45 198
3377 23.620250000000002 31.454722222222223 23 0.74 4754 180 45 259
3378 23.621944444444445 33.22361111111111 93 0.81 4994 180 45 372
3379 23.62547222222222 31.63 132 1.27 10421 180 45 242
3380 23.63036111111111 32.614444444444445 168 1.52 4960 180 45 161
3381 23.633027777777777 31.9925 195 6.88 4984 180 45 120
3382 23.63502777777778 32.364444444444445 173 0.61 5089 180 45 324
3383 23.637138888888888 32.33777777777778 298 9.19 4796 180 45 136
3384 23.644194444444445 32.12583333333333 95 0.72 5040 180 45 157
3385 23.64488888888889 32.57277777777778 30 1.3 4800 180 45 49
3386 23.64688888888889 32.61083333333333 193 1.21 4778 180 45 223
3387 23.653583333333334 33.683055555555555 96 0.93 10945 180 45 436
3388 23.655083333333334 31.64 170 1.08 16393 180 45 271
3389 23.65513888888889 31.450277777777778 160 1.54 3852 180 45 136
3390 23.655666666666665 31.523333333333333 125 2.51 4030 180 45 280
3391 23.673722222222224 31.81222222222222 260 0.91 4723 180 45 163
3392 23.687472222222222 32.367777777777775 76 0.64 3942 180 45 204
3393 23.689416666666666 31.501666666666665 304 1.45 4268 180 45 73
3394 23.693472222222223 32.24277777777778 290 4.73 3869 180 45 316
3395 23.700555555555553 36.111666666666665 321 3.6 10527 180 45 41
3396 23.70111111111111 32.309444444444445 147 0.94 8390 180 45 86
3397 23.707555555555555 32.62361111111111 178 0.95 17321 180 45 354
3398 23.721083333333333 32.495555555555555 407 2.84 10151 180 45 453
3399 23.729888888888887 35.95638888888889 34 0.54 5054 180 45 185
3400 23.736083333333333 31.769444444444442 144 1.93 9319 180 45 263
3401 23.76527777777778 31.259444444444444 151 1.06 9810 180 45 139
3402 23.76963888888889 33.37694444444445 230 13.0 4929 180 45 183
3403 23.77461111111111 32.53388888888889 67 0.58 7435 180 45 218
3404 23.776777777777777 35.6425 158 1.29 5035 180 45 155
3405 23.77647222222222 32.01027777777778 159 1.06 9332 180 45 169
3406 23.78741666666667 32.78333333333333 216 1.81 4848 180 45 127
3407 23.789055555555557 31.374166666666667 39 0.41 12273 180 45 456
3408 23.79227777777778 32.62083333333334 150 1.13 7409 180 45 614
3409 23.80311111111111 32.35805555555556 175 0.97 4947 180 45 164
3410 23.804111111111112 32.57944444444445 282 1.17 10952 180 45 262
3411 23.805861111111113 31.62777777777778 132 0.84 12540 180 45 274
3412 23.805833333333332 32.505 178 1.11 5032 180 45 172
3413 23.812444444444445 32.663888888888884 189 1.35 5007 180 45 304
3414 23.8245 33.14083333333333 203 1.22 10996 180 45 121
3415 23.826166666666666 32.134166666666665 131 1.47 4942 180 45 347
3416 23.827416666666668 31.511666666666667 170 0.98 9311 180 45 274
3417 23.83461111111111 31.135277777777777 274 1.29 9785 180 45 251
3418 23.84236111111111 34.58361111111111 145 0.95 13440 180 45 313
3419 23.851277777777778 35.79194444444444 406 3.49 12342 180 45 161
3420 23.85302777777778 35.84055555555556 187 1.78 12351 180 45 108
3421 23.852805555555555 32.99611111111111 155 0.9 4920 180 45 96
3422 23.85888888888889 35.39944444444444 242 2.15 11037 180 45 164
3423 23.86025 31.629444444444445 226 0.77 8494 180 45 421
3424 23.86163888888889 35.69916666666666 98 0.58 12402 180 45 86
3425 23.86252777777778 35.92055555555555 162 0.88 12146 180 45 120
3426 23.866333333333333 33.801111111111105 153 0.87 12576 180 45 63
3427 23.869805555555555 31.47222222222222 322 0.95 8529 180 45 328
3428 23.869555555555557 31.275 95 1.81 8484 180 45 431
3429 23.869694444444445 34.5675 112 0.82 12619 180 45 258
3430 23.877666666666666 31.232777777777777 66 0.79 5164 180 45 325
3431 23.879638888888888 31.924444444444447 410 1.92 8242 180 45 147
3432 23.87966666666667 32.04416666666666 140 2.41 8357 180 45 115
3433 23.890277777777776 32.875 165 1.75 5022 180 45 153
3434 23.909916666666664 35.71805555555556 178 0.98 14513 180 45 146
3435 23.910083333333333 34.86944444444445 27 0.94 4938 180 45 262
3436 23.910944444444443 33.235 365 2.12 10072 180 45 143
3437 23.917055555555557 35.80583333333333 138 0.79 14390 180 45 239
3438 23.922611111111113 32.83388888888889 65 0.49 4850 180 45 232
3439 23.928444444444445 31.900277777777777 233 13.3 4871 180 45 295
3440 23.9355 35.437777777777775 121 2.14 13438 180 45 204
3441 23.93947222222222 32.45333333333333 246 0.98 4835 180 45 677
3442 23.950944444444445 33.69166666666666 378 1.61 10506 180 45 219
3443 23.958305555555555 35.68333333333333 224 1.67 9184 180 45 123
3444 23.964222222222222 32.878055555555555 59 1.82 4933 180 45 104
3445 23.96527777777778 32.63527777777778 126 4.01 4913 180 45 271
3446 23.9665 33.76222222222222 255 1.11 9123 180 45 155
3447 23.970055555555554 31.555555555555557 275 1.56 9685 180 45 288
3448 23.970416666666665 33.475 160 1.67 5059 180 45 209
3449 23.97472222222222 32.23083333333334 106 5.02 4858 180 45 228
3450 23.97619444444444 31.124444444444446 112 1.08 9603 180 45 405
3451 23.980277777777776 32.6725 312 1.19 13122 180 45 232
3452 23.98702777777778 31.735 259 1.91 9776 180 45 159
3453 23.98913888888889 31.282777777777778 227 4.71 4997 180 45 165
3454 23.994694444444445 34.34722222222222 84 2.24 4900 180 45 419
