7.528101444244384766e+00
6.737520217895507812e+00
6.335596561431884766e+00
6.419524192810058594e+00
6.655271053314208984e+00
6.707987785339355469e+00
6.663145065307617188e+00
7.410117149353027344e+00
7.016225337982177734e+00
6.970277786254882812e+00
6.798581123352050781e+00
6.812844276428222656e+00
6.780863761901855469e+00
6.871805667877197266e+00
7.156049251556396484e+00
7.691798686981201172e+00
7.121284484863281250e+00
6.899596214294433594e+00
6.884676933288574219e+00
6.942862510681152344e+00
6.885900974273681641e+00
7.190744876861572266e+00
7.706984519958496094e+00
7.912097454071044922e+00
7.275963783264160156e+00
6.914511203765869141e+00
6.938979148864746094e+00
7.172778129577636719e+00
7.112081527709960938e+00
6.931396484375000000e+00
6.929440975189208984e+00
7.326611042022705078e+00
6.822932243347167969e+00
6.876214027404785156e+00
7.062649250030517578e+00
7.046472549438476562e+00
7.025770187377929688e+00
7.104744434356689453e+00
7.249364852905273438e+00
7.540174961090087891e+00
6.711454868316650391e+00
6.389696598052978516e+00
6.517000198364257812e+00
6.719548702239990234e+00
6.568460464477539062e+00
6.724317073822021484e+00
7.006952762603759766e+00
7.434341430664062500e+00
6.723175048828125000e+00
6.666867256164550781e+00
7.335484981536865234e+00
7.320781707763671875e+00
6.849814414978027344e+00
6.886701583862304688e+00
7.062036514282226562e+00
7.572206974029541016e+00
7.034214973449707031e+00
6.647615432739257812e+00
6.577509880065917969e+00
6.875855445861816406e+00
7.184342861175537109e+00
7.292829513549804688e+00
7.505086898803710938e+00
8.327851295471191406e+00
7.157207965850830078e+00
6.848351955413818359e+00
6.874603271484375000e+00
7.227201938629150391e+00
7.341164112091064453e+00
7.459266662597656250e+00
7.606428623199462891e+00
7.882215976715087891e+00
6.997586727142333984e+00
6.807116031646728516e+00
6.807683467864990234e+00
6.963767528533935547e+00
6.852189540863037109e+00
6.739248275756835938e+00
7.222375392913818359e+00
7.781410217285156250e+00
7.329410076141357422e+00
6.925210952758789062e+00
6.690454006195068359e+00
6.549310684204101562e+00
6.521751403808593750e+00
6.850178241729736328e+00
7.362245082855224609e+00
7.823504924774169922e+00
7.346113204956054688e+00
6.968417167663574219e+00
6.707510471343994141e+00
6.521973609924316406e+00
6.625208854675292969e+00
6.968510150909423828e+00
7.296268939971923828e+00
7.573307514190673828e+00
7.179022789001464844e+00
6.879693031311035156e+00
6.621609687805175781e+00
6.634942531585693359e+00
6.624368190765380859e+00
6.710014820098876953e+00
7.007684707641601562e+00
7.441922664642333984e+00
6.987920761108398438e+00
6.821798324584960938e+00
6.504333972930908203e+00
6.433328628540039062e+00
6.619223117828369141e+00
6.997281074523925781e+00
7.573501586914062500e+00
8.096385002136230469e+00
7.462540149688720703e+00
7.164381980895996094e+00
7.069204330444335938e+00
6.950796127319335938e+00
6.819556713104248047e+00
7.004402160644531250e+00
7.342360019683837891e+00
7.799018859863281250e+00
7.145341873168945312e+00
6.757434844970703125e+00
6.604442119598388672e+00
6.714961528778076172e+00
6.941768646240234375e+00
7.139708042144775391e+00
7.432457923889160156e+00
8.261079788208007812e+00
7.715581893920898438e+00
6.663863658905029297e+00
6.071400642395019531e+00
6.030289173126220703e+00
6.325618743896484375e+00
6.659733772277832031e+00
7.075861930847167969e+00
7.935409545898437500e+00
7.681885719299316406e+00
7.484629154205322266e+00
6.835895538330078125e+00
6.635628700256347656e+00
6.851675987243652344e+00
7.214406013488769531e+00
7.350590705871582031e+00
8.206256866455078125e+00
7.674436092376708984e+00
7.760950088500976562e+00
7.667635440826416016e+00
7.698022365570068359e+00
7.668195247650146484e+00
7.588651657104492188e+00
7.601193904876708984e+00
8.011797904968261719e+00
7.400871276855468750e+00
6.805232048034667969e+00
6.621103286743164062e+00
6.891721725463867188e+00
6.949019432067871094e+00
6.818114280700683594e+00
6.811163425445556641e+00
7.632868766784667969e+00
7.101599693298339844e+00
6.879507541656494141e+00
6.494850158691406250e+00
6.424997329711914062e+00
6.519087791442871094e+00
6.542224407196044922e+00
6.720558166503906250e+00
7.388072490692138672e+00
6.675923347473144531e+00
6.295159339904785156e+00
6.330735683441162109e+00
6.578724384307861328e+00
6.672448158264160156e+00
6.801030635833740234e+00
7.039561271667480469e+00
7.459817886352539062e+00
6.662772178649902344e+00
6.388662338256835938e+00
6.569797992706298828e+00
6.764914989471435547e+00
6.723235130310058594e+00
6.877302646636962891e+00
7.246760368347167969e+00
7.742915630340576172e+00
7.182026386260986328e+00
6.974437236785888672e+00
6.929588794708251953e+00
7.064711570739746094e+00
7.222810268402099609e+00
7.232223510742187500e+00
7.310123443603515625e+00
7.726817607879638672e+00
6.964488506317138672e+00
6.734163284301757812e+00
6.804369449615478516e+00
6.904696941375732422e+00
6.917776584625244141e+00
7.171772956848144531e+00
7.620500564575195312e+00
7.973768234252929688e+00
7.301279067993164062e+00
6.988487720489501953e+00
7.080836296081542969e+00
7.095694065093994141e+00
6.935565471649169922e+00
7.096284389495849609e+00
7.303843498229980469e+00
7.775302886962890625e+00
7.068159103393554688e+00
6.669795989990234375e+00
6.798199653625488281e+00
6.952365875244140625e+00
6.887420654296875000e+00
7.002348899841308594e+00
7.343390941619873047e+00
8.018625259399414062e+00
6.900515556335449219e+00
6.680374145507812500e+00
6.691123962402343750e+00
6.905715942382812500e+00
7.055088043212890625e+00
7.094479560852050781e+00
7.093787193298339844e+00
7.497466564178466797e+00
6.557087898254394531e+00
6.475348472595214844e+00
6.777409076690673828e+00
7.068897724151611328e+00
6.927350997924804688e+00
7.064506530761718750e+00
7.430478572845458984e+00
7.778825283050537109e+00
7.134303092956542969e+00
6.613820075988769531e+00
6.246215820312500000e+00
6.181343555450439453e+00
6.145008563995361328e+00
6.318520069122314453e+00
6.926712512969970703e+00
7.383059978485107422e+00
7.104047298431396484e+00
6.882425308227539062e+00
6.866261005401611328e+00
6.761209011077880859e+00
6.658729553222656250e+00
6.903533935546875000e+00
7.211155414581298828e+00
7.383662700653076172e+00
7.066019535064697266e+00
6.794651985168457031e+00
6.388140678405761719e+00
6.304021835327148438e+00
6.334547996520996094e+00
6.616906642913818359e+00
7.120048999786376953e+00
7.609449863433837891e+00
7.245559215545654297e+00
6.863293647766113281e+00
6.602401733398437500e+00
6.729423999786376953e+00
6.847991466522216797e+00
6.903236389160156250e+00
7.382107734680175781e+00
7.973707199096679688e+00
7.540990352630615234e+00
7.195234775543212891e+00
6.746332168579101562e+00
6.444917201995849609e+00
6.536384582519531250e+00
6.975209712982177734e+00
7.480603694915771484e+00
8.301674842834472656e+00
7.619525432586669922e+00
7.418123245239257812e+00
7.449924468994140625e+00
7.527881145477294922e+00
7.548375129699707031e+00
7.664427280426025391e+00
7.704574584960937500e+00
8.143203735351562500e+00
7.489949703216552734e+00
6.859158515930175781e+00
6.504589557647705078e+00
6.505097866058349609e+00
6.733043193817138672e+00
6.987283706665039062e+00
7.217936515808105469e+00
7.790277004241943359e+00
7.198691844940185547e+00
6.916306018829345703e+00
6.453388214111328125e+00
6.305635929107666016e+00
6.441549777984619141e+00
6.779545783996582031e+00
7.017093181610107422e+00
7.793987274169921875e+00
7.096463203430175781e+00
6.772461891174316406e+00
6.737593173980712891e+00
7.012404918670654297e+00
7.137328147888183594e+00
7.064488887786865234e+00
7.007884502410888672e+00
7.754016399383544922e+00
7.035089969635009766e+00
6.701529979705810547e+00
6.582904815673828125e+00
6.744159221649169922e+00
6.781270503997802734e+00
6.687186717987060547e+00
6.875268459320068359e+00
7.961741447448730469e+00
7.786097526550292969e+00
7.464274883270263672e+00
6.872387886047363281e+00
6.811805248260498047e+00
6.968473911285400391e+00
6.927062034606933594e+00
6.923352718353271484e+00
7.535211086273193359e+00
7.093498229980468750e+00
6.950838565826416016e+00
6.842030048370361328e+00
6.976955413818359375e+00
7.037811756134033203e+00
7.182189464569091797e+00
7.563137531280517578e+00
7.849142551422119141e+00
7.125727653503417969e+00
6.796513080596923828e+00
6.958662986755371094e+00
7.246263980865478516e+00
7.240077972412109375e+00
7.284302234649658203e+00
7.438683986663818359e+00
7.785792350769042969e+00
7.194951057434082031e+00
6.875167369842529297e+00
6.812767982482910156e+00
6.918174743652343750e+00
6.981570720672607422e+00
6.834114551544189453e+00
6.782237529754638672e+00
7.235606670379638672e+00
6.564558982849121094e+00
6.658447265625000000e+00
6.842350959777832031e+00
6.799629688262939453e+00
6.662453174591064453e+00
6.820604801177978516e+00
7.165483474731445312e+00
7.536243915557861328e+00
6.754436492919921875e+00
6.299235820770263672e+00
6.451954364776611328e+00
6.768218517303466797e+00
6.700383186340332031e+00
6.952157020568847656e+00
7.287945270538330078e+00
7.925390243530273438e+00
7.352385520935058594e+00
6.791349887847900391e+00
6.449140071868896484e+00
6.375606060028076172e+00
6.373047351837158203e+00
6.540687084197998047e+00
6.997734546661376953e+00
7.771852970123291016e+00
6.943697929382324219e+00
6.757331371307373047e+00
6.801912307739257812e+00
7.028917312622070312e+00
7.163828372955322266e+00
7.251600265502929688e+00
7.493973255157470703e+00
7.843759059906005859e+00
6.750594139099121094e+00
6.712579727172851562e+00
6.865100383758544922e+00
7.139500141143798828e+00
7.127383708953857422e+00
7.125219821929931641e+00
7.328444480895996094e+00
7.696854591369628906e+00
6.929460048675537109e+00
6.630720615386962891e+00
6.579377651214599609e+00
6.863525390625000000e+00
6.761634349822998047e+00
6.628755092620849609e+00
7.170416831970214844e+00
7.773869514465332031e+00
7.402813434600830078e+00
7.130050182342529297e+00
6.860068321228027344e+00
6.549134731292724609e+00
6.360614299774169922e+00
6.643530368804931641e+00
7.514512538909912109e+00
7.886825561523437500e+00
7.465825557708740234e+00
7.178648471832275391e+00
6.954401493072509766e+00
6.882225513458251953e+00
7.014491081237792969e+00
7.452099323272705078e+00
7.692746162414550781e+00
7.873727321624755859e+00
7.457356452941894531e+00
7.240582466125488281e+00
6.902617454528808594e+00
6.818243503570556641e+00
6.782822132110595703e+00
6.732555389404296875e+00
7.033580780029296875e+00
7.585167884826660156e+00
7.091095447540283203e+00
6.926285743713378906e+00
6.728432178497314453e+00
6.610874176025390625e+00
6.813754558563232422e+00
7.319798946380615234e+00
7.826128482818603516e+00
8.260021209716796875e+00
7.489552021026611328e+00
6.980015277862548828e+00
6.776683807373046875e+00
6.803905963897705078e+00
6.983434677124023438e+00
7.135050296783447266e+00
7.143587589263916016e+00
7.856689453125000000e+00
7.312335968017578125e+00
6.710955619812011719e+00
6.232036113739013672e+00
6.204723834991455078e+00
6.468557357788085938e+00
6.745305061340332031e+00
7.038054466247558594e+00
7.918804168701171875e+00
7.818276405334472656e+00
7.359583377838134766e+00
6.756522178649902344e+00
6.700225353240966797e+00
6.943226814270019531e+00
7.121614933013916016e+00
7.131802558898925781e+00
7.817617893218994141e+00
7.604075431823730469e+00
7.590169906616210938e+00
7.206589698791503906e+00
7.159359455108642578e+00
7.405427932739257812e+00
7.736775875091552734e+00
7.878493309020996094e+00
8.083012580871582031e+00
7.478456497192382812e+00
7.418364048004150391e+00
7.676763057708740234e+00
8.025685310363769531e+00
8.038019180297851562e+00
7.621837615966796875e+00
7.417530536651611328e+00
8.066628456115722656e+00
8.065898895263671875e+00
7.332624912261962891e+00
6.547008991241455078e+00
6.603886127471923828e+00
6.789040088653564453e+00
6.659404754638671875e+00
6.562311172485351562e+00
7.489984035491943359e+00
7.006592273712158203e+00
6.832765579223632812e+00
6.525743007659912109e+00
6.462585449218750000e+00
6.637819766998291016e+00
6.816732883453369141e+00
7.070747375488281250e+00
7.577770233154296875e+00
6.975644111633300781e+00
6.758880138397216797e+00
6.722081184387207031e+00
6.868504047393798828e+00
6.842555046081542969e+00
7.000735759735107422e+00
7.326141357421875000e+00
7.788736343383789062e+00
6.992616176605224609e+00
6.511573314666748047e+00
6.375944614410400391e+00
6.518019199371337891e+00
6.514789581298828125e+00
6.512517929077148438e+00
6.734086513519287109e+00
7.140299797058105469e+00
6.793900012969970703e+00
6.891260147094726562e+00
6.947029590606689453e+00
6.872592449188232422e+00
6.864221096038818359e+00
6.944530487060546875e+00
7.123112678527832031e+00
7.298992633819580078e+00
6.569434165954589844e+00
6.443779468536376953e+00
6.548732280731201172e+00
6.754499435424804688e+00
6.736655235290527344e+00
6.825859069824218750e+00
7.073188304901123047e+00
7.521825790405273438e+00
6.805406093597412109e+00
6.548622131347656250e+00
6.793721675872802734e+00
6.838081836700439453e+00
6.611317634582519531e+00
6.738182544708251953e+00
7.032546997070312500e+00
7.671206474304199219e+00
7.117945194244384766e+00
6.735802650451660156e+00
6.622811317443847656e+00
6.747879028320312500e+00
6.785282135009765625e+00
6.930508613586425781e+00
7.362373828887939453e+00
8.385566711425781250e+00
7.182199954986572266e+00
6.952219963073730469e+00
6.945102214813232422e+00
7.230325222015380859e+00
7.444072246551513672e+00
7.701118946075439453e+00
7.808315753936767578e+00
7.907739639282226562e+00
7.203382015228271484e+00
6.796612739562988281e+00
6.800593852996826172e+00
6.889649391174316406e+00
6.683510303497314453e+00
6.620485782623291016e+00
6.934789180755615234e+00
7.480457305908203125e+00
6.981837749481201172e+00
6.591551303863525391e+00
6.322329521179199219e+00
6.267065048217773438e+00
6.332173824310302734e+00
6.736936569213867188e+00
7.344188690185546875e+00
7.640380382537841797e+00
6.942647933959960938e+00
6.526716709136962891e+00
6.296264171600341797e+00
6.330850601196289062e+00
6.511377811431884766e+00
6.944716930389404297e+00
7.457880020141601562e+00
7.642758846282958984e+00
7.160816192626953125e+00
6.891037464141845703e+00
6.515052795410156250e+00
6.468936443328857422e+00
6.338154315948486328e+00
6.459956645965576172e+00
6.925678730010986328e+00
7.532926559448242188e+00
7.365900039672851562e+00
7.113385200500488281e+00
6.832990169525146484e+00
6.909453868865966797e+00
7.100020885467529297e+00
7.359158992767333984e+00
7.831093788146972656e+00
8.390900611877441406e+00
7.700549125671386719e+00
7.418519020080566406e+00
7.184794425964355469e+00
7.061021804809570312e+00
7.046074867248535156e+00
7.281261920928955078e+00
7.531520843505859375e+00
8.024940490722656250e+00
7.457251071929931641e+00
7.276005268096923828e+00
7.337557792663574219e+00
7.518397808074951172e+00
7.792545795440673828e+00
7.875581741333007812e+00
7.814615726470947266e+00
8.490287780761718750e+00
8.278337478637695312e+00
7.333953380584716797e+00
6.402341842651367188e+00
6.252555370330810547e+00
6.436858654022216797e+00
6.586397171020507812e+00
6.831777095794677734e+00
7.679964065551757812e+00
7.027318954467773438e+00
6.665054798126220703e+00
6.380199432373046875e+00
6.537586688995361328e+00
6.898591995239257812e+00
7.199153900146484375e+00
7.289990901947021484e+00
8.011726379394531250e+00
7.569679737091064453e+00
7.638472557067871094e+00
7.424212455749511719e+00
7.424188137054443359e+00
7.411565780639648438e+00
7.370683670043945312e+00
7.450535297393798828e+00
8.029282569885253906e+00
7.261016845703125000e+00
6.616405963897705078e+00
6.282039642333984375e+00
6.444958686828613281e+00
6.560087680816650391e+00
6.500975131988525391e+00
6.617545604705810547e+00
7.422941207885742188e+00
7.116161346435546875e+00
6.863301277160644531e+00
6.306954383850097656e+00
6.236593723297119141e+00
6.586742401123046875e+00
6.773495197296142578e+00
6.793995380401611328e+00
7.272424221038818359e+00
6.589649200439453125e+00
6.340555667877197266e+00
6.308899402618408203e+00
6.548467159271240234e+00
6.626277923583984375e+00
6.689611434936523438e+00
6.942299365997314453e+00
7.405132293701171875e+00
6.715695858001708984e+00
6.521805286407470703e+00
6.567876815795898438e+00
6.687490463256835938e+00
6.650175094604492188e+00
6.700356006622314453e+00
6.874956130981445312e+00
7.408165931701660156e+00
6.928040027618408203e+00
6.783317089080810547e+00
6.740859985351562500e+00
6.835792541503906250e+00
6.810684680938720703e+00
6.831372261047363281e+00
7.004018306732177734e+00
7.551627635955810547e+00
6.829129695892333984e+00
6.698032855987548828e+00
6.859800338745117188e+00
7.049692153930664062e+00
7.077891349792480469e+00
7.298643589019775391e+00
7.613065242767333984e+00
7.876912593841552734e+00
7.093670368194580078e+00
6.723349571228027344e+00
6.796613693237304688e+00
6.852265834808349609e+00
6.654498577117919922e+00
6.775983810424804688e+00
7.135380268096923828e+00
7.938990592956542969e+00
7.168419837951660156e+00
6.854269027709960938e+00
7.100159645080566406e+00
7.058076381683349609e+00
6.835418224334716797e+00
7.042923450469970703e+00
7.424878597259521484e+00
7.910857200622558594e+00
6.827304363250732422e+00
6.403728485107421875e+00
6.381029605865478516e+00
6.709174633026123047e+00
7.034367561340332031e+00
7.247571468353271484e+00
7.465694904327392578e+00
7.843069553375244141e+00
6.774741172790527344e+00
6.507882118225097656e+00
6.718995571136474609e+00
6.969026565551757812e+00
6.748056888580322266e+00
6.763990879058837891e+00
7.178687572479248047e+00
7.765597820281982422e+00
7.396516323089599609e+00
7.023025989532470703e+00
6.800488948822021484e+00
6.833006858825683594e+00
6.805581092834472656e+00
6.913918018341064453e+00
7.498903274536132812e+00
8.012414932250976562e+00
7.550283908843994141e+00
7.252898693084716797e+00
7.010839462280273438e+00
6.806598663330078125e+00
6.596045970916748047e+00
6.802437782287597656e+00
7.313365459442138672e+00
7.749433517456054688e+00
7.297273159027099609e+00
7.115008354187011719e+00
6.926934242248535156e+00
6.892374515533447266e+00
7.004010200500488281e+00
7.333223819732666016e+00
7.587622642517089844e+00
7.779637336730957031e+00
7.231807708740234375e+00
6.851395606994628906e+00
6.499084949493408203e+00
6.515729904174804688e+00
6.605795383453369141e+00
6.597094058990478516e+00
6.965801239013671875e+00
7.710243701934814453e+00
7.107588291168212891e+00
6.760644435882568359e+00
6.563306331634521484e+00
6.520440578460693359e+00
6.649535655975341797e+00
7.025238513946533203e+00
7.483253479003906250e+00
8.087103843688964844e+00
7.486103057861328125e+00
7.158392429351806641e+00
7.151041030883789062e+00
7.244687557220458984e+00
7.165798187255859375e+00
7.278781890869140625e+00
7.514104843139648438e+00
7.962569236755371094e+00
7.345959663391113281e+00
6.639572620391845703e+00
6.218340396881103516e+00
6.158610820770263672e+00
6.385866641998291016e+00
6.636069297790527344e+00
6.939477443695068359e+00
7.524295330047607422e+00
7.104898929595947266e+00
6.822657108306884766e+00
6.363166809082031250e+00
6.351906776428222656e+00
6.837583065032958984e+00
7.263662815093994141e+00
7.252970695495605469e+00
7.723788261413574219e+00
7.115924835205078125e+00
6.851953029632568359e+00
6.724761962890625000e+00
6.819718360900878906e+00
6.958727359771728516e+00
7.154845237731933594e+00
7.297955989837646484e+00
7.914821147918701172e+00
7.283344268798828125e+00
7.004290580749511719e+00
6.855636119842529297e+00
6.956871509552001953e+00
6.916694164276123047e+00
6.723284244537353516e+00
6.823502540588378906e+00
7.758716583251953125e+00
7.874404430389404297e+00
7.406499862670898438e+00
6.646200656890869141e+00
6.640577793121337891e+00
6.775946617126464844e+00
6.713510990142822266e+00
6.765583515167236328e+00
7.749995231628417969e+00
7.116020202636718750e+00
6.857827663421630859e+00
6.697360992431640625e+00
6.922173023223876953e+00
7.112124919891357422e+00
7.237033843994140625e+00
7.515809535980224609e+00
7.787887573242187500e+00
7.058467864990234375e+00
6.733821392059326172e+00
6.560749530792236328e+00
6.788412570953369141e+00
6.774639606475830078e+00
6.989808082580566406e+00
7.410306930541992188e+00
7.972655773162841797e+00
7.279828071594238281e+00
6.934390068054199219e+00
6.819370746612548828e+00
6.789975166320800781e+00
6.799981117248535156e+00
6.776755332946777344e+00
6.749579906463623047e+00
7.101725578308105469e+00
6.512051582336425781e+00
6.525180339813232422e+00
6.681298732757568359e+00
6.818233489990234375e+00
6.960174083709716797e+00
7.077322959899902344e+00
7.281940460205078125e+00
7.681684494018554688e+00
6.871759414672851562e+00
6.380227565765380859e+00
6.431233882904052734e+00
6.666318416595458984e+00
6.603551864624023438e+00
6.807397365570068359e+00
7.241366863250732422e+00
8.087924003601074219e+00
7.581393241882324219e+00
7.132689952850341797e+00
7.276055335998535156e+00
7.139443874359130859e+00
6.894613742828369141e+00
7.128123760223388672e+00
7.600033283233642578e+00
8.328127861022949219e+00
7.178170204162597656e+00
6.818468093872070312e+00
6.810357093811035156e+00
6.961294651031494141e+00
6.952365875244140625e+00
7.125158786773681641e+00
7.526269435882568359e+00
8.412112236022949219e+00
7.288393020629882812e+00
7.026358604431152344e+00
7.107019424438476562e+00
7.346303462982177734e+00
7.384218215942382812e+00
7.610526084899902344e+00
7.850498199462890625e+00
7.947069168090820312e+00
7.050363540649414062e+00
6.602958202362060547e+00
6.403478145599365234e+00
6.449428558349609375e+00
6.369910717010498047e+00
6.410257816314697266e+00
6.925421237945556641e+00
7.481991291046142578e+00
7.045808315277099609e+00
6.790850162506103516e+00
6.583480834960937500e+00
6.450310230255126953e+00
6.386787891387939453e+00
6.579123497009277344e+00
7.064305305480957031e+00
7.544148921966552734e+00
7.302534580230712891e+00
7.118617057800292969e+00
6.784288406372070312e+00
6.583120822906494141e+00
6.579055786132812500e+00
6.937869548797607422e+00
7.247274875640869141e+00
7.627358436584472656e+00
7.197027683258056641e+00
6.788067817687988281e+00
6.434286117553710938e+00
6.360988616943359375e+00
6.286040306091308594e+00
6.295715808868408203e+00
6.716473102569580078e+00
7.440153598785400391e+00
7.228128910064697266e+00
6.960359096527099609e+00
6.682192802429199219e+00
6.632135868072509766e+00
6.923447608947753906e+00
7.394853115081787109e+00
8.012952804565429688e+00
8.380948066711425781e+00
7.422670364379882812e+00
6.967976570129394531e+00
6.796183586120605469e+00
6.720647811889648438e+00
6.870077610015869141e+00
7.158349514007568359e+00
7.366607189178466797e+00
7.936366558074951172e+00
7.434292316436767578e+00
6.755901813507080078e+00
6.411017417907714844e+00
6.431506633758544922e+00
6.706872940063476562e+00
6.995206832885742188e+00
7.227754116058349609e+00
7.931399345397949219e+00
7.847536087036132812e+00
7.338334560394287109e+00
6.646123409271240234e+00
6.704596042633056641e+00
6.907670021057128906e+00
6.871819496154785156e+00
7.120765209197998047e+00
8.070080757141113281e+00
7.551630973815917969e+00
7.229436397552490234e+00
6.846598148345947266e+00
6.934284687042236328e+00
7.244252681732177734e+00
7.621327400207519531e+00
7.835216522216796875e+00
8.337158203125000000e+00
7.579157352447509766e+00
7.380340099334716797e+00
7.376518249511718750e+00
7.553034782409667969e+00
7.586295604705810547e+00
7.402505397796630859e+00
7.441193103790283203e+00
8.307261466979980469e+00
7.845966815948486328e+00
7.072858333587646484e+00
6.453100681304931641e+00
6.342869281768798828e+00
6.384611606597900391e+00
6.294574260711669922e+00
6.312647819519042969e+00
7.237226009368896484e+00
6.703099727630615234e+00
6.633649349212646484e+00
6.342060565948486328e+00
6.339475631713867188e+00
6.617865562438964844e+00
6.797490119934082031e+00
6.951065063476562500e+00
7.669391632080078125e+00
7.155894756317138672e+00
6.994558811187744141e+00
6.836854934692382812e+00
6.993071079254150391e+00
7.218485355377197266e+00
7.414535999298095703e+00
7.700435161590576172e+00
8.301013946533203125e+00
7.472719669342041016e+00
6.991032123565673828e+00
6.996427059173583984e+00
7.083718776702880859e+00
7.001800537109375000e+00
6.924625873565673828e+00
7.047498703002929688e+00
7.450644493103027344e+00
6.914818286895751953e+00
6.804701328277587891e+00
6.872242927551269531e+00
6.914339542388916016e+00
6.931441307067871094e+00
7.047983169555664062e+00
7.329183101654052734e+00
7.834458827972412109e+00
7.209824562072753906e+00
6.885573387145996094e+00
6.896100521087646484e+00
7.098798274993896484e+00
7.165749549865722656e+00
7.363548755645751953e+00
7.746129512786865234e+00
8.212809562683105469e+00
7.541208744049072266e+00
7.075604915618896484e+00
7.059745311737060547e+00
6.835274696350097656e+00
6.604945182800292969e+00
6.829141616821289062e+00
7.161086559295654297e+00
8.088585853576660156e+00
6.861371517181396484e+00
6.489790916442871094e+00
6.474237442016601562e+00
6.666072368621826172e+00
6.798371791839599609e+00
6.840237617492675781e+00
7.037816047668457031e+00
7.666561126708984375e+00
6.946144580841064453e+00
6.815801143646240234e+00
6.840160369873046875e+00
7.045702934265136719e+00
7.211938858032226562e+00
7.389696598052978516e+00
7.532153606414794922e+00
7.956663608551025391e+00
7.070417404174804688e+00
6.713930130004882812e+00
6.666521549224853516e+00
6.651762008666992188e+00
6.358425140380859375e+00
6.314993381500244141e+00
6.829690933227539062e+00
7.587850093841552734e+00
7.286482334136962891e+00
6.891898632049560547e+00
6.590116024017333984e+00
6.518590927124023438e+00
6.608859539031982422e+00
7.028724193572998047e+00
7.760105133056640625e+00
7.848736286163330078e+00
6.983822345733642578e+00
6.575314521789550781e+00
6.433254718780517578e+00
6.496503353118896484e+00
6.631321907043457031e+00
6.957403659820556641e+00
7.301736354827880859e+00
7.543645858764648438e+00
7.203682422637939453e+00
7.114694118499755859e+00
6.732654571533203125e+00
6.563428401947021484e+00
6.542276859283447266e+00
6.758131027221679688e+00
7.124495506286621094e+00
7.810817241668701172e+00
7.590757846832275391e+00
7.203939914703369141e+00
6.861058712005615234e+00
6.936552524566650391e+00
7.051270008087158203e+00
7.127748966217041016e+00
7.590132713317871094e+00
8.221097946166992188e+00
7.426423072814941406e+00
7.141887664794921875e+00
6.928754806518554688e+00
6.794877052307128906e+00
6.743939399719238281e+00
7.034545898437500000e+00
7.471093177795410156e+00
8.098725318908691406e+00
7.529926300048828125e+00
7.275992393493652344e+00
7.323372840881347656e+00
7.362333297729492188e+00
7.619655609130859375e+00
7.827568531036376953e+00
7.829238891601562500e+00
8.483192443847656250e+00
8.046722412109375000e+00
7.103579044342041016e+00
6.358320236206054688e+00
6.192356109619140625e+00
6.262496471405029297e+00
6.491975307464599609e+00
6.855636596679687500e+00
7.396137237548828125e+00
6.786824226379394531e+00
6.580042362213134766e+00
6.313688278198242188e+00
6.403250217437744141e+00
6.902349472045898438e+00
7.299003124237060547e+00
7.243962287902832031e+00
7.965291023254394531e+00
7.713490486145019531e+00
7.937245845794677734e+00
7.621568679809570312e+00
7.649046897888183594e+00
7.972674846649169922e+00
7.982102394104003906e+00
7.848070621490478516e+00
8.430678367614746094e+00
7.746572494506835938e+00
7.036964416503906250e+00
6.796223163604736328e+00
6.953020095825195312e+00
6.973592758178710938e+00
6.735676288604736328e+00
6.767488956451416016e+00
7.638971328735351562e+00
7.361452579498291016e+00
7.100108146667480469e+00
6.549016952514648438e+00
6.594240188598632812e+00
7.037872791290283203e+00
7.150183677673339844e+00
7.104181766510009766e+00
7.788712024688720703e+00
7.421642780303955078e+00
7.315451622009277344e+00
6.922898292541503906e+00
7.062821865081787109e+00
7.322987556457519531e+00
7.530694484710693359e+00
8.044056892395019531e+00
8.323760986328125000e+00
7.308716297149658203e+00
6.799630165100097656e+00
6.801124572753906250e+00
6.803964614868164062e+00
6.837518692016601562e+00
6.999301910400390625e+00
7.185041427612304688e+00
7.482472419738769531e+00
6.757664203643798828e+00
6.434422492980957031e+00
6.573771476745605469e+00
6.974243640899658203e+00
7.116539001464843750e+00
6.984432220458984375e+00
6.981356620788574219e+00
7.398346900939941406e+00
6.816290855407714844e+00
6.782855987548828125e+00
7.033959865570068359e+00
7.178662300109863281e+00
7.064229965209960938e+00
7.161777496337890625e+00
7.516499519348144531e+00
7.890061378479003906e+00
7.176166534423828125e+00
6.659595489501953125e+00
6.575725078582763672e+00
6.601702213287353516e+00
6.440598964691162109e+00
6.651214122772216797e+00
7.168067455291748047e+00
8.081598281860351562e+00
7.420682907104492188e+00
7.212426662445068359e+00
7.667677402496337891e+00
7.522798538208007812e+00
7.070028305053710938e+00
7.345607280731201172e+00
7.794709205627441406e+00
8.158108711242675781e+00
6.827407836914062500e+00
6.360094547271728516e+00
6.385184288024902344e+00
6.851638317108154297e+00
7.233446598052978516e+00
7.266129970550537109e+00
7.360258579254150391e+00
7.990172863006591797e+00
6.965522766113281250e+00
6.893311977386474609e+00
7.011289119720458984e+00
7.073832511901855469e+00
6.782954216003417969e+00
6.811672687530517578e+00
7.247080802917480469e+00
7.833368778228759766e+00
7.369077682495117188e+00
6.911974906921386719e+00
6.804038524627685547e+00
6.996500015258789062e+00
6.970737934112548828e+00
6.916187286376953125e+00
7.299318790435791016e+00
7.688329696655273438e+00
7.270473003387451172e+00
7.089061260223388672e+00
6.919903278350830078e+00
6.716106414794921875e+00
6.518615245819091797e+00
6.751265048980712891e+00
7.281581878662109375e+00
7.595039844512939453e+00
7.239387512207031250e+00
6.939416885375976562e+00
6.646784782409667969e+00
6.669498443603515625e+00
6.931448936462402344e+00
7.400358676910400391e+00
7.661017417907714844e+00
7.893027305603027344e+00
7.316236495971679688e+00
6.911420345306396484e+00
6.526448726654052734e+00
6.508811473846435547e+00
6.554646968841552734e+00
6.620992183685302734e+00
7.083969116210937500e+00
7.808212280273437500e+00
7.209887504577636719e+00
6.922565937042236328e+00
6.661438941955566406e+00
6.540496826171875000e+00
6.780227184295654297e+00
7.320849895477294922e+00
7.828227996826171875e+00
8.397233963012695312e+00
7.598725795745849609e+00
7.176294326782226562e+00
7.164960384368896484e+00
7.237252712249755859e+00
7.246618270874023438e+00
7.291825294494628906e+00
7.270342826843261719e+00
7.842904567718505859e+00
7.556845188140869141e+00
6.898856639862060547e+00
6.550866127014160156e+00
6.465733051300048828e+00
6.650565624237060547e+00
6.788576126098632812e+00
6.912354469299316406e+00
7.697203636169433594e+00
7.534672737121582031e+00
7.191018104553222656e+00
6.675228118896484375e+00
6.825963020324707031e+00
7.382408142089843750e+00
7.563431739807128906e+00
7.281311988830566406e+00
7.822693824768066406e+00
7.842673778533935547e+00
8.103515625000000000e+00
7.496295928955078125e+00
7.419784545898437500e+00
7.964110851287841797e+00
8.409278869628906250e+00
8.621140480041503906e+00
8.763908386230468750e+00
7.585755348205566406e+00
7.181461811065673828e+00
7.060852050781250000e+00
7.223828792572021484e+00
7.237816333770751953e+00
7.017930030822753906e+00
7.126483440399169922e+00
7.950624465942382812e+00
7.414946556091308594e+00
6.548758983612060547e+00
6.304475784301757812e+00
6.662307739257812500e+00
6.951882839202880859e+00
6.813368797302246094e+00
6.776375770568847656e+00
7.575748443603515625e+00
7.142703056335449219e+00
6.858001708984375000e+00
6.651571273803710938e+00
6.758711814880371094e+00
6.847238063812255859e+00
7.058586120605468750e+00
7.313727378845214844e+00
7.673073291778564453e+00
7.153997421264648438e+00
6.861497879028320312e+00
6.703245162963867188e+00
6.704078674316406250e+00
6.729840278625488281e+00
7.097760677337646484e+00
7.700892448425292969e+00
8.150896072387695312e+00
7.506711959838867188e+00
7.051169872283935547e+00
7.040950775146484375e+00
7.052666187286376953e+00
6.973502159118652344e+00
6.993213653564453125e+00
7.014414310455322266e+00
7.074213504791259766e+00
6.448965549468994141e+00
6.445433139801025391e+00
6.617253303527832031e+00
6.766978263854980469e+00
6.920689105987548828e+00
6.979001998901367188e+00
7.232995510101318359e+00
7.674545764923095703e+00
6.958376407623291016e+00
6.668001651763916016e+00
6.859161376953125000e+00
6.970485210418701172e+00
6.797842502593994141e+00
7.035529136657714844e+00
7.394712448120117188e+00
8.026884078979492188e+00
7.510687351226806641e+00
7.339004039764404297e+00
7.962564945220947266e+00
7.783488273620605469e+00
7.285718917846679688e+00
7.410722255706787109e+00
7.788287639617919922e+00
8.588010787963867188e+00
7.214436054229736328e+00
6.792192935943603516e+00
6.771111011505126953e+00
6.891041755676269531e+00
6.947146415710449219e+00
7.067596912384033203e+00
7.326659202575683594e+00
8.010460853576660156e+00
7.175929069519042969e+00
6.850606918334960938e+00
6.836325645446777344e+00
7.187937736511230469e+00
7.283408641815185547e+00
7.542527198791503906e+00
7.689638614654541016e+00
7.897309303283691406e+00
6.954545497894287109e+00
6.577668666839599609e+00
6.435616493225097656e+00
6.547328948974609375e+00
6.489858627319335938e+00
6.509944438934326172e+00
6.961842536926269531e+00
7.546280384063720703e+00
7.271368026733398438e+00
6.960270404815673828e+00
6.756314277648925781e+00
6.556096076965332031e+00
6.479269504547119141e+00
6.814244747161865234e+00
7.399947166442871094e+00
7.815624713897705078e+00
7.389990806579589844e+00
7.060826778411865234e+00
6.738197326660156250e+00
6.669618606567382812e+00
6.708711624145507812e+00
7.099018096923828125e+00
7.487810134887695312e+00
7.747707366943359375e+00
7.306993484497070312e+00
7.113899230957031250e+00
6.821913719177246094e+00
6.710046768188476562e+00
6.600368022918701172e+00
6.638885498046875000e+00
7.049566745758056641e+00
7.816627979278564453e+00
7.608664512634277344e+00
7.240463733673095703e+00
6.834227561950683594e+00
6.798882007598876953e+00
7.017699241638183594e+00
7.277525424957275391e+00
7.678339958190917969e+00
8.265856742858886719e+00
7.698809146881103516e+00
7.377209186553955078e+00
7.332616329193115234e+00
7.123959541320800781e+00
7.110281944274902344e+00
7.329158782958984375e+00
7.562552452087402344e+00
8.193208694458007812e+00
7.359264373779296875e+00
6.862229824066162109e+00
6.665858268737792969e+00
6.703124523162841797e+00
6.859738826751708984e+00
7.093262672424316406e+00
7.418333530426025391e+00
8.279303550720214844e+00
7.774795055389404297e+00
6.533848762512207031e+00
6.075242519378662109e+00
6.220686435699462891e+00
6.555224418640136719e+00
6.751805782318115234e+00
6.987049579620361328e+00
7.837109565734863281e+00
7.368491172790527344e+00
7.069204330444335938e+00
6.590460300445556641e+00
6.646896362304687500e+00
7.098773479461669922e+00
7.654873371124267578e+00
7.717868804931640625e+00
8.260820388793945312e+00
7.905848026275634766e+00
8.056141853332519531e+00
7.743709087371826172e+00
7.606506347656250000e+00
7.600464820861816406e+00
7.667674541473388672e+00
7.833835601806640625e+00
8.707438468933105469e+00
8.261612892150878906e+00
7.033362388610839844e+00
6.529507637023925781e+00
6.564771652221679688e+00
6.679847240447998047e+00
6.739875316619873047e+00
6.898453235626220703e+00
7.301073551177978516e+00
6.764532566070556641e+00
6.707111835479736328e+00
6.518429756164550781e+00
6.643736839294433594e+00
6.917331218719482422e+00
6.975008487701416016e+00
7.048502922058105469e+00
7.518565177917480469e+00
7.163568019866943359e+00
7.149750709533691406e+00
7.027498722076416016e+00
7.092281818389892578e+00
7.273769378662109375e+00
7.619213581085205078e+00
8.134477615356445312e+00
8.543760299682617188e+00
7.550038337707519531e+00
6.775807857513427734e+00
6.808035373687744141e+00
7.027379035949707031e+00
7.106811523437500000e+00
7.208321094512939453e+00
7.374433994293212891e+00
7.603738784790039062e+00
6.939000129699707031e+00
6.753290653228759766e+00
6.792493820190429688e+00
6.847359180450439453e+00
6.956164836883544922e+00
7.121984004974365234e+00
7.467781543731689453e+00
7.837082386016845703e+00
7.096944332122802734e+00
6.756502151489257812e+00
6.763135433197021484e+00
6.971221446990966797e+00
7.073238849639892578e+00
7.304346084594726562e+00
7.621076107025146484e+00
7.980458736419677734e+00
7.250968456268310547e+00
6.898473262786865234e+00
6.979295730590820312e+00
6.861223697662353516e+00
6.625064849853515625e+00
6.774625778198242188e+00
6.969056129455566406e+00
7.754158973693847656e+00
6.909481525421142578e+00
6.601324081420898438e+00
6.811078548431396484e+00
6.938956260681152344e+00
6.839989662170410156e+00
6.971008777618408203e+00
7.298367023468017578e+00
8.092710494995117188e+00
7.116554260253906250e+00
6.921272754669189453e+00
6.920119285583496094e+00
7.078769683837890625e+00
7.272127628326416016e+00
7.598921298980712891e+00
7.724788665771484375e+00
7.824247360229492188e+00
6.927764892578125000e+00
6.797079563140869141e+00
7.155134201049804688e+00
7.404257774353027344e+00
7.095806121826171875e+00
7.027714252471923828e+00
7.451424121856689453e+00
8.107442855834960938e+00
7.721797943115234375e+00
7.240877628326416016e+00
6.813016891479492188e+00
6.741741657257080078e+00
6.679171562194824219e+00
6.714260101318359375e+00
7.199921607971191406e+00
7.622052192687988281e+00
7.375393390655517578e+00
7.158270835876464844e+00
7.045851707458496094e+00
6.940699577331542969e+00
6.855743408203125000e+00
7.078934669494628906e+00
7.388827323913574219e+00
7.500719547271728516e+00
7.063999176025390625e+00
6.791937828063964844e+00
6.411197185516357422e+00
6.195450782775878906e+00
6.241496086120605469e+00
6.606788635253906250e+00
7.058889389038085938e+00
7.388432979583740234e+00
6.948729515075683594e+00
6.600606441497802734e+00
6.423116207122802734e+00
6.576510429382324219e+00
6.724545478820800781e+00
6.831614494323730469e+00
7.241393089294433594e+00
7.863740444183349609e+00
7.383493423461914062e+00
6.950543880462646484e+00
6.538902759552001953e+00
6.383267402648925781e+00
6.562128067016601562e+00
7.021260738372802734e+00
7.438441276550292969e+00
8.109147071838378906e+00
7.681075096130371094e+00
7.588194370269775391e+00
7.513762950897216797e+00
7.432119369506835938e+00
7.502314567565917969e+00
7.732339859008789062e+00
7.924659729003906250e+00
9.081771850585937500e+00
8.670166015625000000e+00
7.053398132324218750e+00
6.289273738861083984e+00
6.204230785369873047e+00
6.465111255645751953e+00
6.875945091247558594e+00
7.235037326812744141e+00
7.599696159362792969e+00
7.043691635131835938e+00
6.917772769927978516e+00
6.646502494812011719e+00
6.737073421478271484e+00
7.256422996520996094e+00
7.674480438232421875e+00
7.578903675079345703e+00
8.009144783020019531e+00
7.916737556457519531e+00
8.218355178833007812e+00
7.790568828582763672e+00
7.683276653289794922e+00
8.116121292114257812e+00
8.577075004577636719e+00
8.820490837097167969e+00
9.241557121276855469e+00
8.058244705200195312e+00
7.054657936096191406e+00
6.891992092132568359e+00
7.195721149444580078e+00
7.201185226440429688e+00
6.948844432830810547e+00
7.005990982055664062e+00
7.887094497680664062e+00
7.457654476165771484e+00
7.140547752380371094e+00
6.723767757415771484e+00
6.684143543243408203e+00
6.761768817901611328e+00
6.766672611236572266e+00
6.811560153961181641e+00
7.446443557739257812e+00
6.948118686676025391e+00
6.804284572601318359e+00
6.694749832153320312e+00
6.909170627593994141e+00
7.147254943847656250e+00
7.253273963928222656e+00
7.628404617309570312e+00
7.945166110992431641e+00
7.044198513031005859e+00
6.607141971588134766e+00
6.647121906280517578e+00
6.753386497497558594e+00
6.779522895812988281e+00
6.957403659820556641e+00
7.196174144744873047e+00
7.702116012573242188e+00
7.047450065612792969e+00
6.665316104888916016e+00
6.671728134155273438e+00
6.895782947540283203e+00
6.929928302764892578e+00
6.791551589965820312e+00
6.841176986694335938e+00
7.341001033782958984e+00
6.838665008544921875e+00
6.965149402618408203e+00
7.212271213531494141e+00
7.193829059600830078e+00
7.184262275695800781e+00
7.365307807922363281e+00
7.559655189514160156e+00
7.848411083221435547e+00
7.029649257659912109e+00
6.540522098541259766e+00
6.715145111083984375e+00
6.915386676788330078e+00
6.784764766693115234e+00
7.019366264343261719e+00
7.361642360687255859e+00
8.083189964294433594e+00
7.589486598968505859e+00
7.356426239013671875e+00
7.781295776367187500e+00
7.676636695861816406e+00
7.203741550445556641e+00
7.284878253936767578e+00
7.647739887237548828e+00
8.225041389465332031e+00
7.421072959899902344e+00
6.985712051391601562e+00
6.988966941833496094e+00
7.355620861053466797e+00
7.382619857788085938e+00
7.398941040039062500e+00
7.430262088775634766e+00
7.783277034759521484e+00
6.675727844238281250e+00
6.711564540863037109e+00
6.941898822784423828e+00
7.127871990203857422e+00
7.052432060241699219e+00
7.100095748901367188e+00
7.385739326477050781e+00
7.569932460784912109e+00
6.799598217010498047e+00
6.515469074249267578e+00
6.458124160766601562e+00
6.683544158935546875e+00
6.710852146148681641e+00
6.727926254272460938e+00
7.126820087432861328e+00
7.653423309326171875e+00
7.296052455902099609e+00
7.026735305786132812e+00
6.731811046600341797e+00
6.598917961120605469e+00
6.503271579742431641e+00
6.720111370086669922e+00
7.352474212646484375e+00
7.741874217987060547e+00
7.470359802246093750e+00
7.292556762695312500e+00
6.931288242340087891e+00
6.722652435302734375e+00
6.730506896972656250e+00
7.064022064208984375e+00
7.475615024566650391e+00
7.923607349395751953e+00
7.531059265136718750e+00
7.074642658233642578e+00
6.713558197021484375e+00
6.733402729034423828e+00
6.850716590881347656e+00
6.888477325439453125e+00
7.146276473999023438e+00
7.777547836303710938e+00
7.208501815795898438e+00
6.878165721893310547e+00
6.679071426391601562e+00
6.649458885192871094e+00
6.990707874298095703e+00
7.552595138549804688e+00
8.111000061035156250e+00
8.519953727722167969e+00
7.626012325286865234e+00
7.140187263488769531e+00
7.088475227355957031e+00
7.177630901336669922e+00
7.295485973358154297e+00
7.616480350494384766e+00
7.777510643005371094e+00
8.440246582031250000e+00
7.994452953338623047e+00
7.056075572967529297e+00
6.479923248291015625e+00
6.315960407257080078e+00
6.533533096313476562e+00
6.882125854492187500e+00
7.175162315368652344e+00
7.911226749420166016e+00
7.428329467773437500e+00
6.960338115692138672e+00
6.586116313934326172e+00
6.652980804443359375e+00
6.843846797943115234e+00
6.823077201843261719e+00
6.924998760223388672e+00
7.505804061889648438e+00
7.281554698944091797e+00
7.277112483978271484e+00
6.989003181457519531e+00
6.985534191131591797e+00
7.322324752807617188e+00
7.660983562469482422e+00
7.852101325988769531e+00
8.396782875061035156e+00
7.458359241485595703e+00
7.167772293090820312e+00
7.147637367248535156e+00
7.279168605804443359e+00
7.307641029357910156e+00
7.140828132629394531e+00
7.267365932464599609e+00
8.457404136657714844e+00
8.189505577087402344e+00
7.082814693450927734e+00
6.422861099243164062e+00
6.547902584075927734e+00
6.775396347045898438e+00
6.668237686157226562e+00
6.630757331848144531e+00
7.721258163452148438e+00
7.193405151367187500e+00
6.954534053802490234e+00
6.701902866363525391e+00
6.692000865936279297e+00
6.894200325012207031e+00
7.080592155456542969e+00
7.212117195129394531e+00
7.592272758483886719e+00
7.150821685791015625e+00
7.036706447601318359e+00
6.915305614471435547e+00
7.115226745605468750e+00
7.451138973236083984e+00
7.797208786010742188e+00
8.116991996765136719e+00
8.300777435302734375e+00
7.541637420654296875e+00
7.087310314178466797e+00
7.225366592407226562e+00
7.379794597625732422e+00
7.260297775268554688e+00
7.078742027282714844e+00
7.120916366577148438e+00
7.306354522705078125e+00
6.978009223937988281e+00
7.010115623474121094e+00
7.155802249908447266e+00
7.062918663024902344e+00
6.975200653076171875e+00
7.025933742523193359e+00
7.212898254394531250e+00
7.421340465545654297e+00
6.687659740447998047e+00
6.467665672302246094e+00
6.612873554229736328e+00
6.709448814392089844e+00
6.579532146453857422e+00
6.809004783630371094e+00
7.142666816711425781e+00
7.356108188629150391e+00
6.716156959533691406e+00
6.465914249420166016e+00
6.541586399078369141e+00
6.585316658020019531e+00
6.463786125183105469e+00
6.603332042694091797e+00
6.747309207916259766e+00
7.312774181365966797e+00
6.826957225799560547e+00
6.624815940856933594e+00
6.575087547302246094e+00
6.708073616027832031e+00
6.786739826202392578e+00
6.933230876922607422e+00
7.253215312957763672e+00
7.915414333343505859e+00
7.105169296264648438e+00
6.965844631195068359e+00
7.021738529205322266e+00
7.412791728973388672e+00
7.688376903533935547e+00
7.956707000732421875e+00
8.067789077758789062e+00
8.277951240539550781e+00
7.164748668670654297e+00
6.929194450378417969e+00
6.942871570587158203e+00
7.115723133087158203e+00
6.986533641815185547e+00
6.822147846221923828e+00
7.140735626220703125e+00
7.714897155761718750e+00
7.284651279449462891e+00
6.891097545623779297e+00
6.649039745330810547e+00
6.479501247406005859e+00
6.481739521026611328e+00
6.863405227661132812e+00
7.588700294494628906e+00
7.933160305023193359e+00
7.317733764648437500e+00
7.105672836303710938e+00
6.883269786834716797e+00
6.762496948242187500e+00
6.736608505249023438e+00
6.984683513641357422e+00
7.403397560119628906e+00
7.722512722015380859e+00
7.347551822662353516e+00
7.117689132690429688e+00
6.712704658508300781e+00
6.544173240661621094e+00
6.524446964263916016e+00
6.652410030364990234e+00
6.936817169189453125e+00
7.522137165069580078e+00
7.123397827148437500e+00
6.877694606781005859e+00
6.568606853485107422e+00
6.588605403900146484e+00
6.734231948852539062e+00
7.129535198211669922e+00
7.771464347839355469e+00
8.323945045471191406e+00
7.467573165893554688e+00
7.171959400177001953e+00
7.069798946380615234e+00
6.965051174163818359e+00
6.942090034484863281e+00
7.150467872619628906e+00
7.312194824218750000e+00
8.118264198303222656e+00
7.489048004150390625e+00
7.134008407592773438e+00
7.000752925872802734e+00
6.987460136413574219e+00
7.202707290649414062e+00
7.490414142608642578e+00
7.814723491668701172e+00
9.065178871154785156e+00
8.839864730834960938e+00
7.336323261260986328e+00
6.400040626525878906e+00
6.298070430755615234e+00
6.502917766571044922e+00
6.641401767730712891e+00
6.844758033752441406e+00
7.785252094268798828e+00
7.099071025848388672e+00
6.752812385559082031e+00
6.386545181274414062e+00
6.478396892547607422e+00
7.018991470336914062e+00
7.621513366699218750e+00
7.646285533905029297e+00
8.138535499572753906e+00
7.940217971801757812e+00
8.179511070251464844e+00
7.799494266510009766e+00
7.716829776763916016e+00
7.886825084686279297e+00
7.965322494506835938e+00
7.815992355346679688e+00
8.272582054138183594e+00
7.589966773986816406e+00
7.178907871246337891e+00
7.036032676696777344e+00
7.306752681732177734e+00
7.367969512939453125e+00
7.033557415008544922e+00
6.905496597290039062e+00
7.650876045227050781e+00
7.312948226928710938e+00
7.176035881042480469e+00
6.842768669128417969e+00
6.785080432891845703e+00
7.005563259124755859e+00
6.918380737304687500e+00
6.860056877136230469e+00
7.387771129608154297e+00
6.618271827697753906e+00
6.351737022399902344e+00
6.354539394378662109e+00
6.497363090515136719e+00
6.510134696960449219e+00
6.679527759552001953e+00
7.005522727966308594e+00
7.164181232452392578e+00
6.514947891235351562e+00
6.182902812957763672e+00
6.308570861816406250e+00
6.588493347167968750e+00
6.610730171203613281e+00
6.683915615081787109e+00
6.969602108001708984e+00
7.453652858734130859e+00
6.882604598999023438e+00
6.703884124755859375e+00
6.672294139862060547e+00
6.776000976562500000e+00
6.857649803161621094e+00
6.856723308563232422e+00
7.004119396209716797e+00
7.451768875122070312e+00
6.782380104064941406e+00
6.736900329589843750e+00
6.915469646453857422e+00
7.008144855499267578e+00
7.065767765045166016e+00
7.357805252075195312e+00
7.748734951019287109e+00
8.070026397705078125e+00
7.186026573181152344e+00
6.782919406890869141e+00
6.865956306457519531e+00
6.940127372741699219e+00
6.680877685546875000e+00
6.783982276916503906e+00
7.184477329254150391e+00
8.053396224975585938e+00
7.353056430816650391e+00
6.982437610626220703e+00
7.295596122741699219e+00
7.345064640045166016e+00
7.031666278839111328e+00
7.202816963195800781e+00
7.635107517242431641e+00
8.296364784240722656e+00
7.127281665802001953e+00
6.850169181823730469e+00
6.827775478363037109e+00
7.023930549621582031e+00
7.226497173309326172e+00
7.283619403839111328e+00
7.215984344482421875e+00
7.550969600677490234e+00
6.746778964996337891e+00
6.784383296966552734e+00
7.134606838226318359e+00
7.326528072357177734e+00
7.102388858795166016e+00
7.079674243927001953e+00
7.343985080718994141e+00
7.764718532562255859e+00
7.283716201782226562e+00
6.800692081451416016e+00
6.566127777099609375e+00
6.445266723632812500e+00
6.551434993743896484e+00
6.809556007385253906e+00
7.557837486267089844e+00
7.905924320220947266e+00
7.238505363464355469e+00
6.937226772308349609e+00
6.889580726623535156e+00
6.862358093261718750e+00
6.839014053344726562e+00
7.044775485992431641e+00
7.448439598083496094e+00
7.776964664459228516e+00
7.516540527343750000e+00
7.148345470428466797e+00
6.715781211853027344e+00
6.517138957977294922e+00
6.529843807220458984e+00
6.823565959930419922e+00
7.179682254791259766e+00
7.686389923095703125e+00
7.340770244598388672e+00
7.046530246734619141e+00
6.703440189361572266e+00
6.682131290435791016e+00
6.704090595245361328e+00
6.639525890350341797e+00
7.036458015441894531e+00
7.755864143371582031e+00
7.150454998016357422e+00
6.822689056396484375e+00
6.573928833007812500e+00
6.415937900543212891e+00
6.585184574127197266e+00
7.123577594757080078e+00
7.636908054351806641e+00
8.242086410522460938e+00
7.605488777160644531e+00
7.288100719451904297e+00
7.244158744812011719e+00
7.326938629150390625e+00
7.524362087249755859e+00
7.818941593170166016e+00
7.683068275451660156e+00
7.934524059295654297e+00
7.301196098327636719e+00
6.904033660888671875e+00
6.604466438293457031e+00
6.591440200805664062e+00
6.704986095428466797e+00
6.797770500183105469e+00
6.912971019744873047e+00
7.462545394897460938e+00
7.376898288726806641e+00
7.298988342285156250e+00
6.890339374542236328e+00
6.796054363250732422e+00
7.139191627502441406e+00
7.439772129058837891e+00
7.290486335754394531e+00
7.807531356811523438e+00
7.269162654876708984e+00
6.963144779205322266e+00
6.798337936401367188e+00
6.936139583587646484e+00
6.944074153900146484e+00
7.071639537811279297e+00
7.280245304107666016e+00
7.865966320037841797e+00
6.961384296417236328e+00
6.509768486022949219e+00
6.462444305419921875e+00
6.736597061157226562e+00
6.773006439208984375e+00
6.642174720764160156e+00
6.856622219085693359e+00
7.621036052703857422e+00
7.050664424896240234e+00
6.653398036956787109e+00
6.316534042358398438e+00
6.441998958587646484e+00
6.686821937561035156e+00
6.765863895416259766e+00
6.894935607910156250e+00
7.765513896942138672e+00
7.172740936279296875e+00
6.897686481475830078e+00
6.636217594146728516e+00
6.813126087188720703e+00
7.072623729705810547e+00
7.243277072906494141e+00
7.500523567199707031e+00
7.741628646850585938e+00
6.987439155578613281e+00
6.666983127593994141e+00
6.676534175872802734e+00
6.808726787567138672e+00
6.783677101135253906e+00
7.045836448669433594e+00
7.455448150634765625e+00
7.927023887634277344e+00
7.326919078826904297e+00
6.879267215728759766e+00
6.754723072052001953e+00
6.840293884277343750e+00
6.937217712402343750e+00
6.935885906219482422e+00
6.985380172729492188e+00
7.459201812744140625e+00
6.690299034118652344e+00
6.777314662933349609e+00
6.992504596710205078e+00
6.883537292480468750e+00
6.812295913696289062e+00
6.957421779632568359e+00
7.240368366241455078e+00
7.715724945068359375e+00
7.010577201843261719e+00
6.479899883270263672e+00
6.561204910278320312e+00
6.791647911071777344e+00
6.765696525573730469e+00
7.039660453796386719e+00
7.284297943115234375e+00
8.099255561828613281e+00
7.295542716979980469e+00
7.033208370208740234e+00
6.743447780609130859e+00
6.822070598602294922e+00
6.798981189727783203e+00
7.028522491455078125e+00
7.473553180694580078e+00
8.093613624572753906e+00
6.929808139801025391e+00
6.666827201843261719e+00
6.766680717468261719e+00
7.175072193145751953e+00
7.422174930572509766e+00
7.329724788665771484e+00
7.140841007232666016e+00
7.909596920013427734e+00
6.944587230682373047e+00
6.727114677429199219e+00
6.754341125488281250e+00
6.877108097076416016e+00
6.832773208618164062e+00
7.022403240203857422e+00
7.283348083496093750e+00
7.558597564697265625e+00
6.808175563812255859e+00
6.544753551483154297e+00
6.433874130249023438e+00
6.489023685455322266e+00
6.379380226135253906e+00
6.368243217468261719e+00
6.860505580902099609e+00
7.488760948181152344e+00
7.226562976837158203e+00
7.119187831878662109e+00
6.953833103179931641e+00
6.744118690490722656e+00
6.530772686004638672e+00
6.749019622802734375e+00
7.526562690734863281e+00
7.998391628265380859e+00
7.553569316864013672e+00
7.190423488616943359e+00
6.862087726593017578e+00
6.832357406616210938e+00
7.008511066436767578e+00
7.301600456237792969e+00
7.451149463653564453e+00
7.740797996520996094e+00
7.345890998840332031e+00
6.981296062469482422e+00
6.744002819061279297e+00
6.728385925292968750e+00
6.663546085357666016e+00
6.562052249908447266e+00
6.794200420379638672e+00
7.384270668029785156e+00
7.529385089874267578e+00
7.436969280242919922e+00
7.084719181060791016e+00
6.954699993133544922e+00
7.218101978302001953e+00
7.711550235748291016e+00
7.917013168334960938e+00
8.358746528625488281e+00
7.488071918487548828e+00
6.963389873504638672e+00
6.754473686218261719e+00
6.692556381225585938e+00
6.798444747924804688e+00
7.090940952301025391e+00
7.312191009521484375e+00
7.817904949188232422e+00
7.198976516723632812e+00
6.518773555755615234e+00
6.155096530914306641e+00
6.168439865112304688e+00
6.382543087005615234e+00
6.744366645812988281e+00
7.137437820434570312e+00
7.760673522949218750e+00
7.207554340362548828e+00
6.676802158355712891e+00
6.291708946228027344e+00
6.428330421447753906e+00
6.770745277404785156e+00
7.055204868316650391e+00
7.367166042327880859e+00
8.277842521667480469e+00
7.833068847656250000e+00
7.567012310028076172e+00
7.001430988311767578e+00
7.013070106506347656e+00
7.327437877655029297e+00
7.670365333557128906e+00
7.799232482910156250e+00
8.106768608093261719e+00
7.508219242095947266e+00
7.411104202270507812e+00
7.243954658508300781e+00
7.336292266845703125e+00
7.471439838409423828e+00
7.548575401306152344e+00
7.737682819366455078e+00
8.380792617797851562e+00
8.059011459350585938e+00
7.145397663116455078e+00
6.625121116638183594e+00
6.762978076934814453e+00
7.043275356292724609e+00
6.912830829620361328e+00
6.893134117126464844e+00
7.567031383514404297e+00
6.826007843017578125e+00
6.698931694030761719e+00
6.523710727691650391e+00
6.436511993408203125e+00
6.578980922698974609e+00
6.823042869567871094e+00
7.090569972991943359e+00
7.786131381988525391e+00
7.121515750885009766e+00
6.751095294952392578e+00
6.671006679534912109e+00
6.825110912322998047e+00
6.921147346496582031e+00
7.160161972045898438e+00
7.490726470947265625e+00
8.233185768127441406e+00
7.398083686828613281e+00
6.914677143096923828e+00
6.991533756256103516e+00
7.186042308807373047e+00
7.116940498352050781e+00
6.990618705749511719e+00
6.990836620330810547e+00
7.180364131927490234e+00
6.588439464569091797e+00
6.504392623901367188e+00
6.633849620819091797e+00
6.841705322265625000e+00
6.978034496307373047e+00
7.033127307891845703e+00
7.144496440887451172e+00
7.648992538452148438e+00
7.093723773956298828e+00
6.749856472015380859e+00
6.706010341644287109e+00
6.768724918365478516e+00
6.707844734191894531e+00
6.971829891204833984e+00
7.390043735504150391e+00
7.806983470916748047e+00
7.071017265319824219e+00
6.753861427307128906e+00
6.879689693450927734e+00
6.768271446228027344e+00
6.538265705108642578e+00
6.690645217895507812e+00
6.969703674316406250e+00
7.972166061401367188e+00
7.127052783966064453e+00
6.863461971282958984e+00
6.867020130157470703e+00
6.952790737152099609e+00
6.957565784454345703e+00
7.010170459747314453e+00
7.207520961761474609e+00
7.707787513732910156e+00
6.988532543182373047e+00
6.747409820556640625e+00
6.820635795593261719e+00
7.007364273071289062e+00
7.116289615631103516e+00
7.384124755859375000e+00
7.648163318634033203e+00
8.035414695739746094e+00
7.245028495788574219e+00
6.998640537261962891e+00
7.071319103240966797e+00
7.213317871093750000e+00
7.014524459838867188e+00
6.732884407043457031e+00
7.021066188812255859e+00
7.607407569885253906e+00
7.458566665649414062e+00
7.161144733428955078e+00
6.834860324859619141e+00
6.737600326538085938e+00
6.788656711578369141e+00
7.136211395263671875e+00
7.765994071960449219e+00
7.917262554168701172e+00
7.090432167053222656e+00
6.576804637908935547e+00
6.275643825531005859e+00
6.291313171386718750e+00
6.571540832519531250e+00
7.034194469451904297e+00
7.428433895111083984e+00
7.513461112976074219e+00
7.116325378417968750e+00
6.817407131195068359e+00
6.367561817169189453e+00
6.211854457855224609e+00
6.166831970214843750e+00
6.396803855895996094e+00
6.823709011077880859e+00
7.467320919036865234e+00
7.202525615692138672e+00
6.902303218841552734e+00
6.637210369110107422e+00
6.878218173980712891e+00
7.096181869506835938e+00
7.167563915252685547e+00
7.659512519836425781e+00
8.334482192993164062e+00
7.547702312469482422e+00
7.218529224395751953e+00
6.898544311523437500e+00
6.689391613006591797e+00
6.783258438110351562e+00
7.170444488525390625e+00
7.447831630706787109e+00
8.028657913208007812e+00
7.416646957397460938e+00
7.088175773620605469e+00
7.058156967163085938e+00
7.270667076110839844e+00
7.590614795684814453e+00
7.975070476531982422e+00
8.187516212463378906e+00
8.930800437927246094e+00
8.674587249755859375e+00
7.435587882995605469e+00
6.624098777770996094e+00
6.542680263519287109e+00
6.746075153350830078e+00
6.866347312927246094e+00
7.094161510467529297e+00
7.609143733978271484e+00
6.877384185791015625e+00
6.600176334381103516e+00
6.284142494201660156e+00
6.316251277923583984e+00
6.704710483551025391e+00
7.291659355163574219e+00
7.558396816253662109e+00
8.337457656860351562e+00
7.830750465393066406e+00
7.696991443634033203e+00
7.422208309173583984e+00
7.409185886383056641e+00
7.543873310089111328e+00
7.686139106750488281e+00
7.724615573883056641e+00
8.382378578186035156e+00
7.732804298400878906e+00
7.055022716522216797e+00
6.869747161865234375e+00
7.064818859100341797e+00
7.074707984924316406e+00
6.712644100189208984e+00
6.618212223052978516e+00
7.205208301544189453e+00
6.673480510711669922e+00
6.393436908721923828e+00
6.032186508178710938e+00
6.228752136230468750e+00
6.664649486541748047e+00
6.838565349578857422e+00
6.885984897613525391e+00
7.911533832550048828e+00
7.458591461181640625e+00
7.074626445770263672e+00
6.742703437805175781e+00
6.796485424041748047e+00
6.964552879333496094e+00
7.256042003631591797e+00
7.716423988342285156e+00
7.910696983337402344e+00
6.921337604522705078e+00
6.443908691406250000e+00
6.531061172485351562e+00
6.727666378021240234e+00
6.697766780853271484e+00
6.724611759185791016e+00
6.980101108551025391e+00
7.779489994049072266e+00
7.116633415222167969e+00
6.850750923156738281e+00
6.732532501220703125e+00
6.753941059112548828e+00
6.798203945159912109e+00
6.679031372070312500e+00
6.640907764434814453e+00
7.125660419464111328e+00
6.641671180725097656e+00
6.739033222198486328e+00
7.031712532043457031e+00
7.087896347045898438e+00
7.023072719573974609e+00
7.251799583435058594e+00
7.642700672149658203e+00
8.070801734924316406e+00
7.229959011077880859e+00
6.748215675354003906e+00
6.783578395843505859e+00
6.868914604187011719e+00
6.577309131622314453e+00
6.687084674835205078e+00
7.124528408050537109e+00
8.016307830810546875e+00
7.551911830902099609e+00
7.105005264282226562e+00
7.144409179687500000e+00
7.200675010681152344e+00
7.025014400482177734e+00
7.156198501586914062e+00
7.649922370910644531e+00
8.031416893005371094e+00
7.009252548217773438e+00
6.515040874481201172e+00
6.348389148712158203e+00
6.818311691284179688e+00
7.336726665496826172e+00
7.441633701324462891e+00
7.328266143798828125e+00
7.591856479644775391e+00
6.527505874633789062e+00
6.388520717620849609e+00
6.468074798583984375e+00
6.554251194000244141e+00
6.406307697296142578e+00
6.473221302032470703e+00
6.855752944946289062e+00
7.504962444305419922e+00
7.182499885559082031e+00
6.856482982635498047e+00
6.672569274902343750e+00
6.892502784729003906e+00
6.888854503631591797e+00
6.761146545410156250e+00
7.298547744750976562e+00
7.687866687774658203e+00
7.176199436187744141e+00
6.917009830474853516e+00
6.650140762329101562e+00
6.518515586853027344e+00
6.526558399200439453e+00
6.702236175537109375e+00
7.109695434570312500e+00
7.554755210876464844e+00
7.255483627319335938e+00
7.027206897735595703e+00
6.756738185882568359e+00
6.746303558349609375e+00
6.925910949707031250e+00
7.340936183929443359e+00
7.612934589385986328e+00
7.949651718139648438e+00
7.677753448486328125e+00
7.301624298095703125e+00
6.878070354461669922e+00
6.839719295501708984e+00
6.832751750946044922e+00
6.860493183135986328e+00
7.191447257995605469e+00
8.047616004943847656e+00
7.186658382415771484e+00
6.800445556640625000e+00
6.525326728820800781e+00
6.365197181701660156e+00
6.544206142425537109e+00
7.151667594909667969e+00
7.813788414001464844e+00
8.423995018005371094e+00
7.694320201873779297e+00
7.333163261413574219e+00
7.104750156402587891e+00
7.080131053924560547e+00
7.286118507385253906e+00
7.572471618652343750e+00
7.524390220642089844e+00
8.167060852050781250e+00
7.722274780273437500e+00
6.863442897796630859e+00
6.360514163970947266e+00
6.296144485473632812e+00
6.562197685241699219e+00
6.780221939086914062e+00
6.958483695983886719e+00
7.443764686584472656e+00
7.146780014038085938e+00
6.783271312713623047e+00
6.366494178771972656e+00
6.457980632781982422e+00
6.928847789764404297e+00
7.259880542755126953e+00
7.241815567016601562e+00
8.239126205444335938e+00
7.930588722229003906e+00
7.743754863739013672e+00
7.219281196594238281e+00
7.111493587493896484e+00
7.408961296081542969e+00
7.768034458160400391e+00
8.046244621276855469e+00
8.264311790466308594e+00
7.125597000122070312e+00
6.633339881896972656e+00
6.644451618194580078e+00
6.984458923339843750e+00
7.065352916717529297e+00
6.879706859588623047e+00
6.990743160247802734e+00
7.817721366882324219e+00
7.278952121734619141e+00
6.703460693359375000e+00
6.330517292022705078e+00
6.350491046905517578e+00
6.530900478363037109e+00
6.484209537506103516e+00
6.499083995819091797e+00
7.376202106475830078e+00
6.937187671661376953e+00
6.840862751007080078e+00
6.740785121917724609e+00
6.832218170166015625e+00
6.930359840393066406e+00
7.082082748413085938e+00
7.419155597686767578e+00
7.942192077636718750e+00
7.371243476867675781e+00
7.163883686065673828e+00
6.760663032531738281e+00
6.774511337280273438e+00
6.734911918640136719e+00
6.957546234130859375e+00
7.408971786499023438e+00
7.907546043395996094e+00
7.527611732482910156e+00
7.066118717193603516e+00
7.067655086517333984e+00
7.245352268218994141e+00
7.099426269531250000e+00
6.827743053436279297e+00
6.789317131042480469e+00
7.150453090667724609e+00
6.553569793701171875e+00
6.559945106506347656e+00
6.704794406890869141e+00
6.809140205383300781e+00
6.896301746368408203e+00
7.044228553771972656e+00
7.270543575286865234e+00
7.372996330261230469e+00
6.627422332763671875e+00
6.281261920928955078e+00
6.320271492004394531e+00
6.405459403991699219e+00
6.259181022644042969e+00
6.420905113220214844e+00
6.834988594055175781e+00
7.429548740386962891e+00
6.969099998474121094e+00
6.751328468322753906e+00
7.149380683898925781e+00
7.174368858337402344e+00
6.902472019195556641e+00
7.081391811370849609e+00
7.490432262420654297e+00
8.137332916259765625e+00
7.049817085266113281e+00
6.636187076568603516e+00
6.554345130920410156e+00
6.871297359466552734e+00
7.146670818328857422e+00
7.302745342254638672e+00
7.646658420562744141e+00
8.614497184753417969e+00
7.330330371856689453e+00
6.959039688110351562e+00
6.848624229431152344e+00
7.108495712280273438e+00
7.257322311401367188e+00
7.396126270294189453e+00
7.623062133789062500e+00
7.933045864105224609e+00
7.118655204772949219e+00
6.834205627441406250e+00
6.747551441192626953e+00
6.855883598327636719e+00
6.757781028747558594e+00
6.666939258575439453e+00
7.125135898590087891e+00
7.743784427642822266e+00
7.239721298217773438e+00
6.996342182159423828e+00
6.746287345886230469e+00
6.507594108581542969e+00
6.490879535675048828e+00
6.844166755676269531e+00
7.519666671752929688e+00
7.988427162170410156e+00
7.359200477600097656e+00
6.950532436370849609e+00
6.620864391326904297e+00
6.548320293426513672e+00
6.695080280303955078e+00
7.108108043670654297e+00
7.327619075775146484e+00
7.587032318115234375e+00
7.151892662048339844e+00
6.737912178039550781e+00
6.421045780181884766e+00
6.455890655517578125e+00
6.488147735595703125e+00
6.661674022674560547e+00
7.189350128173828125e+00
7.943274497985839844e+00
7.800852775573730469e+00
7.404617309570312500e+00
6.901945590972900391e+00
6.733081817626953125e+00
7.029774188995361328e+00
7.550230503082275391e+00
8.055306434631347656e+00
8.611338615417480469e+00
7.832571506500244141e+00
7.344206809997558594e+00
7.133031368255615234e+00
6.958705425262451172e+00
6.843342781066894531e+00
6.977205276489257812e+00
7.202115058898925781e+00
7.710257053375244141e+00
7.158659458160400391e+00
6.630030155181884766e+00
6.416539669036865234e+00
6.537034988403320312e+00
6.734777927398681641e+00
6.883802890777587891e+00
7.082628250122070312e+00
7.872557640075683594e+00
7.325363636016845703e+00
6.606400012969970703e+00
6.160237789154052734e+00
6.142489910125732422e+00
6.377755641937255859e+00
6.665955066680908203e+00
7.048033237457275391e+00
7.980774879455566406e+00
7.519855022430419922e+00
7.294931888580322266e+00
6.858346462249755859e+00
6.750346183776855469e+00
7.048521995544433594e+00
7.484549045562744141e+00
7.649738788604736328e+00
8.370497703552246094e+00
7.836507320404052734e+00
7.851989746093750000e+00
7.595823287963867188e+00
7.546947002410888672e+00
7.540323257446289062e+00
7.402745246887207031e+00
7.483536720275878906e+00
8.231339454650878906e+00
7.842455387115478516e+00
7.041046142578125000e+00
6.729600429534912109e+00
6.939914703369140625e+00
6.985460281372070312e+00
6.782889366149902344e+00
6.735413551330566406e+00
7.397389411926269531e+00
6.704180240631103516e+00
6.704645633697509766e+00
6.381165981292724609e+00
6.322953224182128906e+00
6.504563808441162109e+00
6.683570861816406250e+00
6.946866989135742188e+00
7.263651847839355469e+00
6.706751346588134766e+00
6.524833202362060547e+00
6.508281230926513672e+00
6.612840652465820312e+00
6.678361892700195312e+00
6.981930255889892578e+00
7.500187397003173828e+00
7.922606468200683594e+00
7.111979484558105469e+00
6.615719795227050781e+00
6.719635009765625000e+00
6.894634246826171875e+00
6.906269550323486328e+00
6.933205127716064453e+00
7.053439140319824219e+00
7.426131248474121094e+00
6.935232639312744141e+00
6.724982738494873047e+00
6.706066608428955078e+00
6.873832225799560547e+00
7.144047260284423828e+00
7.505483150482177734e+00
7.907631397247314453e+00
8.335556030273437500e+00
7.519914150238037109e+00
7.060664653778076172e+00
7.006717681884765625e+00
7.205146789550781250e+00
7.067760944366455078e+00
7.172388076782226562e+00
7.671094417572021484e+00
8.057155609130859375e+00
7.299911975860595703e+00
6.991736412048339844e+00
7.107856750488281250e+00
7.051197052001953125e+00
6.827192783355712891e+00
6.936167716979980469e+00
7.240542888641357422e+00
7.850347042083740234e+00
6.823390483856201172e+00
6.563596725463867188e+00
6.729135990142822266e+00
6.869699478149414062e+00
6.872673511505126953e+00
7.007401466369628906e+00
7.286978721618652344e+00
7.871111869812011719e+00
6.936603069305419922e+00
6.615141868591308594e+00
6.674018859863281250e+00
6.987239360809326172e+00
7.302732944488525391e+00
7.492919445037841797e+00
7.576119899749755859e+00
7.930598735809326172e+00
6.848607540130615234e+00
6.422185897827148438e+00
6.496707916259765625e+00
6.726304531097412109e+00
6.533657073974609375e+00
6.811649799346923828e+00
7.555325508117675781e+00
8.129588127136230469e+00
7.686008930206298828e+00
7.091251373291015625e+00
6.645904541015625000e+00
6.516718387603759766e+00
6.539564132690429688e+00
6.774804592132568359e+00
7.335492134094238281e+00
7.752627372741699219e+00
7.157778263092041016e+00
6.847863674163818359e+00
6.675888061523437500e+00
6.580500125885009766e+00
6.484792709350585938e+00
6.685909271240234375e+00
6.900167465209960938e+00
7.184742927551269531e+00
6.805577278137207031e+00
6.634275913238525391e+00
6.317156791687011719e+00
6.225450992584228516e+00
6.153731346130371094e+00
6.307274341583251953e+00
6.683185100555419922e+00
7.306857585906982422e+00
7.143236637115478516e+00
6.984292507171630859e+00
6.685264587402343750e+00
6.659998416900634766e+00
6.768921375274658203e+00
6.974647045135498047e+00
7.556501865386962891e+00
8.234860420227050781e+00
7.747780323028564453e+00
7.268871784210205078e+00
6.785794258117675781e+00
6.473316192626953125e+00
6.492969512939453125e+00
6.894287109375000000e+00
7.341180801391601562e+00
8.165292739868164062e+00
7.576427459716796875e+00
7.458221435546875000e+00
7.422473430633544922e+00
7.300104618072509766e+00
7.327486515045166016e+00
7.475298404693603516e+00
7.593095302581787109e+00
8.187520980834960938e+00
7.777471065521240234e+00
6.887866973876953125e+00
6.351584434509277344e+00
6.315548419952392578e+00
6.484499454498291016e+00
6.703523159027099609e+00
6.897925853729248047e+00
7.408743381500244141e+00
6.903192996978759766e+00
6.740107059478759766e+00
6.307347297668457031e+00
6.290279865264892578e+00
6.688636302947998047e+00
7.105723381042480469e+00
7.246303081512451172e+00
7.673005580902099609e+00
7.239151477813720703e+00
7.292131900787353516e+00
7.099955558776855469e+00
7.089257240295410156e+00
7.365034580230712891e+00
7.708771228790283203e+00
7.904383659362792969e+00
8.591729164123535156e+00
7.877568244934082031e+00
7.047957897186279297e+00
6.763528823852539062e+00
6.902572154998779297e+00
6.890034675598144531e+00
6.620589733123779297e+00
6.658031463623046875e+00
7.701342105865478516e+00
7.586734294891357422e+00
7.237306594848632812e+00
6.592310905456542969e+00
6.594723224639892578e+00
6.869697093963623047e+00
6.910115718841552734e+00
7.102631568908691406e+00
7.970860481262207031e+00
7.553944587707519531e+00
7.264137744903564453e+00
6.959355354309082031e+00
7.120497703552246094e+00
7.253704071044921875e+00
7.474262237548828125e+00
7.846846580505371094e+00
8.160627365112304688e+00
7.301807403564453125e+00
6.937075614929199219e+00
7.079819679260253906e+00
7.206410408020019531e+00
7.093303203582763672e+00
7.135662078857421875e+00
7.401485443115234375e+00
7.622174263000488281e+00
6.926763534545898438e+00
6.599517345428466797e+00
6.610307216644287109e+00
6.751665592193603516e+00
6.864115238189697266e+00
6.850254535675048828e+00
6.761466503143310547e+00
7.227605819702148438e+00
6.547952175140380859e+00
6.505215644836425781e+00
6.687877178192138672e+00
6.891020774841308594e+00
7.026559352874755859e+00
7.287557125091552734e+00
7.604395866394042969e+00
7.960114002227783203e+00
7.068724632263183594e+00
6.553690910339355469e+00
6.633301734924316406e+00
6.776176452636718750e+00
6.659705638885498047e+00
7.036216735839843750e+00
7.339551448822021484e+00
7.843165397644042969e+00
7.304066181182861328e+00
6.866802692413330078e+00
6.725999832153320312e+00
6.694394111633300781e+00
6.687282562255859375e+00
6.930254936218261719e+00
7.219470977783203125e+00
7.801711082458496094e+00
6.783268928527832031e+00
6.476433277130126953e+00
6.532247543334960938e+00
6.788008213043212891e+00
6.918515682220458984e+00
6.986765861511230469e+00
7.047461509704589844e+00
7.498952865600585938e+00
6.421103477478027344e+00
6.293600559234619141e+00
6.378615379333496094e+00
6.629024028778076172e+00
6.632145881652832031e+00
6.717527389526367188e+00
6.991558551788330078e+00
7.539118289947509766e+00
7.036474227905273438e+00
6.823472499847412109e+00
6.679789066314697266e+00
6.764253616333007812e+00
6.737524509429931641e+00
6.732190132141113281e+00
7.237464904785156250e+00
7.758916854858398438e+00
7.394457817077636719e+00
7.139894485473632812e+00
6.868232250213623047e+00
6.643196105957031250e+00
6.518327713012695312e+00
6.808607578277587891e+00
7.441208839416503906e+00
7.897612571716308594e+00
7.551575183868408203e+00
7.376031875610351562e+00
6.969155311584472656e+00
6.822891712188720703e+00
6.954737663269042969e+00
7.334086418151855469e+00
7.547089576721191406e+00
7.703607559204101562e+00
7.192823410034179688e+00
6.983121871948242188e+00
6.634795188903808594e+00
6.528874874114990234e+00
6.547261714935302734e+00
6.638887405395507812e+00
7.037245750427246094e+00
7.747332096099853516e+00
7.370111942291259766e+00
7.048819065093994141e+00
6.690727233886718750e+00
6.460915565490722656e+00
6.667818069458007812e+00
7.290617942810058594e+00
7.840633392333984375e+00
8.168849945068359375e+00
7.389122009277343750e+00
7.011387825012207031e+00
6.855967044830322266e+00
6.806886672973632812e+00
7.117663383483886719e+00
7.544439315795898438e+00
7.626930713653564453e+00
8.440285682678222656e+00
8.207991600036621094e+00
7.142773628234863281e+00
6.536125659942626953e+00
6.393856048583984375e+00
6.570123672485351562e+00
6.794615745544433594e+00
7.089326858520507812e+00
7.831923961639404297e+00
7.638607025146484375e+00
7.298159599304199219e+00
6.746927261352539062e+00
6.758111476898193359e+00
6.962089061737060547e+00
7.110320568084716797e+00
7.217999935150146484e+00
7.855439662933349609e+00
7.660583496093750000e+00
7.727223873138427734e+00
7.335457324981689453e+00
7.307874679565429688e+00
7.644379615783691406e+00
8.000922203063964844e+00
8.156210899353027344e+00
8.419404983520507812e+00
7.418702125549316406e+00
7.235547065734863281e+00
7.451084136962890625e+00
7.729854583740234375e+00
7.736094951629638672e+00
7.458031177520751953e+00
7.560749530792236328e+00
8.420886039733886719e+00
7.805861473083496094e+00
6.907109737396240234e+00
6.398620605468750000e+00
6.372033596038818359e+00
6.576676845550537109e+00
6.483376026153564453e+00
6.460981845855712891e+00
7.409612655639648438e+00
6.922249317169189453e+00
6.679195404052734375e+00
6.495529651641845703e+00
6.594935894012451172e+00
6.635177135467529297e+00
6.754728794097900391e+00
6.970590591430664062e+00
7.484821796417236328e+00
6.961992740631103516e+00
6.778781890869140625e+00
6.745133399963378906e+00
6.853478431701660156e+00
6.840961456298828125e+00
7.121126651763916016e+00
7.553306579589843750e+00
7.874832630157470703e+00
7.160957336425781250e+00
6.661007881164550781e+00
6.513403415679931641e+00
6.699585914611816406e+00
6.878704547882080078e+00
6.862986564636230469e+00
6.800749301910400391e+00
7.206514358520507812e+00
6.685028553009033203e+00
6.693201541900634766e+00
6.834111690521240234e+00
6.836041927337646484e+00
6.803439140319824219e+00
6.945336818695068359e+00
7.209059238433837891e+00
7.460075378417968750e+00
6.618567943572998047e+00
6.266412734985351562e+00
6.431924819946289062e+00
6.677438735961914062e+00
6.540832519531250000e+00
6.628183364868164062e+00
6.927244186401367188e+00
7.416044712066650391e+00
6.756937026977539062e+00
6.555665493011474609e+00
6.736159801483154297e+00
6.801289558410644531e+00
6.600485324859619141e+00
6.749626159667968750e+00
6.902657508850097656e+00
7.446400642395019531e+00
6.907588005065917969e+00
6.662611961364746094e+00
6.635237216949462891e+00
6.832268714904785156e+00
7.018307685852050781e+00
7.148362159729003906e+00
7.450044155120849609e+00
8.237377166748046875e+00
7.274606227874755859e+00
7.030578136444091797e+00
7.034970760345458984e+00
7.306436061859130859e+00
7.366920471191406250e+00
7.525598049163818359e+00
7.658824443817138672e+00
7.851922988891601562e+00
6.914193153381347656e+00
6.635232925415039062e+00
6.648602008819580078e+00
6.860781192779541016e+00
6.753875732421875000e+00
6.747035980224609375e+00
7.296148777008056641e+00
7.836366653442382812e+00
7.392722129821777344e+00
6.881330966949462891e+00
6.521105766296386719e+00
6.272754669189453125e+00
6.285162448883056641e+00
6.704497814178466797e+00
7.301024436950683594e+00
7.721389293670654297e+00
7.006078720092773438e+00
6.694500446319580078e+00
6.482360839843750000e+00
6.447404384613037109e+00
6.522044658660888672e+00
6.931234836578369141e+00
7.365470886230468750e+00
7.754007816314697266e+00
7.474192619323730469e+00
7.314154148101806641e+00
6.995769977569580078e+00
6.825570106506347656e+00
6.566464900970458984e+00
6.522333621978759766e+00
6.902365207672119141e+00
7.527933597564697266e+00
7.222698211669921875e+00
6.986325263977050781e+00
6.606937885284423828e+00
6.533288478851318359e+00
6.769619941711425781e+00
7.172954559326171875e+00
7.722554206848144531e+00
8.296422004699707031e+00
7.745436191558837891e+00
7.424753189086914062e+00
7.245059013366699219e+00
7.009489059448242188e+00
6.958832740783691406e+00
7.198956966400146484e+00
7.482744216918945312e+00
7.974537372589111328e+00
7.353671073913574219e+00
7.081389427185058594e+00
6.991163730621337891e+00
7.082016944885253906e+00
7.359784126281738281e+00
7.580561161041259766e+00
7.810460090637207031e+00
8.716235160827636719e+00
8.194587707519531250e+00
6.887728691101074219e+00
6.154588222503662109e+00
6.113078594207763672e+00
6.393707275390625000e+00
6.628924846649169922e+00
6.902655124664306641e+00
7.705638885498046875e+00
7.187767982482910156e+00
6.951134204864501953e+00
6.455970287322998047e+00
6.446605205535888672e+00
6.736161231994628906e+00
7.142756462097167969e+00
7.288937568664550781e+00
7.985311985015869141e+00
7.600065231323242188e+00
7.775419712066650391e+00
7.763968467712402344e+00
7.886135101318359375e+00
7.868385791778564453e+00
7.613027572631835938e+00
7.464439868927001953e+00
7.931951522827148438e+00
7.315517902374267578e+00
6.565079689025878906e+00
6.195986270904541016e+00
6.369782447814941406e+00
6.574413299560546875e+00
6.550591945648193359e+00
6.573108196258544922e+00
7.612510681152343750e+00
7.157885551452636719e+00
6.910616874694824219e+00
6.432385921478271484e+00
6.301585674285888672e+00
6.406952381134033203e+00
6.457783222198486328e+00
6.594568729400634766e+00
7.183638572692871094e+00
6.462610244750976562e+00
6.154246807098388672e+00
6.228355407714843750e+00
6.522023200988769531e+00
6.572693824768066406e+00
6.642913818359375000e+00
6.850920677185058594e+00
7.294315814971923828e+00
6.599430084228515625e+00
6.382072925567626953e+00
6.533962726593017578e+00
6.716008663177490234e+00
6.668828010559082031e+00
6.776451110839843750e+00
7.021212577819824219e+00
7.460964202880859375e+00
6.927680492401123047e+00
6.781455516815185547e+00
6.830783843994140625e+00
7.011387825012207031e+00
7.137110233306884766e+00
7.144820213317871094e+00
7.261241436004638672e+00
7.730507373809814453e+00
7.108394145965576172e+00
6.871236801147460938e+00
6.885606288909912109e+00
6.939578533172607422e+00
6.928482055664062500e+00
7.142687320709228516e+00
7.511457443237304688e+00
7.820970535278320312e+00
7.133419513702392578e+00
6.710085868835449219e+00
6.789312839508056641e+00
6.869271278381347656e+00
6.760637283325195312e+00
7.036894321441650391e+00
7.352419376373291016e+00
7.965538978576660156e+00
7.213611602783203125e+00
6.759491443634033203e+00
6.779491424560546875e+00
6.882253170013427734e+00
6.796684265136718750e+00
6.959710597991943359e+00
7.290660381317138672e+00
7.904685974121093750e+00
6.686394214630126953e+00
6.509322643280029297e+00
6.616818904876708984e+00
6.864643573760986328e+00
7.063821315765380859e+00
7.164866924285888672e+00
7.388113498687744141e+00
7.823733329772949219e+00
7.022294521331787109e+00
6.864891529083251953e+00
7.080527305603027344e+00
7.197896480560302734e+00
6.834502220153808594e+00
6.842176437377929688e+00
7.311747074127197266e+00
7.736243247985839844e+00
7.244580745697021484e+00
6.771824836730957031e+00
6.411483764648437500e+00
6.395538806915283203e+00
6.413095474243164062e+00
6.582087039947509766e+00
7.188369274139404297e+00
7.597699642181396484e+00
7.328205585479736328e+00
7.096342086791992188e+00
7.066355705261230469e+00
6.958509445190429688e+00
6.828864574432373047e+00
7.040620326995849609e+00
7.352812290191650391e+00
7.437542915344238281e+00
7.151309013366699219e+00
7.030821800231933594e+00
6.617753028869628906e+00
6.495699405670166016e+00
6.580908298492431641e+00
6.945648670196533203e+00
7.408147335052490234e+00
7.718439102172851562e+00
7.208743572235107422e+00
6.628087520599365234e+00
6.419027328491210938e+00
6.540821075439453125e+00
6.665479183197021484e+00
6.734004974365234375e+00
7.068933963775634766e+00
7.689768314361572266e+00
7.179003238677978516e+00
6.824414253234863281e+00
6.445353031158447266e+00
6.369167327880859375e+00
6.586990356445312500e+00
7.072403907775878906e+00
7.520768642425537109e+00
8.198337554931640625e+00
7.523142814636230469e+00
7.350065708160400391e+00
7.508352756500244141e+00
7.676303863525390625e+00
7.680625438690185547e+00
7.660997867584228516e+00
7.579168796539306641e+00
8.040445327758789062e+00
7.508027076721191406e+00
6.675595283508300781e+00
6.173690795898437500e+00
6.113892078399658203e+00
6.312305450439453125e+00
6.651134014129638672e+00
6.923631668090820312e+00
7.574204921722412109e+00
7.035367488861083984e+00
6.725523948669433594e+00
6.232125282287597656e+00
6.115994930267333984e+00
6.321814060211181641e+00
6.654132843017578125e+00
6.887091636657714844e+00
7.638398647308349609e+00
6.957932949066162109e+00
6.679146289825439453e+00
6.694793224334716797e+00
6.935429573059082031e+00
6.964016437530517578e+00
6.924878120422363281e+00
6.969773769378662109e+00
7.799075126647949219e+00
7.031832695007324219e+00
6.694066047668457031e+00
6.602889537811279297e+00
6.709830760955810547e+00
6.715385913848876953e+00
6.547706604003906250e+00
6.660978794097900391e+00
7.661154270172119141e+00
7.528090476989746094e+00
7.160856723785400391e+00
6.593670845031738281e+00
6.682920932769775391e+00
6.940503597259521484e+00
6.868224143981933594e+00
6.788801193237304688e+00
7.491240024566650391e+00
6.976694107055664062e+00
6.853734493255615234e+00
6.764476776123046875e+00
6.958794593811035156e+00
7.096231460571289062e+00
7.181125164031982422e+00
7.540733337402343750e+00
7.836741447448730469e+00
7.145021915435791016e+00
6.725849151611328125e+00
6.738208770751953125e+00
6.899337768554687500e+00
6.938822746276855469e+00
7.196764469146728516e+00
7.508479118347167969e+00
7.826307296752929688e+00
7.171487331390380859e+00
6.800809383392333984e+00
6.731892585754394531e+00
6.839738368988037109e+00
6.878483772277832031e+00
6.792267322540283203e+00
6.811618804931640625e+00
7.303912162780761719e+00
6.414203643798828125e+00
6.473761081695556641e+00
6.647197246551513672e+00
6.697361946105957031e+00
6.728302478790283203e+00
6.828082084655761719e+00
7.144828319549560547e+00
7.682518005371093750e+00
6.964765071868896484e+00
6.517813682556152344e+00
6.599732875823974609e+00
6.798773765563964844e+00
6.631987094879150391e+00
6.856324672698974609e+00
7.309628009796142578e+00
8.179659843444824219e+00
7.747577667236328125e+00
7.107480049133300781e+00
6.755776405334472656e+00
6.630832672119140625e+00
6.614879608154296875e+00
6.823276996612548828e+00
7.277511596679687500e+00
8.121341705322265625e+00
6.934239864349365234e+00
6.864485740661621094e+00
6.924322128295898438e+00
7.050804615020751953e+00
6.984706401824951172e+00
7.104718685150146484e+00
7.493381500244140625e+00
7.911561489105224609e+00
6.725071430206298828e+00
6.552837848663330078e+00
6.586075782775878906e+00
6.910187244415283203e+00
7.128725051879882812e+00
7.423543930053710938e+00
7.687758445739746094e+00
7.820595264434814453e+00
6.887202262878417969e+00
6.534619808197021484e+00
6.465116500854492188e+00
6.600036621093750000e+00
6.498567104339599609e+00
6.475477218627929688e+00
6.895896911621093750e+00
7.524325370788574219e+00
7.107595443725585938e+00
6.866647720336914062e+00
6.671789646148681641e+00
6.549838542938232422e+00
6.332505702972412109e+00
6.496919155120849609e+00
7.146773815155029297e+00
7.545932292938232422e+00
7.224745750427246094e+00
7.055912494659423828e+00
6.816171169281005859e+00
6.733422279357910156e+00
6.877595901489257812e+00
7.379646778106689453e+00
7.697979927062988281e+00
7.720372676849365234e+00
7.215144157409667969e+00
6.900329589843750000e+00
6.566150665283203125e+00
6.421137332916259766e+00
6.353892803192138672e+00
6.426799774169921875e+00
6.807469844818115234e+00
7.592495918273925781e+00
7.207077503204345703e+00
6.940062999725341797e+00
6.629426479339599609e+00
6.497918128967285156e+00
6.691855907440185547e+00
7.161532402038574219e+00
7.602942466735839844e+00
8.054279327392578125e+00
7.279594421386718750e+00
6.888659954071044922e+00
6.748753547668457031e+00
6.705254077911376953e+00
6.750797748565673828e+00
6.909069538116455078e+00
7.099610805511474609e+00
7.873815059661865234e+00
7.291326999664306641e+00
6.645095348358154297e+00
6.254705905914306641e+00
6.249306678771972656e+00
6.476583480834960938e+00
6.706702232360839844e+00
7.011858940124511719e+00
7.796895980834960938e+00
7.549908161163330078e+00
7.074601650238037109e+00
6.519156932830810547e+00
6.665610790252685547e+00
7.039950847625732422e+00
7.129405021667480469e+00
7.093024730682373047e+00
7.719199657440185547e+00
7.447292804718017578e+00
7.433868885040283203e+00
7.069591045379638672e+00
7.114164352416992188e+00
7.427638530731201172e+00
7.801732540130615234e+00
8.012391090393066406e+00
8.138895988464355469e+00
7.620022773742675781e+00
7.503565311431884766e+00
7.515727043151855469e+00
7.634111404418945312e+00
7.637852668762207031e+00
7.401823520660400391e+00
7.292266368865966797e+00
7.975063800811767578e+00
7.817939758300781250e+00
7.140789985656738281e+00
6.431678295135498047e+00
6.442817211151123047e+00
6.682799816131591797e+00
6.591825962066650391e+00
6.522002220153808594e+00
7.460088729858398438e+00
6.743472099304199219e+00
6.582366466522216797e+00
6.357512950897216797e+00
6.358841419219970703e+00
6.633450508117675781e+00
6.851944446563720703e+00
7.015981197357177734e+00
7.657677173614501953e+00
7.272812366485595703e+00
7.263013839721679688e+00
7.050763607025146484e+00
7.089169979095458984e+00
7.153800964355468750e+00
7.382680416107177734e+00
7.805567264556884766e+00
8.232229232788085938e+00
7.366811752319335938e+00
6.829767704010009766e+00
6.901652812957763672e+00
7.121887683868408203e+00
7.005527973175048828e+00
6.847403049468994141e+00
6.955883026123046875e+00
7.331995487213134766e+00
6.935093879699707031e+00
6.893435001373291016e+00
6.920712471008300781e+00
6.861313343048095703e+00
6.858415603637695312e+00
6.964507579803466797e+00
7.196400642395019531e+00
7.389960765838623047e+00
6.712562561035156250e+00
6.475265979766845703e+00
6.606064796447753906e+00
6.822085380554199219e+00
6.927439212799072266e+00
7.171637535095214844e+00
7.433324813842773438e+00
7.687747001647949219e+00
7.075560569763183594e+00
6.997906684875488281e+00
7.302437782287597656e+00
7.197949886322021484e+00
6.759936809539794922e+00
6.837684631347656250e+00
7.054976940155029297e+00
7.683134555816650391e+00
7.076807498931884766e+00
6.716332912445068359e+00
6.686552524566650391e+00
6.715401649475097656e+00
6.621308326721191406e+00
6.737509727478027344e+00
7.109872817993164062e+00
8.017857551574707031e+00
7.067179203033447266e+00
6.928757667541503906e+00
7.070022583007812500e+00
7.367588996887207031e+00
7.597824573516845703e+00
7.975516319274902344e+00
8.068658828735351562e+00
7.960485935211181641e+00
6.919020652770996094e+00
6.612330436706542969e+00
6.586875915527343750e+00
6.604934215545654297e+00
6.390857219696044922e+00
6.307911872863769531e+00
6.746225833892822266e+00
7.522147178649902344e+00
7.079735755920410156e+00
6.665264606475830078e+00
6.377571582794189453e+00
6.248720169067382812e+00
6.338233470916748047e+00
6.721580982208251953e+00
7.198231697082519531e+00
7.430656909942626953e+00
6.808509826660156250e+00
6.436789035797119141e+00
6.226300716400146484e+00
6.285436153411865234e+00
6.466413021087646484e+00
6.865948200225830078e+00
7.396302223205566406e+00
7.687898635864257812e+00
7.284919261932373047e+00
6.937534809112548828e+00
6.549698829650878906e+00
6.475069999694824219e+00
6.341224670410156250e+00
6.482468605041503906e+00
6.943066596984863281e+00
7.557950973510742188e+00
7.397774219512939453e+00
7.084646224975585938e+00
6.743931770324707031e+00
6.845185279846191406e+00
7.114983558654785156e+00
7.387032508850097656e+00
7.922847747802734375e+00
8.373392105102539062e+00
7.669209003448486328e+00
7.380940437316894531e+00
7.175011634826660156e+00
7.059581756591796875e+00
7.016118526458740234e+00
7.259808540344238281e+00
7.461875915527343750e+00
7.939990520477294922e+00
7.496556758880615234e+00
7.193874359130859375e+00
7.230659008026123047e+00
7.328292369842529297e+00
7.505288124084472656e+00
7.646729469299316406e+00
7.613108158111572266e+00
8.241414070129394531e+00
7.989300251007080078e+00
7.171059608459472656e+00
6.425199031829833984e+00
6.418789386749267578e+00
6.628388404846191406e+00
6.612344741821289062e+00
6.756534099578857422e+00
7.456503391265869141e+00
6.697852611541748047e+00
6.399363517761230469e+00
6.220174789428710938e+00
6.477175712585449219e+00
7.079375267028808594e+00
7.505643367767333984e+00
7.408006191253662109e+00
8.239016532897949219e+00
8.210124969482421875e+00
8.582070350646972656e+00
8.080493927001953125e+00
7.902701377868652344e+00
8.049792289733886719e+00
8.066866874694824219e+00
8.036425590515136719e+00
8.510859489440917969e+00
7.775006771087646484e+00
6.866672039031982422e+00
6.618384838104248047e+00
6.843214988708496094e+00
6.897957324981689453e+00
6.662335395812988281e+00
6.693460941314697266e+00
7.457466125488281250e+00
7.176657199859619141e+00
6.975105285644531250e+00
6.510721206665039062e+00
6.639764785766601562e+00
7.048104763031005859e+00
7.006635665893554688e+00
6.953378200531005859e+00
7.392381668090820312e+00
6.808765888214111328e+00
6.443188667297363281e+00
6.347957611083984375e+00
6.592045783996582031e+00
6.813953876495361328e+00
6.977538585662841797e+00
7.240735054016113281e+00
7.547099590301513672e+00
6.930298805236816406e+00
6.716323375701904297e+00
6.828607082366943359e+00
6.950082302093505859e+00
6.869360923767089844e+00
7.013816356658935547e+00
7.277248382568359375e+00
7.691425323486328125e+00
7.030617713928222656e+00
6.729420185089111328e+00
6.714827060699462891e+00
6.896958351135253906e+00
6.954507827758789062e+00
6.903002262115478516e+00
6.985677719116210938e+00
7.539993762969970703e+00
6.929594993591308594e+00
6.934706687927246094e+00
7.151332378387451172e+00
7.297353744506835938e+00
7.373195648193359375e+00
7.629554271697998047e+00
7.883445262908935547e+00
8.031234741210937500e+00
7.207423210144042969e+00
6.717931270599365234e+00
6.625449180603027344e+00
6.575235843658447266e+00
6.347671985626220703e+00
6.467714309692382812e+00
6.851207733154296875e+00
7.745951652526855469e+00
7.017471790313720703e+00
7.048220157623291016e+00
7.607213497161865234e+00
7.493640899658203125e+00
7.013461589813232422e+00
7.167603492736816406e+00
7.459125041961669922e+00
7.897708892822265625e+00
6.848278522491455078e+00
6.376236438751220703e+00
6.384300708770751953e+00
6.769345283508300781e+00
7.099262237548828125e+00
7.201222419738769531e+00
7.333195686340332031e+00
7.876977920532226562e+00
6.883138179779052734e+00
6.562011718750000000e+00
6.701974868774414062e+00
6.915015697479248047e+00
6.682632923126220703e+00
6.710068225860595703e+00
7.117839336395263672e+00
7.713955879211425781e+00
7.381014347076416016e+00
6.937144279479980469e+00
6.699534893035888672e+00
6.781088352203369141e+00
6.817674636840820312e+00
6.982275485992431641e+00
7.558153629302978516e+00
7.944260120391845703e+00
7.452087402343750000e+00
7.227545261383056641e+00
7.050573825836181641e+00
6.867281436920166016e+00
6.696633338928222656e+00
6.926175594329833984e+00
7.384490489959716797e+00
7.779194355010986328e+00
7.453859806060791016e+00
7.224136352539062500e+00
7.009111404418945312e+00
6.930458545684814453e+00
7.082105636596679688e+00
7.566479206085205078e+00
7.920371532440185547e+00
8.035361289978027344e+00
7.420018196105957031e+00
6.990182876586914062e+00
6.714630126953125000e+00
6.809389114379882812e+00
6.878418922424316406e+00
6.749801158905029297e+00
7.010144710540771484e+00
7.652677536010742188e+00
7.037844181060791016e+00
6.740303516387939453e+00
6.568776130676269531e+00
6.602218151092529297e+00
6.897645473480224609e+00
7.368446826934814453e+00
7.915003776550292969e+00
8.641853332519531250e+00
7.957841873168945312e+00
7.584366798400878906e+00
7.619860172271728516e+00
7.699500083923339844e+00
7.578431606292724609e+00
7.644226551055908203e+00
7.868288516998291016e+00
8.501774787902832031e+00
7.926380157470703125e+00
6.875257492065429688e+00
6.402385234832763672e+00
6.416700839996337891e+00
6.697827339172363281e+00
6.919745445251464844e+00
7.150403499603271484e+00
7.707421302795410156e+00
7.371435165405273438e+00
7.090689182281494141e+00
6.614108085632324219e+00
6.714076995849609375e+00
7.202733516693115234e+00
7.574953079223632812e+00
7.432806968688964844e+00
7.805314064025878906e+00
7.185572147369384766e+00
6.963546276092529297e+00
6.815613746643066406e+00
7.003083229064941406e+00
7.190777778625488281e+00
7.411770343780517578e+00
7.496336460113525391e+00
8.128584861755371094e+00
7.432853698730468750e+00
7.250677108764648438e+00
7.214131355285644531e+00
7.158769607543945312e+00
7.096200466156005859e+00
6.847332000732421875e+00
6.953063488006591797e+00
7.842509269714355469e+00
7.552621841430664062e+00
7.100084781646728516e+00
6.658312320709228516e+00
6.795730590820312500e+00
6.935952186584472656e+00
6.846622467041015625e+00
6.819065570831298828e+00
7.687037944793701172e+00
7.197476863861083984e+00
6.968150615692138672e+00
6.884107112884521484e+00
7.137387752532958984e+00
7.198080539703369141e+00
7.207215309143066406e+00
7.411585807800292969e+00
7.637749671936035156e+00
6.855080604553222656e+00
6.362586975097656250e+00
6.283845901489257812e+00
6.435326576232910156e+00
6.559630870819091797e+00
6.984026908874511719e+00
7.560836791992187500e+00
8.167319297790527344e+00
7.528223037719726562e+00
7.180702209472656250e+00
7.238555908203125000e+00
7.293628692626953125e+00
7.079861640930175781e+00
6.856500148773193359e+00
6.749200820922851562e+00
7.003194332122802734e+00
6.387112140655517578e+00
6.446168899536132812e+00
6.636314868927001953e+00
6.766681194305419922e+00
6.890162944793701172e+00
6.982057571411132812e+00
7.256700038909912109e+00
7.712298393249511719e+00
7.009414672851562500e+00
6.553272724151611328e+00
6.522064685821533203e+00
6.720665454864501953e+00
6.602667331695556641e+00
6.765901088714599609e+00
7.164935111999511719e+00
7.888271331787109375e+00
7.475051879882812500e+00
7.193023204803466797e+00
7.531233310699462891e+00
7.296990871429443359e+00
6.999568462371826172e+00
7.270555973052978516e+00
7.666699886322021484e+00
8.328447341918945312e+00
7.237555980682373047e+00
6.908717155456542969e+00
6.946726799011230469e+00
7.097016334533691406e+00
7.067633628845214844e+00
7.218826770782470703e+00
7.588671207427978516e+00
8.236248016357421875e+00
7.393768310546875000e+00
7.198695659637451172e+00
7.375822544097900391e+00
7.701544761657714844e+00
7.767004966735839844e+00
7.918562412261962891e+00
8.059515953063964844e+00
8.099737167358398438e+00
7.117809772491455078e+00
6.693192481994628906e+00
6.586330890655517578e+00
6.730533599853515625e+00
6.685996532440185547e+00
6.646971702575683594e+00
7.063606739044189453e+00
7.641599178314208984e+00
7.210334777832031250e+00
6.938331127166748047e+00
6.782629966735839844e+00
6.673077106475830078e+00
6.615847110748291016e+00
6.846401691436767578e+00
7.452593326568603516e+00
7.963030815124511719e+00
7.691316604614257812e+00
7.501228809356689453e+00
7.145717144012451172e+00
6.920492649078369141e+00
6.897769927978515625e+00
7.214832305908203125e+00
7.594253063201904297e+00
8.030152320861816406e+00
7.587200641632080078e+00
7.222824573516845703e+00
6.943351268768310547e+00
6.858430862426757812e+00
6.659230709075927734e+00
6.549895763397216797e+00
6.897287845611572266e+00
7.562577724456787109e+00
7.308989048004150391e+00
6.997996330261230469e+00
6.835647106170654297e+00
6.986016273498535156e+00
7.245820045471191406e+00
7.593750953674316406e+00
8.203906059265136719e+00
8.488927841186523438e+00
7.533052921295166016e+00
7.155352592468261719e+00
7.042999744415283203e+00
6.987589836120605469e+00
7.059537410736083984e+00
7.264514923095703125e+00
7.442846775054931641e+00
8.009325027465820312e+00
7.348318576812744141e+00
6.786218643188476562e+00
6.531477928161621094e+00
6.617388248443603516e+00
6.824699878692626953e+00
7.050235271453857422e+00
7.379560470581054688e+00
8.114985466003417969e+00
7.730224609375000000e+00
7.130506515502929688e+00
6.585424900054931641e+00
6.697528839111328125e+00
6.921442031860351562e+00
6.967162609100341797e+00
7.116821289062500000e+00
7.979129314422607422e+00
7.533713340759277344e+00
7.288249969482421875e+00
6.931912422180175781e+00
7.033551216125488281e+00
7.260007858276367188e+00
7.521385669708251953e+00
7.683456420898437500e+00
8.429745674133300781e+00
7.514565467834472656e+00
7.199144363403320312e+00
6.997360229492187500e+00
7.046447277069091797e+00
7.165304660797119141e+00
7.251154899597167969e+00
7.423885345458984375e+00
8.420520782470703125e+00
7.895844936370849609e+00
7.286468029022216797e+00
6.922902107238769531e+00
6.803226470947265625e+00
6.708347797393798828e+00
6.476254940032958984e+00
6.417618751525878906e+00
7.054720401763916016e+00
6.481804847717285156e+00
6.438405513763427734e+00
6.310873508453369141e+00
6.406644821166992188e+00
6.617307186126708984e+00
6.769238948822021484e+00
6.866713047027587891e+00
7.715246200561523438e+00
7.279547691345214844e+00
7.129477024078369141e+00
6.952492713928222656e+00
7.054846763610839844e+00
7.288146972656250000e+00
7.576764106750488281e+00
7.871374607086181641e+00
8.291287422180175781e+00
7.506083011627197266e+00
7.029853343963623047e+00
7.135214805603027344e+00
7.299218654632568359e+00
7.289062500000000000e+00
7.231434345245361328e+00
7.295737743377685547e+00
7.650078296661376953e+00
7.050492763519287109e+00
6.966674327850341797e+00
6.993638992309570312e+00
7.016374111175537109e+00
7.074581623077392578e+00
7.180756092071533203e+00
7.368315219879150391e+00
7.875045299530029297e+00
7.286728858947753906e+00
7.047377109527587891e+00
7.139960765838623047e+00
7.313843727111816406e+00
7.308306694030761719e+00
7.514602184295654297e+00
7.903695106506347656e+00
8.348393440246582031e+00
7.569210529327392578e+00
7.184364795684814453e+00
7.290867328643798828e+00
7.227799892425537109e+00
7.032248020172119141e+00
7.169886112213134766e+00
7.340162754058837891e+00
8.046305656433105469e+00
6.945863246917724609e+00
6.591540336608886719e+00
6.559110641479492188e+00
6.783182621002197266e+00
7.066694736480712891e+00
7.210382938385009766e+00
7.370835304260253906e+00
7.974002361297607422e+00
7.368834018707275391e+00
7.235764503479003906e+00
7.300301551818847656e+00
7.490897178649902344e+00
7.672395229339599609e+00
7.970130920410156250e+00
8.078972816467285156e+00
8.343480110168457031e+00
7.476290225982666016e+00
7.370668888092041016e+00
7.522768020629882812e+00
7.424164295196533203e+00
7.018577575683593750e+00
6.942317962646484375e+00
7.288637161254882812e+00
7.873984813690185547e+00
7.456252574920654297e+00
7.128170490264892578e+00
7.016112804412841797e+00
6.984227657318115234e+00
7.000084400177001953e+00
7.216032981872558594e+00
8.002284049987792969e+00
8.104081153869628906e+00
7.288744449615478516e+00
6.801701068878173828e+00
6.729798316955566406e+00
6.896228313446044922e+00
7.036513805389404297e+00
7.328957557678222656e+00
7.725908756256103516e+00
7.971588134765625000e+00
7.653601169586181641e+00
7.440269947052001953e+00
6.993904113769531250e+00
6.769127368927001953e+00
6.585920333862304688e+00
6.856454849243164062e+00
7.253501415252685547e+00
7.826900482177734375e+00
7.556622505187988281e+00
7.133574485778808594e+00
6.715088844299316406e+00
6.789112567901611328e+00
6.941365242004394531e+00
7.016716957092285156e+00
7.537247657775878906e+00
8.141013145446777344e+00
7.468101024627685547e+00
7.209859371185302734e+00
6.943699836730957031e+00
6.826967716217041016e+00
6.863059997558593750e+00
7.168178081512451172e+00
7.505378246307373047e+00
8.263959884643554688e+00
7.673142910003662109e+00
7.301234245300292969e+00
7.131780147552490234e+00
7.148167610168457031e+00
7.421727657318115234e+00
7.767107486724853516e+00
7.860375404357910156e+00
8.529810905456542969e+00
8.038690567016601562e+00
7.077958106994628906e+00
6.449567794799804688e+00
6.374331474304199219e+00
6.475612163543701172e+00
6.637319087982177734e+00
6.912965774536132812e+00
7.335763931274414062e+00
6.741420745849609375e+00
6.561371326446533203e+00
6.397750854492187500e+00
6.529848098754882812e+00
6.984511852264404297e+00
7.386569023132324219e+00
7.340828895568847656e+00
8.159282684326171875e+00
7.904818534851074219e+00
8.109897613525390625e+00
7.756832122802734375e+00
7.590645313262939453e+00
8.011782646179199219e+00
8.195793151855468750e+00
7.992728710174560547e+00
8.524798393249511719e+00
7.908643245697021484e+00
7.074040889739990234e+00
6.934750556945800781e+00
7.234233856201171875e+00
7.263021469116210938e+00
6.949543476104736328e+00
6.977701663970947266e+00
7.780821323394775391e+00
7.352229595184326172e+00
7.093733787536621094e+00
6.696389675140380859e+00
6.812853813171386719e+00
7.240322589874267578e+00
7.289605140686035156e+00
7.185166358947753906e+00
7.859215736389160156e+00
7.441663265228271484e+00
7.263247489929199219e+00
6.971617698669433594e+00
7.076238632202148438e+00
7.287834644317626953e+00
7.593361377716064453e+00
8.050821304321289062e+00
8.399825096130371094e+00
7.436139106750488281e+00
6.955235958099365234e+00
7.185761451721191406e+00
7.459323406219482422e+00
7.410783767700195312e+00
7.441677570343017578e+00
7.531829833984375000e+00
7.663200378417968750e+00
7.062259674072265625e+00
6.773318767547607422e+00
6.807041168212890625e+00
7.150507926940917969e+00
7.356859207153320312e+00
7.194465637207031250e+00
7.043693065643310547e+00
7.573804378509521484e+00
7.104079246520996094e+00
7.327553272247314453e+00
7.660312175750732422e+00
7.620113372802734375e+00
7.494877338409423828e+00
7.740120410919189453e+00
8.067956924438476562e+00
8.324413299560546875e+00
7.562013149261474609e+00
6.987275600433349609e+00
6.963333606719970703e+00
6.964066982269287109e+00
6.749549865722656250e+00
6.918447494506835938e+00
7.373846530914306641e+00
8.266509056091308594e+00
7.598989009857177734e+00
7.330718040466308594e+00
7.796438217163085938e+00
7.799788475036621094e+00
7.484467506408691406e+00
7.722238540649414062e+00
8.146817207336425781e+00
8.399566650390625000e+00
7.152592182159423828e+00
6.608681678771972656e+00
6.706779479980468750e+00
7.320658683776855469e+00
7.732841968536376953e+00
7.612405776977539062e+00
7.447650432586669922e+00
8.046311378479003906e+00
7.149587631225585938e+00
7.167469978332519531e+00
7.341117858886718750e+00
7.422300338745117188e+00
7.168474674224853516e+00
7.199400424957275391e+00
7.483436584472656250e+00
8.005639076232910156e+00
7.500283241271972656e+00
7.053184509277343750e+00
6.764013290405273438e+00
6.832367420196533203e+00
6.802217483520507812e+00
6.895162582397460938e+00
7.476308822631835938e+00
7.853660106658935547e+00
7.358294486999511719e+00
7.135606765747070312e+00
6.897850990295410156e+00
6.747518062591552734e+00
6.718073844909667969e+00
6.945143222808837891e+00
7.517051696777343750e+00
7.858809947967529297e+00
7.511311531066894531e+00
7.175750255584716797e+00
6.765784740447998047e+00
6.665726661682128906e+00
6.814543724060058594e+00
7.187699794769287109e+00
7.397030830383300781e+00
7.745032787322998047e+00
7.219439506530761719e+00
6.864808082580566406e+00
6.617323875427246094e+00
6.759775638580322266e+00
6.828695774078369141e+00
6.806154727935791016e+00
7.087947845458984375e+00
7.661116123199462891e+00
7.119323253631591797e+00
6.933819770812988281e+00
6.680792331695556641e+00
6.599792480468750000e+00
6.898668766021728516e+00
7.496293544769287109e+00
8.071768760681152344e+00
8.688069343566894531e+00
7.866784095764160156e+00
7.452083587646484375e+00
7.349130153656005859e+00
7.386644363403320312e+00
7.586603164672851562e+00
7.757946014404296875e+00
7.599637508392333984e+00
8.304815292358398438e+00
8.072814941406250000e+00
7.085237503051757812e+00
6.478124618530273438e+00
6.374434947967529297e+00
6.628459453582763672e+00
6.831362724304199219e+00
6.995398998260498047e+00
7.744338989257812500e+00
7.508900642395019531e+00
7.188153743743896484e+00
6.759178638458251953e+00
6.888738155364990234e+00
7.420289039611816406e+00
7.684170246124267578e+00
7.427182674407958984e+00
7.943327903747558594e+00
7.980894088745117188e+00
8.111604690551757812e+00
7.540818214416503906e+00
7.490703582763671875e+00
7.991792201995849609e+00
8.511537551879882812e+00
8.748431205749511719e+00
8.977535247802734375e+00
7.698723793029785156e+00
7.362983226776123047e+00
7.583652019500732422e+00
7.955939769744873047e+00
7.944154739379882812e+00
7.477478981018066406e+00
7.352458000183105469e+00
8.025014877319335938e+00
7.555644989013671875e+00
6.804491996765136719e+00
6.497704982757568359e+00
6.840912818908691406e+00
7.167753696441650391e+00
7.110669612884521484e+00
7.102440834045410156e+00
7.867323398590087891e+00
7.444574356079101562e+00
7.233639717102050781e+00
7.038984298706054688e+00
7.101017951965332031e+00
7.234867572784423828e+00
7.447759628295898438e+00
7.583986759185791016e+00
7.840530395507812500e+00
7.415065765380859375e+00
7.171186447143554688e+00
6.967970848083496094e+00
6.984340190887451172e+00
7.059428215026855469e+00
7.490154266357421875e+00
8.072672843933105469e+00
8.487750053405761719e+00
7.847923755645751953e+00
7.445920944213867188e+00
7.609231472015380859e+00
7.711223125457763672e+00
7.540724277496337891e+00
7.439196586608886719e+00
7.390785217285156250e+00
7.457177162170410156e+00
6.740478515625000000e+00
6.758510112762451172e+00
6.935707092285156250e+00
7.130592346191406250e+00
7.239706993103027344e+00
7.194077014923095703e+00
7.305881500244140625e+00
7.799039363861083984e+00
7.175867557525634766e+00
6.933324337005615234e+00
7.075676441192626953e+00
7.174803256988525391e+00
6.958342075347900391e+00
7.027603149414062500e+00
7.505805015563964844e+00
8.177680015563964844e+00
7.542735576629638672e+00
7.216607570648193359e+00
7.614319801330566406e+00
7.539128303527832031e+00
7.182080268859863281e+00
7.345089435577392578e+00
7.731000423431396484e+00
8.497719764709472656e+00
7.243251800537109375e+00
6.881234645843505859e+00
6.794185638427734375e+00
7.032220840454101562e+00
7.237208366394042969e+00
7.273261070251464844e+00
7.295431613922119141e+00
7.964359760284423828e+00
7.040373325347900391e+00
6.762800693511962891e+00
6.741860389709472656e+00
7.034057140350341797e+00
7.156949520111083984e+00
7.295048713684082031e+00
7.374954223632812500e+00
7.736482143402099609e+00
6.832695484161376953e+00
6.614755630493164062e+00
6.661960601806640625e+00
6.850360393524169922e+00
6.834603786468505859e+00
6.807540416717529297e+00
7.147745132446289062e+00
7.719139575958251953e+00
7.371945858001708984e+00
7.095864295959472656e+00
6.890452384948730469e+00
6.670098781585693359e+00
6.566438674926757812e+00
6.891434192657470703e+00
7.568950653076171875e+00
8.093814849853515625e+00
7.630356311798095703e+00
7.262948513031005859e+00
6.938445568084716797e+00
6.908701419830322266e+00
6.794436454772949219e+00
7.048250675201416016e+00
7.331998825073242188e+00
7.594815254211425781e+00
7.212189674377441406e+00
6.944758415222167969e+00
6.673873424530029297e+00
6.646113395690917969e+00
6.617901802062988281e+00
6.590202331542968750e+00
6.926456928253173828e+00
7.615839004516601562e+00
7.478108406066894531e+00
7.262374401092529297e+00
6.834023952484130859e+00
6.739144325256347656e+00
6.959225654602050781e+00
7.265946865081787109e+00
7.657151699066162109e+00
8.228322982788085938e+00
7.819794178009033203e+00
7.453327655792236328e+00
7.318998336791992188e+00
7.211373329162597656e+00
7.254613399505615234e+00
7.538550853729248047e+00
7.722993850708007812e+00
8.215774536132812500e+00
7.506022453308105469e+00
7.128105163574218750e+00
7.012981891632080078e+00
7.074188232421875000e+00
7.291559696197509766e+00
7.445011615753173828e+00
7.682003498077392578e+00
8.419244766235351562e+00
8.005485534667968750e+00
7.005521297454833984e+00
6.487491130828857422e+00
6.606408119201660156e+00
6.931809902191162109e+00
7.174188613891601562e+00
7.405257701873779297e+00
8.157860755920410156e+00
7.702902317047119141e+00
7.362569332122802734e+00
6.841667175292968750e+00
6.875204086303710938e+00
7.397538185119628906e+00
7.943967342376708984e+00
7.890182495117187500e+00
8.340553283691406250e+00
8.103671073913574219e+00
8.356597900390625000e+00
7.893939018249511719e+00
7.725304126739501953e+00
7.949038505554199219e+00
8.169227600097656250e+00
8.182915687561035156e+00
8.790427207946777344e+00
8.293870925903320312e+00
7.456414699554443359e+00
7.056154251098632812e+00
7.093462467193603516e+00
7.214546203613281250e+00
7.201586246490478516e+00
7.277302742004394531e+00
7.587986946105957031e+00
6.915215492248535156e+00
6.849769115447998047e+00
6.730317592620849609e+00
6.924458026885986328e+00
7.194800376892089844e+00
7.185944557189941406e+00
7.076986312866210938e+00
7.920516014099121094e+00
7.424793243408203125e+00
7.310151576995849609e+00
7.158046245574951172e+00
7.175183773040771484e+00
7.221688747406005859e+00
7.538019657135009766e+00
8.135539054870605469e+00
8.473133087158203125e+00
7.473957061767578125e+00
6.847675323486328125e+00
7.022869586944580078e+00
7.322775840759277344e+00
7.237625122070312500e+00
7.180235862731933594e+00
7.325720787048339844e+00
7.603161811828613281e+00
6.976598262786865234e+00
6.734726905822753906e+00
6.743758678436279297e+00
6.935070991516113281e+00
7.103343963623046875e+00
7.159424781799316406e+00
7.271877288818359375e+00
7.654606819152832031e+00
6.984727859497070312e+00
6.672544002532958984e+00
6.722858428955078125e+00
6.841073989868164062e+00
6.848513603210449219e+00
7.064185142517089844e+00
7.514481067657470703e+00
7.971840858459472656e+00
7.131622314453125000e+00
6.720060348510742188e+00
6.813800811767578125e+00
6.950528144836425781e+00
7.023762226104736328e+00
7.175159454345703125e+00
7.286991119384765625e+00
7.865232467651367188e+00
7.133733749389648438e+00
6.926872253417968750e+00
7.293076038360595703e+00
7.333315849304199219e+00
7.029173851013183594e+00
7.182180881500244141e+00
7.567812442779541016e+00
8.313394546508789062e+00
7.419479370117187500e+00
7.139013767242431641e+00
7.037467479705810547e+00
7.120118618011474609e+00
7.190549850463867188e+00
7.362074851989746094e+00
7.433391571044921875e+00
7.643699645996093750e+00
6.792768478393554688e+00
6.658578395843505859e+00
6.948533058166503906e+00
7.118566513061523438e+00
6.893287181854248047e+00
6.903719425201416016e+00
7.303820133209228516e+00
7.921308040618896484e+00
7.583096981048583984e+00
7.167307853698730469e+00
6.781946182250976562e+00
6.731906414031982422e+00
6.640658378601074219e+00
6.747635841369628906e+00
7.328909397125244141e+00
7.760300159454345703e+00
7.490628242492675781e+00
7.255568027496337891e+00
7.124683856964111328e+00
6.971395015716552734e+00
6.939682006835937500e+00
7.181391716003417969e+00
7.412050724029541016e+00
7.532424926757812500e+00
7.111084461212158203e+00
6.822491168975830078e+00
6.521030902862548828e+00
6.444005966186523438e+00
6.495906829833984375e+00
6.874918937683105469e+00
7.363247871398925781e+00
7.788701057434082031e+00
7.583066940307617188e+00
7.320893287658691406e+00
7.073981285095214844e+00
7.270808696746826172e+00
7.402507781982421875e+00
7.341641902923583984e+00
7.658047676086425781e+00
8.170357704162597656e+00
7.640458583831787109e+00
7.297407150268554688e+00
6.857454299926757812e+00
6.661278724670410156e+00
6.930389404296875000e+00
7.529895782470703125e+00
7.955379962921142578e+00
8.610884666442871094e+00
8.046904563903808594e+00
7.831402778625488281e+00
7.686861038208007812e+00
7.667652130126953125e+00
7.907482147216796875e+00
8.357338905334472656e+00
8.387251853942871094e+00
9.111805915832519531e+00
8.644983291625976562e+00
7.467888832092285156e+00
6.691733837127685547e+00
6.542342662811279297e+00
6.827515125274658203e+00
7.122607231140136719e+00
7.303332328796386719e+00
7.636260509490966797e+00
7.089948177337646484e+00
7.000220298767089844e+00
6.850089073181152344e+00
7.024569511413574219e+00
7.539988517761230469e+00
7.826440811157226562e+00
7.702569961547851562e+00
8.429547309875488281e+00
8.077159881591796875e+00
8.145908355712890625e+00
7.717691421508789062e+00
7.563715934753417969e+00
7.923026084899902344e+00
8.407852172851562500e+00
8.552414894104003906e+00
9.036956787109375000e+00
7.965394020080566406e+00
7.136270523071289062e+00
7.070502758026123047e+00
7.434127807617187500e+00
7.390108108520507812e+00
6.986046791076660156e+00
6.964354038238525391e+00
7.839985370635986328e+00
7.360689640045166016e+00
6.893063545227050781e+00
6.476489067077636719e+00
6.487365722656250000e+00
6.724608898162841797e+00
6.806334495544433594e+00
6.926270484924316406e+00
7.674396038055419922e+00
7.177158355712890625e+00
6.849911689758300781e+00
6.675597190856933594e+00
6.851865291595458984e+00
7.020589351654052734e+00
7.194322109222412109e+00
7.596008300781250000e+00
7.934731006622314453e+00
7.110396385192871094e+00
6.643741130828857422e+00
6.737944602966308594e+00
7.065274715423583984e+00
7.137036800384521484e+00
7.303660392761230469e+00
7.559854507446289062e+00
7.877150535583496094e+00
7.229439258575439453e+00
6.830470085144042969e+00
6.709276676177978516e+00
6.816040992736816406e+00
6.870193958282470703e+00
6.785701751708984375e+00
6.831196308135986328e+00
7.500235557556152344e+00
7.001946926116943359e+00
7.167364120483398438e+00
7.342185974121093750e+00
7.236581802368164062e+00
7.180114746093750000e+00
7.118016242980957031e+00
7.305446147918701172e+00
7.611482620239257812e+00
6.835264682769775391e+00
6.343272686004638672e+00
6.390522956848144531e+00
6.623279094696044922e+00
6.575889110565185547e+00
6.808465957641601562e+00
7.101170539855957031e+00
7.920033931732177734e+00
7.394968509674072266e+00
7.225477695465087891e+00
7.658375740051269531e+00
7.537564754486083984e+00
7.058422565460205078e+00
7.201606750488281250e+00
7.640955448150634766e+00
8.176258087158203125e+00
7.439441680908203125e+00
7.004701614379882812e+00
6.917989730834960938e+00
7.229961395263671875e+00
7.487836360931396484e+00
7.469075679779052734e+00
7.425701141357421875e+00
7.739016056060791016e+00
6.720402717590332031e+00
6.625344276428222656e+00
6.732416152954101562e+00
6.966221809387207031e+00
7.039565563201904297e+00
7.279493331909179688e+00
7.574337005615234375e+00
7.807196617126464844e+00
7.061293601989746094e+00
6.704516410827636719e+00
6.601867198944091797e+00
6.807765007019042969e+00
6.749138355255126953e+00
6.707280158996582031e+00
7.210829257965087891e+00
7.810798168182373047e+00
7.518144607543945312e+00
7.355766296386718750e+00
7.036386966705322266e+00
6.857793331146240234e+00
6.730548381805419922e+00
7.058926105499267578e+00
7.771801471710205078e+00
8.257320404052734375e+00
7.905964374542236328e+00
7.632245540618896484e+00
7.192045211791992188e+00
6.983943939208984375e+00
7.024683475494384766e+00
7.296196937561035156e+00
7.513277053833007812e+00
7.904080390930175781e+00
7.537399291992187500e+00
7.217324256896972656e+00
6.898054599761962891e+00
6.958101272583007812e+00
7.023582935333251953e+00
6.998085498809814453e+00
7.285419464111328125e+00
7.813876152038574219e+00
7.304446697235107422e+00
7.014942169189453125e+00
6.947945594787597656e+00
6.958741188049316406e+00
7.219381809234619141e+00
7.721879482269287109e+00
8.214115142822265625e+00
8.648921966552734375e+00
7.771621227264404297e+00
7.200631141662597656e+00
6.991453647613525391e+00
6.969545364379882812e+00
7.184731483459472656e+00
7.602950572967529297e+00
7.705130577087402344e+00
8.303084373474121094e+00
7.881727695465087891e+00
7.152615547180175781e+00
6.634037971496582031e+00
6.533210277557373047e+00
6.717040061950683594e+00
6.896761894226074219e+00
7.123427867889404297e+00
7.826961994171142578e+00
7.405308246612548828e+00
6.863537311553955078e+00
6.388194561004638672e+00
6.381458282470703125e+00
6.653360366821289062e+00
6.950797080993652344e+00
7.165170669555664062e+00
7.921519279479980469e+00
7.537471771240234375e+00
7.355115413665771484e+00
6.980066299438476562e+00
6.995987892150878906e+00
7.288447380065917969e+00
7.612742424011230469e+00
7.832505226135253906e+00
8.493372917175292969e+00
7.624522686004638672e+00
7.280631065368652344e+00
7.231998920440673828e+00
7.452211380004882812e+00
7.691873550415039062e+00
7.717519760131835938e+00
7.780719757080078125e+00
8.492619514465332031e+00
7.849663734436035156e+00
6.930030822753906250e+00
6.382347106933593750e+00
6.467052459716796875e+00
6.653833866119384766e+00
6.599863529205322266e+00
6.618146896362304688e+00
7.835479259490966797e+00
7.386874675750732422e+00
7.195715904235839844e+00
6.884838104248046875e+00
6.720963001251220703e+00
6.827061653137207031e+00
6.977187633514404297e+00
7.106160640716552734e+00
7.543812751770019531e+00
7.042750358581542969e+00
6.857272624969482422e+00
6.739456176757812500e+00
6.800479888916015625e+00
6.873236179351806641e+00
7.202065944671630859e+00
7.658003807067871094e+00
8.159427642822265625e+00
7.427914142608642578e+00
7.045122623443603516e+00
7.157897949218750000e+00
7.294466972351074219e+00
7.139371395111083984e+00
6.991171360015869141e+00
7.091223239898681641e+00
7.384881496429443359e+00
6.932120323181152344e+00
6.852704524993896484e+00
6.973354816436767578e+00
7.012987613677978516e+00
7.034445285797119141e+00
7.047486305236816406e+00
7.180790901184082031e+00
7.485821723937988281e+00
6.759686470031738281e+00
6.587250232696533203e+00
6.705640316009521484e+00
6.983902931213378906e+00
6.975841999053955078e+00
7.217871189117431641e+00
7.512135505676269531e+00
7.585764884948730469e+00
6.840825080871582031e+00
6.557989597320556641e+00
6.689117908477783203e+00
6.688930034637451172e+00
6.498982429504394531e+00
6.672466278076171875e+00
6.981638431549072266e+00
7.697525501251220703e+00
7.202367782592773438e+00
6.989707946777343750e+00
6.882096767425537109e+00
6.930335521697998047e+00
6.962112903594970703e+00
7.197303295135498047e+00
7.651462554931640625e+00
8.302646636962890625e+00
7.431119918823242188e+00
7.095256805419921875e+00
7.095211029052734375e+00
7.329790592193603516e+00
7.484120368957519531e+00
7.708282947540283203e+00
7.876975059509277344e+00
8.289683341979980469e+00
7.347833633422851562e+00
7.181945800781250000e+00
7.248922348022460938e+00
7.423000335693359375e+00
7.254313468933105469e+00
7.077435970306396484e+00
7.444215774536132812e+00
7.946416854858398438e+00
7.392714023590087891e+00
6.998072147369384766e+00
6.869356155395507812e+00
6.686632156372070312e+00
6.593925952911376953e+00
6.950976371765136719e+00
7.600966453552246094e+00
8.073934555053710938e+00
7.336081981658935547e+00
6.958007335662841797e+00
6.676257610321044922e+00
6.676035881042480469e+00
6.778067111968994141e+00
7.123652458190917969e+00
7.479227066040039062e+00
7.747452735900878906e+00
7.363325595855712891e+00
7.080836296081542969e+00
6.591292381286621094e+00
6.506106376647949219e+00
6.478136539459228516e+00
6.617574691772460938e+00
6.981790542602539062e+00
7.406279087066650391e+00
7.094681739807128906e+00
6.890809535980224609e+00
6.589612007141113281e+00
6.604699611663818359e+00
6.927860260009765625e+00
7.378740310668945312e+00
8.004334449768066406e+00
8.552794456481933594e+00
7.751501083374023438e+00
7.322323799133300781e+00
7.120086193084716797e+00
6.952784061431884766e+00
6.897328853607177734e+00
7.186045169830322266e+00
7.594093322753906250e+00
8.304162979125976562e+00
7.679058551788330078e+00
7.223566055297851562e+00
7.072028160095214844e+00
7.225512981414794922e+00
7.589126586914062500e+00
7.766311168670654297e+00
7.867506980895996094e+00
8.686533927917480469e+00
8.339964866638183594e+00
7.217160701751708984e+00
6.476958274841308594e+00
6.298631191253662109e+00
6.451227664947509766e+00
6.595884323120117188e+00
6.881758689880371094e+00
7.778316974639892578e+00
7.152769565582275391e+00
6.804439544677734375e+00
6.470088005065917969e+00
6.448688983917236328e+00
6.831454277038574219e+00
7.349176406860351562e+00
7.408090591430664062e+00
7.985221862792968750e+00
7.675276756286621094e+00
7.701424598693847656e+00
7.386877059936523438e+00
7.233410835266113281e+00
7.337399482727050781e+00
7.550918102264404297e+00
7.553894042968750000e+00
8.049199104309082031e+00
7.383995532989501953e+00
7.002887725830078125e+00
6.885827064514160156e+00
7.190537452697753906e+00
7.243638038635253906e+00
6.947278976440429688e+00
6.862557888031005859e+00
7.538900852203369141e+00
7.095630168914794922e+00
6.926395893096923828e+00
6.601727008819580078e+00
6.555502414703369141e+00
6.815636634826660156e+00
6.944664478302001953e+00
6.943362236022949219e+00
7.535684585571289062e+00
6.850337505340576172e+00
6.593148231506347656e+00
6.642304897308349609e+00
6.801088809967041016e+00
6.659010410308837891e+00
6.859989166259765625e+00
7.303944110870361328e+00
7.377322673797607422e+00
6.617382526397705078e+00
6.359174728393554688e+00
6.524654388427734375e+00
6.822517395019531250e+00
6.787762641906738281e+00
6.799484729766845703e+00
7.104833126068115234e+00
7.902748584747314453e+00
7.388205528259277344e+00
7.119862556457519531e+00
6.927975654602050781e+00
6.945033550262451172e+00
7.082145214080810547e+00
7.070013046264648438e+00
7.159784793853759766e+00
7.538490295410156250e+00
6.925797939300537109e+00
6.879323482513427734e+00
7.066436767578125000e+00
7.180250167846679688e+00
7.121525287628173828e+00
7.319813251495361328e+00
7.782163143157958984e+00
8.084751129150390625e+00
7.199362277984619141e+00
6.784833908081054688e+00
6.986413955688476562e+00
7.115185737609863281e+00
6.863993167877197266e+00
7.009567260742187500e+00
7.435942649841308594e+00
8.440223693847656250e+00
7.565735816955566406e+00
7.006730079650878906e+00
7.023780345916748047e+00
7.073310375213623047e+00
6.885114192962646484e+00
6.960201263427734375e+00
7.395137310028076172e+00
8.171097755432128906e+00
7.037328243255615234e+00
6.767990589141845703e+00
6.738541126251220703e+00
6.938218116760253906e+00
7.127377033233642578e+00
7.112426280975341797e+00
6.986464023590087891e+00
7.416357040405273438e+00
6.631829261779785156e+00
6.551889896392822266e+00
6.833405017852783203e+00
7.134528636932373047e+00
6.999561786651611328e+00
6.986152648925781250e+00
7.298024654388427734e+00
7.594403743743896484e+00
6.945443630218505859e+00
6.528044223785400391e+00
6.347755908966064453e+00
6.499018192291259766e+00
6.562612533569335938e+00
6.750496387481689453e+00
7.424716949462890625e+00
7.914758682250976562e+00
7.312869548797607422e+00
6.964825630187988281e+00
6.840731143951416016e+00
6.745648384094238281e+00
6.642626762390136719e+00
6.844832897186279297e+00
7.167928218841552734e+00
7.568871974945068359e+00
7.258777618408203125e+00
6.974567890167236328e+00
6.651498794555664062e+00
6.547789096832275391e+00
6.564702033996582031e+00
6.954918384552001953e+00
7.367832660675048828e+00
7.742116928100585938e+00
7.337426662445068359e+00
7.045155525207519531e+00
6.703434467315673828e+00
6.675499916076660156e+00
6.705268859863281250e+00
6.652771472930908203e+00
7.061346530914306641e+00
7.767589092254638672e+00
7.110775947570800781e+00
6.711283206939697266e+00
6.494309425354003906e+00
6.367796897888183594e+00
6.457903385162353516e+00
6.903444766998291016e+00
7.443465232849121094e+00
8.143074035644531250e+00
7.418901920318603516e+00
7.048539161682128906e+00
6.957554817199707031e+00
6.966084957122802734e+00
7.109147071838378906e+00
7.317674636840820312e+00
7.210102081298828125e+00
7.625602722167968750e+00
6.953592777252197266e+00
6.561751365661621094e+00
6.272712230682373047e+00
6.366682052612304688e+00
6.591553688049316406e+00
6.807539463043212891e+00
6.979243755340576172e+00
7.469652652740478516e+00
7.195394515991210938e+00
7.145187854766845703e+00
6.789386749267578125e+00
6.760605812072753906e+00
7.197591781616210938e+00
7.547176837921142578e+00
7.522407531738281250e+00
8.135254859924316406e+00
7.569836616516113281e+00
7.219458580017089844e+00
7.042363166809082031e+00
7.049868106842041016e+00
7.067222118377685547e+00
7.257659435272216797e+00
7.409303665161132812e+00
7.781810760498046875e+00
7.031505107879638672e+00
6.609384059906005859e+00
6.694622993469238281e+00
7.089313507080078125e+00
7.115961074829101562e+00
6.930506706237792969e+00
7.190535545349121094e+00
8.129113197326660156e+00
7.599173069000244141e+00
7.047630310058593750e+00
6.611641883850097656e+00
6.741957664489746094e+00
6.985574722290039062e+00
7.029207706451416016e+00
7.077353000640869141e+00
7.776269912719726562e+00
7.339059829711914062e+00
7.214006423950195312e+00
6.856703281402587891e+00
6.882312774658203125e+00
7.034526348114013672e+00
7.279362678527832031e+00
7.663141250610351562e+00
7.930135726928710938e+00
7.157800674438476562e+00
6.851784229278564453e+00
6.843301296234130859e+00
7.005796909332275391e+00
6.961239814758300781e+00
7.084642410278320312e+00
7.413152694702148438e+00
8.140081405639648438e+00
7.342089176177978516e+00
6.780398368835449219e+00
6.672944068908691406e+00
6.823128700256347656e+00
6.930207729339599609e+00
6.840790271759033203e+00
6.822670936584472656e+00
7.381570339202880859e+00
6.789906024932861328e+00
6.933015346527099609e+00
7.084688663482666016e+00
6.935803890228271484e+00
6.797695159912109375e+00
6.856991291046142578e+00
7.105103492736816406e+00
7.551358222961425781e+00
6.820541381835937500e+00
6.356859683990478516e+00
6.490274429321289062e+00
6.764089107513427734e+00
6.706894874572753906e+00
6.898881912231445312e+00
7.292009830474853516e+00
7.959315299987792969e+00
7.202540397644042969e+00
6.707208633422851562e+00
6.571741580963134766e+00
6.650908470153808594e+00
6.626204013824462891e+00
6.804279327392578125e+00
7.278903007507324219e+00
7.955206394195556641e+00
6.996463775634765625e+00
6.743052482604980469e+00
6.809933662414550781e+00
7.099845886230468750e+00
7.253857135772705078e+00
7.215433120727539062e+00
7.207848072052001953e+00
8.081764221191406250e+00
6.976438999176025391e+00
6.719583034515380859e+00
6.700124740600585938e+00
6.909034729003906250e+00
7.025225639343261719e+00
7.310170173645019531e+00
7.552186489105224609e+00
7.879304885864257812e+00
7.024312019348144531e+00
6.710860252380371094e+00
6.606980323791503906e+00
6.670466423034667969e+00
6.508501052856445312e+00
6.396441459655761719e+00
6.754739284515380859e+00
7.399346828460693359e+00
7.008564472198486328e+00
6.860183238983154297e+00
6.735401153564453125e+00
6.588678359985351562e+00
6.432815074920654297e+00
6.696268558502197266e+00
7.474331378936767578e+00
7.755837917327880859e+00
7.236287117004394531e+00
6.823553562164306641e+00
6.547991752624511719e+00
6.547235488891601562e+00
6.671842575073242188e+00
6.970582008361816406e+00
7.228704452514648438e+00
7.615986347198486328e+00
7.019711017608642578e+00
6.594661712646484375e+00
6.360602378845214844e+00
6.505615234375000000e+00
6.553652286529541016e+00
6.581540584564208984e+00
6.913321971893310547e+00
7.519099712371826172e+00
7.448997974395751953e+00
7.240777492523193359e+00
6.894237518310546875e+00
6.774008750915527344e+00
7.065961360931396484e+00
7.525135040283203125e+00
7.975278854370117188e+00
8.507000923156738281e+00
7.651169300079345703e+00
7.122762203216552734e+00
6.914480686187744141e+00
6.864398002624511719e+00
7.019290924072265625e+00
7.264613151550292969e+00
7.411274433135986328e+00
7.893623352050781250e+00
7.521552562713623047e+00
6.896191120147705078e+00
6.536914825439453125e+00
6.552556991577148438e+00
6.796421527862548828e+00
7.156125545501708984e+00
7.493634700775146484e+00
8.208294868469238281e+00
7.757935047149658203e+00
7.052707195281982422e+00
6.564253807067871094e+00
6.630442619323730469e+00
6.959868431091308594e+00
7.304737091064453125e+00
7.526612281799316406e+00
8.331458091735839844e+00
8.008987426757812500e+00
7.870860576629638672e+00
7.186888694763183594e+00
6.955397605895996094e+00
7.281703472137451172e+00
7.775006294250488281e+00
7.974633693695068359e+00
8.171150207519531250e+00
7.564202308654785156e+00
7.646420001983642578e+00
7.614385128021240234e+00
7.882302761077880859e+00
7.914885044097900391e+00
7.641476154327392578e+00
7.590603351593017578e+00
8.018859863281250000e+00
7.512585639953613281e+00
6.871273994445800781e+00
6.580155849456787109e+00
6.761436939239501953e+00
6.891744613647460938e+00
6.702114105224609375e+00
6.639000415802001953e+00
7.705299854278564453e+00
7.172663688659667969e+00
7.006706714630126953e+00
6.676863193511962891e+00
6.498508930206298828e+00
6.564444541931152344e+00
6.772422790527343750e+00
7.060817241668701172e+00
7.663855075836181641e+00
7.049398422241210938e+00
6.788579940795898438e+00
6.793872356414794922e+00
6.958114147186279297e+00
6.960809707641601562e+00
7.057804584503173828e+00
7.381222724914550781e+00
7.948536396026611328e+00
7.127364635467529297e+00
6.686182022094726562e+00
6.751758098602294922e+00
6.916715145111083984e+00
6.884396076202392578e+00
6.874125003814697266e+00
7.033987045288085938e+00
7.381184577941894531e+00
6.839570999145507812e+00
6.701593399047851562e+00
6.732566833496093750e+00
6.875888347625732422e+00
7.021805763244628906e+00
7.133999824523925781e+00
7.371877193450927734e+00
7.867188930511474609e+00
7.144648551940917969e+00
6.757182598114013672e+00
6.761229515075683594e+00
6.918660640716552734e+00
6.910748481750488281e+00
7.162125587463378906e+00
7.645542621612548828e+00
8.104664802551269531e+00
7.329319477081298828e+00
7.037946224212646484e+00
7.024829387664794922e+00
6.814158439636230469e+00
6.522980213165283203e+00
6.635334491729736328e+00
6.889904975891113281e+00
7.745359420776367188e+00
6.975383758544921875e+00
6.701860427856445312e+00
6.724838256835937500e+00
6.804033756256103516e+00
6.768606185913085938e+00
6.885483741760253906e+00
7.244795322418212891e+00
7.758665084838867188e+00
6.920251846313476562e+00
6.526227951049804688e+00
6.555644512176513672e+00
6.814632415771484375e+00
6.936789512634277344e+00
7.097506999969482422e+00
7.281475067138671875e+00
7.737926006317138672e+00
6.923962116241455078e+00
6.651765346527099609e+00
6.711265087127685547e+00
6.924087047576904297e+00
6.830399513244628906e+00
6.776108741760253906e+00
7.209702968597412109e+00
7.846188545227050781e+00
7.492686271667480469e+00
6.948346614837646484e+00
6.619373321533203125e+00
6.579068183898925781e+00
6.715037822723388672e+00
7.038875102996826172e+00
7.551168918609619141e+00
7.775776386260986328e+00
7.009488582611083984e+00
6.551162242889404297e+00
6.341973304748535156e+00
6.420433998107910156e+00
6.674960613250732422e+00
7.191883563995361328e+00
7.673156738281250000e+00
7.793442249298095703e+00
7.449783802032470703e+00
7.206647396087646484e+00
6.746876239776611328e+00
6.589307785034179688e+00
6.635035037994384766e+00
6.963788986206054688e+00
7.448196887969970703e+00
8.089979171752929688e+00
7.834242820739746094e+00
7.439896583557128906e+00
7.069240570068359375e+00
7.191105365753173828e+00
7.386900424957275391e+00
7.434511184692382812e+00
7.925489902496337891e+00
8.640413284301757812e+00
7.873823642730712891e+00
7.623025894165039062e+00
7.197328090667724609e+00
6.799500942230224609e+00
6.804035663604736328e+00
7.186477184295654297e+00
7.515753269195556641e+00
8.099925041198730469e+00
7.485104560852050781e+00
7.307638168334960938e+00
7.399035453796386719e+00
7.659475326538085938e+00
7.880922794342041016e+00
8.017213821411132812e+00
7.957967758178710938e+00
8.356914520263671875e+00
7.772739410400390625e+00
7.015365123748779297e+00
6.418725967407226562e+00
6.325826168060302734e+00
6.509122371673583984e+00
6.707160472869873047e+00
7.008481979370117188e+00
7.867625236511230469e+00
7.110567092895507812e+00
6.754591464996337891e+00
6.324204921722412109e+00
6.259200572967529297e+00
6.687393188476562500e+00
7.308305740356445312e+00
7.534060478210449219e+00
8.292308807373046875e+00
7.737017154693603516e+00
7.738692760467529297e+00
7.594030380249023438e+00
7.641983985900878906e+00
7.690017700195312500e+00
7.599865436553955078e+00
7.571776866912841797e+00
8.306236267089843750e+00
7.698544025421142578e+00
6.976718425750732422e+00
6.686041355133056641e+00
6.756016254425048828e+00
6.788719654083251953e+00
6.640433311462402344e+00
6.656802654266357422e+00
7.618327617645263672e+00
7.290148258209228516e+00
6.967779159545898438e+00
6.355839252471923828e+00
6.393489360809326172e+00
6.723224639892578125e+00
6.788228988647460938e+00
6.858469486236572266e+00
7.714244365692138672e+00
7.189421653747558594e+00
6.957263946533203125e+00
6.739698410034179688e+00
6.847887516021728516e+00
6.986551761627197266e+00
7.281554222106933594e+00
7.804840087890625000e+00
8.112427711486816406e+00
7.236843585968017578e+00
6.796879291534423828e+00
6.793471813201904297e+00
6.849133968353271484e+00
6.726493835449218750e+00
6.755387783050537109e+00
7.036522865295410156e+00
7.674858570098876953e+00
7.085903644561767578e+00
6.809757232666015625e+00
6.783696651458740234e+00
6.869820117950439453e+00
6.938708782196044922e+00
6.905506134033203125e+00
6.902040004730224609e+00
7.311249732971191406e+00
6.562013149261474609e+00
6.466876983642578125e+00
6.630779743194580078e+00
6.758892059326171875e+00
6.757348537445068359e+00
6.942017078399658203e+00
7.398750782012939453e+00
7.830011367797851562e+00
7.091650009155273438e+00
6.702178478240966797e+00
6.789029121398925781e+00
6.900872230529785156e+00
6.681197166442871094e+00
6.879833221435546875e+00
7.354735374450683594e+00
8.235461235046386719e+00
7.758054256439208984e+00
7.179112911224365234e+00
7.112844944000244141e+00
7.194947242736816406e+00
7.146261692047119141e+00
7.242006301879882812e+00
7.590580940246582031e+00
8.146124839782714844e+00
7.097827911376953125e+00
6.699540138244628906e+00
6.613766670227050781e+00
7.002982616424560547e+00
7.443796157836914062e+00
7.683868408203125000e+00
7.797848224639892578e+00
8.130605697631835938e+00
6.961499691009521484e+00
6.745607852935791016e+00
6.784451961517333984e+00
6.961977958679199219e+00
6.881526470184326172e+00
7.005648612976074219e+00
7.469837665557861328e+00
8.021623611450195312e+00
7.673183441162109375e+00
7.349687099456787109e+00
7.122367858886718750e+00
7.366927146911621094e+00
7.357191085815429688e+00
7.155728816986083984e+00
7.658667564392089844e+00
7.963649749755859375e+00
7.519893169403076172e+00
7.282574653625488281e+00
6.995547294616699219e+00
6.798091888427734375e+00
6.703947067260742188e+00
6.984777450561523438e+00
7.510479450225830078e+00
7.890303611755371094e+00
7.557868480682373047e+00
7.369522094726562500e+00
7.100643157958984375e+00
7.085205078125000000e+00
7.403575420379638672e+00
7.960355758666992188e+00
8.232141494750976562e+00
8.219326019287109375e+00
7.596579074859619141e+00
7.178801536560058594e+00
6.781670093536376953e+00
6.653530120849609375e+00
6.581619262695312500e+00
6.702085494995117188e+00
7.318926811218261719e+00
8.266552925109863281e+00
7.609422206878662109e+00
7.119033813476562500e+00
6.628920078277587891e+00
6.400749206542968750e+00
6.638372898101806641e+00
7.304909229278564453e+00
7.960086822509765625e+00
8.541837692260742188e+00
7.809716224670410156e+00
7.501035690307617188e+00
7.373078823089599609e+00
7.321663379669189453e+00
7.404438018798828125e+00
7.498967647552490234e+00
7.506975650787353516e+00
8.261342048645019531e+00
7.844458580017089844e+00
6.932858467102050781e+00
6.369181156158447266e+00
6.255844593048095703e+00
6.538743972778320312e+00
6.853151798248291016e+00
7.070248126983642578e+00
7.738619327545166016e+00
7.409685134887695312e+00
7.080924034118652344e+00
6.547848224639892578e+00
6.566531181335449219e+00
6.906779766082763672e+00
7.116202354431152344e+00
7.191713809967041016e+00
7.992700099945068359e+00
7.699591159820556641e+00
7.636660575866699219e+00
7.228242874145507812e+00
7.209675788879394531e+00
7.422602653503417969e+00
7.712940216064453125e+00
7.946409225463867188e+00
8.425703048706054688e+00
7.544137954711914062e+00
7.182755947113037109e+00
7.104903221130371094e+00
7.033399581909179688e+00
6.957280635833740234e+00
6.846080780029296875e+00
7.067281246185302734e+00
7.939699649810791016e+00
7.357082366943359375e+00
6.746965885162353516e+00
6.410868644714355469e+00
6.438692092895507812e+00
6.593059062957763672e+00
6.520004749298095703e+00
6.509323120117187500e+00
7.249556064605712891e+00
6.824265480041503906e+00
6.696453571319580078e+00
6.622411251068115234e+00
6.873714923858642578e+00
6.990007400512695312e+00
7.021223545074462891e+00
7.268344879150390625e+00
7.718593597412109375e+00
7.114926338195800781e+00
6.878575325012207031e+00
6.833030700683593750e+00
6.931048870086669922e+00
6.895514965057373047e+00
7.075396537780761719e+00
7.508735656738281250e+00
7.989069461822509766e+00
7.550971508026123047e+00
7.020507812500000000e+00
6.931208133697509766e+00
7.135138511657714844e+00
7.130834102630615234e+00
6.942264080047607422e+00
6.939966678619384766e+00
7.345281600952148438e+00
6.764903068542480469e+00
6.836968898773193359e+00
6.975618362426757812e+00
7.040764331817626953e+00
7.229015827178955078e+00
7.515757560729980469e+00
7.944628715515136719e+00
8.038068771362304688e+00
7.236672401428222656e+00
6.702087879180908203e+00
6.684177875518798828e+00
6.860303878784179688e+00
6.757116317749023438e+00
6.919934272766113281e+00
7.248379707336425781e+00
7.838419914245605469e+00
7.512471199035644531e+00
7.221136093139648438e+00
7.352984428405761719e+00
7.373095989227294922e+00
7.248329162597656250e+00
7.410647869110107422e+00
7.700234889984130859e+00
8.219244956970214844e+00
7.236944198608398438e+00
6.887701988220214844e+00
6.903024196624755859e+00
7.154510498046875000e+00
7.263062477111816406e+00
7.478780269622802734e+00
7.930325984954833984e+00
8.951084136962890625e+00
7.521502494812011719e+00
7.199220180511474609e+00
7.186226844787597656e+00
7.614834785461425781e+00
7.942612171173095703e+00
8.191114425659179688e+00
8.354923248291015625e+00
8.295224189758300781e+00
7.172197341918945312e+00
6.768951416015625000e+00
6.662223339080810547e+00
6.748874187469482422e+00
6.704113960266113281e+00
6.841409683227539062e+00
7.527496337890625000e+00
8.219210624694824219e+00
7.649160385131835938e+00
7.127940177917480469e+00
6.704943656921386719e+00
6.452112197875976562e+00
6.462031364440917969e+00
6.894917488098144531e+00
7.602090835571289062e+00
8.017764091491699219e+00
7.371929168701171875e+00
7.072605609893798828e+00
6.767688274383544922e+00
6.681143760681152344e+00
6.810408115386962891e+00
7.235995769500732422e+00
7.612199306488037109e+00
7.790798187255859375e+00
7.396672248840332031e+00
7.104119777679443359e+00
6.757558345794677734e+00
6.588470458984375000e+00
6.469021320343017578e+00
6.646027088165283203e+00
7.152333259582519531e+00
7.833951473236083984e+00
7.617391586303710938e+00
7.235014915466308594e+00
6.892209529876708984e+00
6.848912715911865234e+00
7.123088836669921875e+00
7.467714309692382812e+00
7.878120899200439453e+00
8.356822967529296875e+00
7.653398990631103516e+00
7.321354389190673828e+00
7.228663921356201172e+00
7.109053134918212891e+00
7.032058715820312500e+00
7.148077487945556641e+00
7.440046787261962891e+00
8.150418281555175781e+00
7.578006267547607422e+00
7.021481037139892578e+00
6.653352260589599609e+00
6.612655162811279297e+00
6.768133163452148438e+00
7.029615879058837891e+00
7.255206584930419922e+00
8.005492210388183594e+00
7.451047897338867188e+00
6.581506252288818359e+00
6.111337184906005859e+00
6.121089935302734375e+00
6.386450767517089844e+00
6.676891803741455078e+00
6.962262630462646484e+00
7.771710395812988281e+00
7.370468616485595703e+00
7.116745948791503906e+00
6.762403011322021484e+00
6.773979187011718750e+00
7.003390312194824219e+00
7.274491786956787109e+00
7.409007072448730469e+00
8.186453819274902344e+00
7.635719299316406250e+00
7.770444869995117188e+00
7.742609024047851562e+00
7.785889148712158203e+00
7.683681488037109375e+00
7.512538909912109375e+00
7.607039451599121094e+00
8.335031509399414062e+00
7.899625778198242188e+00
7.054682254791259766e+00
6.635301589965820312e+00
6.773525238037109375e+00
6.844765663146972656e+00
6.705048084259033203e+00
6.725251674652099609e+00
7.492686748504638672e+00
7.097840309143066406e+00
7.098114490509033203e+00
6.681403160095214844e+00
6.631422519683837891e+00
6.759886264801025391e+00
7.011775016784667969e+00
7.428508758544921875e+00
7.669704437255859375e+00
7.059986591339111328e+00
6.839936256408691406e+00
6.927977085113525391e+00
7.172071933746337891e+00
7.234124660491943359e+00
7.354981899261474609e+00
7.746370315551757812e+00
8.088535308837890625e+00
7.413547515869140625e+00
7.000689983367919922e+00
7.036080837249755859e+00
7.191603183746337891e+00
7.215899944305419922e+00
7.274176597595214844e+00
7.402186870574951172e+00
7.760389804840087891e+00
7.151640892028808594e+00
6.998331069946289062e+00
6.991080760955810547e+00
7.045444488525390625e+00
7.263634681701660156e+00
7.507351398468017578e+00
7.913341522216796875e+00
8.370757102966308594e+00
7.585047721862792969e+00
7.138418674468994141e+00
7.129492282867431641e+00
7.385164260864257812e+00
7.451006889343261719e+00
7.638400554656982422e+00
7.910141468048095703e+00
8.081269264221191406e+00
7.314897537231445312e+00
6.906969547271728516e+00
6.882639408111572266e+00
6.857716083526611328e+00
6.777472496032714844e+00
7.091331005096435547e+00
7.347737312316894531e+00
8.099431991577148438e+00
7.141397476196289062e+00
6.738972187042236328e+00
6.794269561767578125e+00
6.919995784759521484e+00
6.994089126586914062e+00
7.173108577728271484e+00
7.484126567840576172e+00
8.022400856018066406e+00
7.089040756225585938e+00
6.858171939849853516e+00
6.989078998565673828e+00
7.400557994842529297e+00
7.700345993041992188e+00
7.955964088439941406e+00
8.098871231079101562e+00
8.279325485229492188e+00
7.205923080444335938e+00
6.860583782196044922e+00
6.901328086853027344e+00
6.946656703948974609e+00
6.693180561065673828e+00
6.898095130920410156e+00
7.604646205902099609e+00
8.194970130920410156e+00
7.716685771942138672e+00
7.161483287811279297e+00
6.775742053985595703e+00
6.706135749816894531e+00
6.770118236541748047e+00
6.921119689941406250e+00
7.349316120147705078e+00
7.670791149139404297e+00
7.212306499481201172e+00
6.929852485656738281e+00
6.803687572479248047e+00
6.763573646545410156e+00
6.706994056701660156e+00
6.901827335357666016e+00
7.142342090606689453e+00
7.450822353363037109e+00
7.123924255371093750e+00
6.899381160736083984e+00
6.521147727966308594e+00
6.348951339721679688e+00
6.199662208557128906e+00
6.364942073822021484e+00
6.754389762878417969e+00
7.428299903869628906e+00
6.973308086395263672e+00
6.719508647918701172e+00
6.412843227386474609e+00
6.483754158020019531e+00
6.725106716156005859e+00
7.003448486328125000e+00
7.497702121734619141e+00
8.081441879272460938e+00
7.593166828155517578e+00
7.209029197692871094e+00
6.830206871032714844e+00
6.569465160369873047e+00
6.624034404754638672e+00
6.965590476989746094e+00
7.332952022552490234e+00
8.038228988647460938e+00
7.324033737182617188e+00
7.200342178344726562e+00
7.310554504394531250e+00
7.446160316467285156e+00
7.488450527191162109e+00
7.566581726074218750e+00
7.734446525573730469e+00
8.448147773742675781e+00
7.991053104400634766e+00
7.040813446044921875e+00
6.456682205200195312e+00
6.353707790374755859e+00
6.523286819458007812e+00
6.853348731994628906e+00
7.245797157287597656e+00
7.895053386688232422e+00
7.340126514434814453e+00
7.047653675079345703e+00
6.585980892181396484e+00
6.612821102142333984e+00
6.886464595794677734e+00
7.218650817871093750e+00
7.402230262756347656e+00
7.955942630767822266e+00
7.612940788269042969e+00
7.578095436096191406e+00
7.507278919219970703e+00
7.546053409576416016e+00
7.594784736633300781e+00
7.804727077484130859e+00
8.020348548889160156e+00
8.651636123657226562e+00
7.928345680236816406e+00
7.350325584411621094e+00
7.053061962127685547e+00
7.077516555786132812e+00
7.091874122619628906e+00
6.929055690765380859e+00
7.029968261718750000e+00
8.018990516662597656e+00
7.989281177520751953e+00
7.651199817657470703e+00
6.874509811401367188e+00
6.966303348541259766e+00
7.313793659210205078e+00
7.209851741790771484e+00
7.218074798583984375e+00
7.923141002655029297e+00
7.391529560089111328e+00
7.189256191253662109e+00
6.907095432281494141e+00
7.028764247894287109e+00
7.217559337615966797e+00
7.427563667297363281e+00
7.775161743164062500e+00
8.088109970092773438e+00
7.283249378204345703e+00
6.864230632781982422e+00
6.833457469940185547e+00
6.894757270812988281e+00
6.911493778228759766e+00
7.253324508666992188e+00
7.654760360717773438e+00
8.043005943298339844e+00
7.298252582550048828e+00
6.971304893493652344e+00
6.926224231719970703e+00
6.989857673645019531e+00
7.078370094299316406e+00
7.033881664276123047e+00
6.960493564605712891e+00
7.496645927429199219e+00
6.930267333984375000e+00
6.929926395416259766e+00
7.115770816802978516e+00
7.286277770996093750e+00
7.401648998260498047e+00
7.613774299621582031e+00
7.801941871643066406e+00
8.074964523315429688e+00
7.287582874298095703e+00
6.786959648132324219e+00
6.834021568298339844e+00
6.956709861755371094e+00
6.755582332611083984e+00
7.110404491424560547e+00
7.531793594360351562e+00
8.131998062133789062e+00
7.592630863189697266e+00
7.135063648223876953e+00
7.031095027923583984e+00
7.015188694000244141e+00
7.021767616271972656e+00
7.216944694519042969e+00
7.343126773834228516e+00
7.855035781860351562e+00
6.781280040740966797e+00
6.553504943847656250e+00
6.679976940155029297e+00
7.014644622802734375e+00
7.112715721130371094e+00
7.137984275817871094e+00
7.248486995697021484e+00
7.864918708801269531e+00
6.775322914123535156e+00
6.587049961090087891e+00
6.550761222839355469e+00
6.642475128173828125e+00
6.599308013916015625e+00
6.711760044097900391e+00
7.043627262115478516e+00
7.500898361206054688e+00
6.847156047821044922e+00
6.530397415161132812e+00
6.424058437347412109e+00
6.580502510070800781e+00
6.644476413726806641e+00
6.778195381164550781e+00
7.290310859680175781e+00
7.822875499725341797e+00
7.494412899017333984e+00
7.241951942443847656e+00
6.857472896575927734e+00
6.687298774719238281e+00
6.562159538269042969e+00
6.752128124237060547e+00
7.261046409606933594e+00
7.709773540496826172e+00
7.287526130676269531e+00
7.082726001739501953e+00
6.815834999084472656e+00
6.772744655609130859e+00
6.870353221893310547e+00
7.200600624084472656e+00
7.459702968597412109e+00
7.650225639343261719e+00
7.249678611755371094e+00
7.034733295440673828e+00
6.731258392333984375e+00
6.643328666687011719e+00
6.637873172760009766e+00
6.738085746765136719e+00
7.218434333801269531e+00
8.031164169311523438e+00
7.635828971862792969e+00
7.343434333801269531e+00
6.990706920623779297e+00
6.898235321044921875e+00
7.226872920989990234e+00
7.821031570434570312e+00
8.407354354858398438e+00
8.757304191589355469e+00
7.810750961303710938e+00
7.375837802886962891e+00
7.326059818267822266e+00
7.316556453704833984e+00
7.380081176757812500e+00
7.607504844665527344e+00
7.752184391021728516e+00
8.514250755310058594e+00
8.217107772827148438e+00
7.433228015899658203e+00
6.927062988281250000e+00
6.805197715759277344e+00
7.020610809326171875e+00
7.265506267547607422e+00
7.503755092620849609e+00
8.183566093444824219e+00
8.239319801330566406e+00
7.741480827331542969e+00
7.118415832519531250e+00
7.237819671630859375e+00
7.421318531036376953e+00
7.359791278839111328e+00
7.256536960601806641e+00
7.708420753479003906e+00
7.626659870147705078e+00
7.767575263977050781e+00
7.238059520721435547e+00
7.221592426300048828e+00
7.625876426696777344e+00
8.022996902465820312e+00
8.203549385070800781e+00
8.619426727294921875e+00
7.642600536346435547e+00
7.445344924926757812e+00
7.400043010711669922e+00
7.462611675262451172e+00
7.511270523071289062e+00
7.439549446105957031e+00
7.556439876556396484e+00
8.551043510437011719e+00
8.104613304138183594e+00
7.208837985992431641e+00
6.693581581115722656e+00
6.658170700073242188e+00
6.825000286102294922e+00
6.769022464752197266e+00
6.697389125823974609e+00
7.708491802215576172e+00
7.207873344421386719e+00
6.995306491851806641e+00
6.751691341400146484e+00
6.858658790588378906e+00
7.000726222991943359e+00
7.116405010223388672e+00
7.257575988769531250e+00
7.760826110839843750e+00
7.282930850982666016e+00
7.146594524383544922e+00
7.031780242919921875e+00
7.127426624298095703e+00
7.173803806304931641e+00
7.395458698272705078e+00
7.754647731781005859e+00
8.100193023681640625e+00
7.371765613555908203e+00
6.913663387298583984e+00
6.958368301391601562e+00
7.197529792785644531e+00
7.273458957672119141e+00
7.059348106384277344e+00
6.858889102935791016e+00
7.088887691497802734e+00
6.629407405853271484e+00
6.619535446166992188e+00
6.773923873901367188e+00
6.882060527801513672e+00
6.951435089111328125e+00
7.119329452514648438e+00
7.390533924102783203e+00
7.718265056610107422e+00
6.847259521484375000e+00
6.516169548034667969e+00
6.598633766174316406e+00
6.682040691375732422e+00
6.534712791442871094e+00
6.559466838836669922e+00
6.890172481536865234e+00
7.452870845794677734e+00
6.872006893157958984e+00
6.772276878356933594e+00
7.247740745544433594e+00
7.132818698883056641e+00
6.776037693023681641e+00
6.876129150390625000e+00
7.079324722290039062e+00
7.698175430297851562e+00
7.128054141998291016e+00
6.784441471099853516e+00
6.797117710113525391e+00
6.966838836669921875e+00
7.005064964294433594e+00
7.089517593383789062e+00
7.388064861297607422e+00
8.235527992248535156e+00
7.230606079101562500e+00
6.924608707427978516e+00
6.950407981872558594e+00
7.223688602447509766e+00
7.367887020111083984e+00
7.600506305694580078e+00
7.833217620849609375e+00
8.035499572753906250e+00
7.261126995086669922e+00
6.920306682586669922e+00
6.916470050811767578e+00
7.019757270812988281e+00
6.853070259094238281e+00
6.833560466766357422e+00
7.341059207916259766e+00
7.944949150085449219e+00
7.621807575225830078e+00
7.219558238983154297e+00
6.795722007751464844e+00
6.594748973846435547e+00
6.657691955566406250e+00
7.099048137664794922e+00
7.706346988677978516e+00
7.935115814208984375e+00
7.274576663970947266e+00
7.096408367156982422e+00
6.907192707061767578e+00
6.789088726043701172e+00
6.709709167480468750e+00
6.991301059722900391e+00
7.471024990081787109e+00
8.063169479370117188e+00
7.765690326690673828e+00
7.588330268859863281e+00
7.334590911865234375e+00
7.225389957427978516e+00
6.978930473327636719e+00
6.943718910217285156e+00
7.295632362365722656e+00
7.857135772705078125e+00
7.649781227111816406e+00
7.322797775268554688e+00
7.009397029876708984e+00
7.065431594848632812e+00
7.338919639587402344e+00
7.621984481811523438e+00
8.126033782958984375e+00
8.517465591430664062e+00
7.844461441040039062e+00
7.565292835235595703e+00
7.466171741485595703e+00
7.365447998046875000e+00
7.295787811279296875e+00
7.517994880676269531e+00
7.796034336090087891e+00
8.357902526855468750e+00
7.600588321685791016e+00
7.194769382476806641e+00
7.108826637268066406e+00
7.171677112579345703e+00
7.413067340850830078e+00
7.705963611602783203e+00
7.933266639709472656e+00
8.848980903625488281e+00
8.417129516601562500e+00
7.034512996673583984e+00
6.367233753204345703e+00
6.391586780548095703e+00
6.680704116821289062e+00
6.868885517120361328e+00
7.033089160919189453e+00
7.934050083160400391e+00
7.458543300628662109e+00
7.105687618255615234e+00
6.663863658905029297e+00
6.733651161193847656e+00
7.137340545654296875e+00
7.565860748291015625e+00
7.606641292572021484e+00
8.434911727905273438e+00
8.139816284179687500e+00
8.352265357971191406e+00
8.063386917114257812e+00
8.034406661987304688e+00
8.099049568176269531e+00
7.940602302551269531e+00
7.798557758331298828e+00
8.270738601684570312e+00
7.633397579193115234e+00
6.887681007385253906e+00
6.636237144470214844e+00
6.846829891204833984e+00
6.948660850524902344e+00
6.721185207366943359e+00
6.656553745269775391e+00
7.444273948669433594e+00
6.954736709594726562e+00
6.727814674377441406e+00
6.308579921722412109e+00
6.390854835510253906e+00
6.686013221740722656e+00
6.733162879943847656e+00
6.784133911132812500e+00
7.489803791046142578e+00
6.811018943786621094e+00
6.494805335998535156e+00
6.338399410247802734e+00
6.480215072631835938e+00
6.561798572540283203e+00
6.694588661193847656e+00
7.040957450866699219e+00
7.625246524810791016e+00
6.831708908081054688e+00
6.522756099700927734e+00
6.593017101287841797e+00
6.707181453704833984e+00
6.660655975341796875e+00
6.766786098480224609e+00
7.055016040802001953e+00
7.664574623107910156e+00
7.003236770629882812e+00
6.821887016296386719e+00
6.868859767913818359e+00
6.928700447082519531e+00
7.015734672546386719e+00
6.991194725036621094e+00
7.171438217163085938e+00
7.675351142883300781e+00
6.958983898162841797e+00
6.735819339752197266e+00
6.874193668365478516e+00
6.998064994812011719e+00
7.010487079620361328e+00
7.278182983398437500e+00
7.729314327239990234e+00
8.243662834167480469e+00
7.551877498626708984e+00
7.111410617828369141e+00
7.119023323059082031e+00
7.104263305664062500e+00
6.938441753387451172e+00
7.110443592071533203e+00
7.400544643402099609e+00
8.188612937927246094e+00
7.405607700347900391e+00
7.086779594421386719e+00
7.519102096557617188e+00
7.568369865417480469e+00
7.266623497009277344e+00
7.417124748229980469e+00
7.709630489349365234e+00
8.223812103271484375e+00
6.966956138610839844e+00
6.718596935272216797e+00
6.802773475646972656e+00
7.022962570190429688e+00
7.202130317687988281e+00
7.316134452819824219e+00
7.649431705474853516e+00
8.217750549316406250e+00
7.480309486389160156e+00
7.218939304351806641e+00
7.407757759094238281e+00
7.486297130584716797e+00
7.066038608551025391e+00
7.025975227355957031e+00
7.455257415771484375e+00
7.959382057189941406e+00
7.594442844390869141e+00
7.236632347106933594e+00
6.719727993011474609e+00
6.724384784698486328e+00
6.715981483459472656e+00
6.830157756805419922e+00
7.473306655883789062e+00
7.873192787170410156e+00
7.441872596740722656e+00
7.290937900543212891e+00
7.277455329895019531e+00
7.125854969024658203e+00
6.942346572875976562e+00
7.126742839813232422e+00
7.478399276733398438e+00
7.558966636657714844e+00
7.145935058593750000e+00
6.923914909362792969e+00
6.660959720611572266e+00
6.541192531585693359e+00
6.617768287658691406e+00
7.107758998870849609e+00
7.554286479949951172e+00
7.869759559631347656e+00
7.238440036773681641e+00
6.769248485565185547e+00
6.592917919158935547e+00
6.818554401397705078e+00
6.982928752899169922e+00
7.004879474639892578e+00
7.308020591735839844e+00
7.927973747253417969e+00
7.485896110534667969e+00
7.166501045227050781e+00
6.857279300689697266e+00
6.765577316284179688e+00
6.893947601318359375e+00
7.299447059631347656e+00
7.678313255310058594e+00
8.392580986022949219e+00
7.708625793457031250e+00
7.477774143218994141e+00
7.595149040222167969e+00
7.774276733398437500e+00
7.808047771453857422e+00
7.824346542358398438e+00
7.785132408142089844e+00
8.336972236633300781e+00
7.853557109832763672e+00
6.907046794891357422e+00
6.452527046203613281e+00
6.419031620025634766e+00
6.512258529663085938e+00
6.770819664001464844e+00
6.979781150817871094e+00
7.539383888244628906e+00
7.110931873321533203e+00
6.833231449127197266e+00
6.278004169464111328e+00
6.217387676239013672e+00
6.517959594726562500e+00
6.795683860778808594e+00
6.961053848266601562e+00
7.682891368865966797e+00
7.091627597808837891e+00
6.791011333465576172e+00
6.635190486907958984e+00
6.784850120544433594e+00
6.980568885803222656e+00
7.142563819885253906e+00
7.204070091247558594e+00
8.110237121582031250e+00
7.410557270050048828e+00
6.795844078063964844e+00
6.585741519927978516e+00
6.689447879791259766e+00
6.632040500640869141e+00
6.552431106567382812e+00
6.744669914245605469e+00
7.593279361724853516e+00
7.374650955200195312e+00
7.036815643310546875e+00
6.587231159210205078e+00
6.717790603637695312e+00
6.966293334960937500e+00
6.883698463439941406e+00
6.870719432830810547e+00
7.583230972290039062e+00
7.091413974761962891e+00
6.898412704467773438e+00
6.779392719268798828e+00
6.941816806793212891e+00
7.095651626586914062e+00
7.329072475433349609e+00
7.725251197814941406e+00
8.078394889831542969e+00
7.316584587097167969e+00
6.914897918701171875e+00
6.870906829833984375e+00
6.970596790313720703e+00
7.007214069366455078e+00
7.256669521331787109e+00
7.715023040771484375e+00
8.169545173645019531e+00
7.429268360137939453e+00
6.982141017913818359e+00
6.988167762756347656e+00
7.124670028686523438e+00
7.151148319244384766e+00
7.050641059875488281e+00
6.980469226837158203e+00
7.199424743652343750e+00
6.378123760223388672e+00
6.553346633911132812e+00
6.912776470184326172e+00
7.049424648284912109e+00
7.095036506652832031e+00
7.124876976013183594e+00
7.501473903656005859e+00
8.138575553894042969e+00
7.518441200256347656e+00
6.923798561096191406e+00
6.933351516723632812e+00
7.101605892181396484e+00
6.946263790130615234e+00
7.088347434997558594e+00
7.477176189422607422e+00
8.528901100158691406e+00
8.118000984191894531e+00
7.519866466522216797e+00
7.282959461212158203e+00
7.119176864624023438e+00
6.944239139556884766e+00
7.155065059661865234e+00
7.635745525360107422e+00
8.471944808959960938e+00
7.117577075958251953e+00
6.885668277740478516e+00
6.966886997222900391e+00
7.188532829284667969e+00
7.164712905883789062e+00
7.237510681152343750e+00
7.565067291259765625e+00
8.144212722778320312e+00
6.781355381011962891e+00
6.706979274749755859e+00
6.852490901947021484e+00
7.100342273712158203e+00
7.264895915985107422e+00
7.680495262145996094e+00
7.999264717102050781e+00
8.073274612426757812e+00
7.200375556945800781e+00
6.820001125335693359e+00
6.695627212524414062e+00
6.769798278808593750e+00
6.658092021942138672e+00
6.682359218597412109e+00
7.138486862182617188e+00
7.635713100433349609e+00
7.429786682128906250e+00
7.381504058837890625e+00
7.211068153381347656e+00
6.979566097259521484e+00
6.682755470275878906e+00
6.797152042388916016e+00
7.444293022155761719e+00
7.812992095947265625e+00
7.370470523834228516e+00
7.180340290069580078e+00
7.048577785491943359e+00
7.047152042388916016e+00
7.164814949035644531e+00
7.605347156524658203e+00
7.901494503021240234e+00
8.079351425170898438e+00
7.516186714172363281e+00
7.095623493194580078e+00
6.753931522369384766e+00
6.645433425903320312e+00
6.555058956146240234e+00
6.568158626556396484e+00
6.908643722534179688e+00
7.677792072296142578e+00
7.274065017700195312e+00
7.004038810729980469e+00
6.629065990447998047e+00
6.540326595306396484e+00
6.779138088226318359e+00
7.209424018859863281e+00
7.604646205902099609e+00
8.168859481811523438e+00
7.313959598541259766e+00
6.919352054595947266e+00
6.697231292724609375e+00
6.645965099334716797e+00
6.811140060424804688e+00
7.003105163574218750e+00
7.167383193969726562e+00
8.170423507690429688e+00
7.642503738403320312e+00
6.671563148498535156e+00
6.179494380950927734e+00
6.117101192474365234e+00
6.384915351867675781e+00
6.716592311859130859e+00
7.012097358703613281e+00
7.741474151611328125e+00
7.555440425872802734e+00
7.084996223449707031e+00
6.590626239776611328e+00
6.692046642303466797e+00
7.000945568084716797e+00
7.081053733825683594e+00
7.063209533691406250e+00
7.737157821655273438e+00
7.489119529724121094e+00
7.439374446868896484e+00
7.101699352264404297e+00
7.197599887847900391e+00
7.586156368255615234e+00
8.016933441162109375e+00
8.205431938171386719e+00
8.235780715942382812e+00
7.700717449188232422e+00
7.639777660369873047e+00
7.579389095306396484e+00
7.635600090026855469e+00
7.738306045532226562e+00
7.781530857086181641e+00
7.957938671112060547e+00
8.767856597900390625e+00
8.480714797973632812e+00
7.364042758941650391e+00
6.615919589996337891e+00
6.665461540222167969e+00
6.864722728729248047e+00
6.772178173065185547e+00
6.753068923950195312e+00
7.542520999908447266e+00
6.886344909667968750e+00
6.818758487701416016e+00
6.736124038696289062e+00
6.797538757324218750e+00
7.030331611633300781e+00
7.235022068023681641e+00
7.400592803955078125e+00
8.078794479370117188e+00
7.785974025726318359e+00
7.779515743255615234e+00
7.471969604492187500e+00
7.470080852508544922e+00
7.624198913574218750e+00
7.906257152557373047e+00
8.329414367675781250e+00
8.801856994628906250e+00
7.982895851135253906e+00
7.496294498443603516e+00
7.729568004608154297e+00
7.847228050231933594e+00
7.615464687347412109e+00
7.332530021667480469e+00
7.311935901641845703e+00
7.458069801330566406e+00
7.106760025024414062e+00
7.056362152099609375e+00
7.133367538452148438e+00
7.117395401000976562e+00
6.980415344238281250e+00
7.012651443481445312e+00
7.187878131866455078e+00
7.465397357940673828e+00
6.793209075927734375e+00
6.644547462463378906e+00
6.816942214965820312e+00
7.036262989044189453e+00
7.104049205780029297e+00
7.426859378814697266e+00
7.666316986083984375e+00
7.797633647918701172e+00
7.011049270629882812e+00
7.067071437835693359e+00
7.733993530273437500e+00
7.549778461456298828e+00
7.036045074462890625e+00
7.168253421783447266e+00
7.312230587005615234e+00
7.965317249298095703e+00
7.427743911743164062e+00
7.117517948150634766e+00
7.103469371795654297e+00
7.131192207336425781e+00
6.943924903869628906e+00
7.040821552276611328e+00
7.486428260803222656e+00
8.130574226379394531e+00
7.353584289550781250e+00
7.169123172760009766e+00
7.211589336395263672e+00
7.429954051971435547e+00
7.633738040924072266e+00
8.025173187255859375e+00
8.184935569763183594e+00
8.409121513366699219e+00
7.321771144866943359e+00
7.083021640777587891e+00
6.994125843048095703e+00
6.945492267608642578e+00
6.639939308166503906e+00
6.490440368652343750e+00
6.883919239044189453e+00
7.598876476287841797e+00
7.247118949890136719e+00
6.923544883728027344e+00
6.630512714385986328e+00
6.450088977813720703e+00
6.525815963745117188e+00
6.854656219482421875e+00
7.282608985900878906e+00
7.585371017456054688e+00
6.968903064727783203e+00
6.528796195983886719e+00
6.216588020324707031e+00
6.320192813873291016e+00
6.503212451934814453e+00
6.872434139251708984e+00
7.328824043273925781e+00
7.576136589050292969e+00
7.180603027343750000e+00
6.808305263519287109e+00
6.421814918518066406e+00
6.388532638549804688e+00
6.389169216156005859e+00
6.582052230834960938e+00
7.071746349334716797e+00
7.769534587860107422e+00
7.564370155334472656e+00
7.201645374298095703e+00
6.830339431762695312e+00
6.834160804748535156e+00
7.021414756774902344e+00
7.228135585784912109e+00
7.719670295715332031e+00
8.241135597229003906e+00
7.644439697265625000e+00
7.436248302459716797e+00
7.270378589630126953e+00
7.080522537231445312e+00
6.943590641021728516e+00
7.130099773406982422e+00
7.416513919830322266e+00
7.913746356964111328e+00
7.559743404388427734e+00
7.355582714080810547e+00
7.333500862121582031e+00
7.369482517242431641e+00
7.668703079223632812e+00
8.063674926757812500e+00
8.295282363891601562e+00
9.332756042480468750e+00
8.987414360046386719e+00
7.504871845245361328e+00
6.494693756103515625e+00
6.371522903442382812e+00
6.588450431823730469e+00
6.763577461242675781e+00
7.028595447540283203e+00
7.706364154815673828e+00
6.934674739837646484e+00
6.628686904907226562e+00
6.611779212951660156e+00
6.946756362915039062e+00
7.585194110870361328e+00
8.046790122985839844e+00
7.730623245239257812e+00
8.636643409729003906e+00
8.777195930480957031e+00
9.304392814636230469e+00
8.636921882629394531e+00
8.363942146301269531e+00
8.772614479064941406e+00
8.993035316467285156e+00
8.791668891906738281e+00
9.227628707885742188e+00
8.600963592529296875e+00
7.611670494079589844e+00
7.404699802398681641e+00
7.758345603942871094e+00
7.714359283447265625e+00
7.183940410614013672e+00
7.129613876342773438e+00
7.898897647857666016e+00
7.582248210906982422e+00
7.252270221710205078e+00
6.549858093261718750e+00
6.594616413116455078e+00
7.088875770568847656e+00
7.233831405639648438e+00
7.040525436401367188e+00
7.434834480285644531e+00
6.919692039489746094e+00
6.658903121948242188e+00
6.646995544433593750e+00
6.862195014953613281e+00
7.044329166412353516e+00
7.352157592773437500e+00
7.612936973571777344e+00
7.750570297241210938e+00
7.097219944000244141e+00
6.955242633819580078e+00
7.266260147094726562e+00
7.548038482666015625e+00
7.494655609130859375e+00
7.457323551177978516e+00
7.597250938415527344e+00
8.011577606201171875e+00
7.326508522033691406e+00
7.084400177001953125e+00
7.200858592987060547e+00
7.400678634643554688e+00
7.402997493743896484e+00
7.255461692810058594e+00
7.325616836547851562e+00
7.892108917236328125e+00
7.283033370971679688e+00
7.231001377105712891e+00
7.423546314239501953e+00
7.413632392883300781e+00
7.372170925140380859e+00
7.678142547607421875e+00
8.053830146789550781e+00
8.441728591918945312e+00
7.550526618957519531e+00
7.041018009185791016e+00
6.881613254547119141e+00
6.788990974426269531e+00
6.516837596893310547e+00
6.613295555114746094e+00
7.033567428588867188e+00
7.821340084075927734e+00
7.120058059692382812e+00
7.123930454254150391e+00
7.752633094787597656e+00
7.662816047668457031e+00
7.215540409088134766e+00
7.452332973480224609e+00
7.816119670867919922e+00
8.317240715026855469e+00
7.196872711181640625e+00
6.548624992370605469e+00
6.398416996002197266e+00
6.781826496124267578e+00
7.135234832763671875e+00
7.158246994018554688e+00
7.124942779541015625e+00
7.673068046569824219e+00
6.791846752166748047e+00
6.716707229614257812e+00
7.029913425445556641e+00
7.250054836273193359e+00
7.009397029876708984e+00
7.028687477111816406e+00
7.398983478546142578e+00
7.953351497650146484e+00
7.555448055267333984e+00
7.153520107269287109e+00
6.897834300994873047e+00
6.992843627929687500e+00
7.026884078979492188e+00
7.089045047760009766e+00
7.603125572204589844e+00
7.959736824035644531e+00
7.501385211944580078e+00
7.248269557952880859e+00
7.064535617828369141e+00
6.935602664947509766e+00
6.862512111663818359e+00
7.150524616241455078e+00
7.570838451385498047e+00
7.989942550659179688e+00
7.727944850921630859e+00
7.338005065917968750e+00
6.953660011291503906e+00
6.894024848937988281e+00
7.101298809051513672e+00
7.528192996978759766e+00
7.883713722229003906e+00
8.121908187866210938e+00
7.557586193084716797e+00
7.081441879272460938e+00
6.783025741577148438e+00
6.833430767059326172e+00
6.983135700225830078e+00
6.946484565734863281e+00
7.205988883972167969e+00
7.839630603790283203e+00
7.291055202484130859e+00
7.008169651031494141e+00
6.865056991577148438e+00
6.761944293975830078e+00
7.053200244903564453e+00
7.632242202758789062e+00
8.275260925292968750e+00
9.020478248596191406e+00
8.420980453491210938e+00
8.103371620178222656e+00
8.099474906921386719e+00
8.136704444885253906e+00
8.262550354003906250e+00
8.433370590209960938e+00
8.307270050048828125e+00
9.026554107666015625e+00
8.865653038024902344e+00
7.648721694946289062e+00
7.061150074005126953e+00
7.050056934356689453e+00
6.975094318389892578e+00
7.082768440246582031e+00
7.219684600830078125e+00
7.838111400604248047e+00
7.697402477264404297e+00
7.396976470947265625e+00
6.738198280334472656e+00
6.806000709533691406e+00
7.433226585388183594e+00
7.788858890533447266e+00
7.550353527069091797e+00
7.936823844909667969e+00
7.426580429077148438e+00
7.231844425201416016e+00
7.048533916473388672e+00
7.113193035125732422e+00
7.364983558654785156e+00
7.740364551544189453e+00
7.788260459899902344e+00
8.439922332763671875e+00
7.609399318695068359e+00
7.424670696258544922e+00
7.653443336486816406e+00
8.152353286743164062e+00
8.149431228637695312e+00
7.520817279815673828e+00
7.295001983642578125e+00
8.073064804077148438e+00
7.653665065765380859e+00
7.234274864196777344e+00
6.876527309417724609e+00
6.987539768218994141e+00
7.164604187011718750e+00
7.051169872283935547e+00
7.008853912353515625e+00
7.901285648345947266e+00
7.373375415802001953e+00
7.218733310699462891e+00
7.121589660644531250e+00
7.235962867736816406e+00
7.290368080139160156e+00
7.397761344909667969e+00
7.693043231964111328e+00
8.041713714599609375e+00
7.292770862579345703e+00
6.813257694244384766e+00
6.636596679687500000e+00
6.716654777526855469e+00
6.901166439056396484e+00
7.391999721527099609e+00
8.017189979553222656e+00
8.462098121643066406e+00
7.726568222045898438e+00
7.320863246917724609e+00
7.444840431213378906e+00
7.560719966888427734e+00
7.213364124298095703e+00
6.944813251495361328e+00
6.948694229125976562e+00
7.217107295989990234e+00
6.620605468750000000e+00
6.657773494720458984e+00
6.855365753173828125e+00
6.872686862945556641e+00
6.871822834014892578e+00
6.915333747863769531e+00
7.242974758148193359e+00
7.796205997467041016e+00
6.942589282989501953e+00
6.501029491424560547e+00
6.593252658843994141e+00
6.752454757690429688e+00
6.635884284973144531e+00
6.840773105621337891e+00
7.156592369079589844e+00
7.814220428466796875e+00
7.429451942443847656e+00
7.262642860412597656e+00
7.778700351715087891e+00
7.653920173645019531e+00
7.261797428131103516e+00
7.516621112823486328e+00
7.873030662536621094e+00
8.456013679504394531e+00
7.362660408020019531e+00
6.995248794555664062e+00
7.068222522735595703e+00
7.365746498107910156e+00
7.467138767242431641e+00
7.459684848785400391e+00
7.568816661834716797e+00
8.251397132873535156e+00
7.427850723266601562e+00
7.214040279388427734e+00
7.294019699096679688e+00
7.608743667602539062e+00
7.698570251464843750e+00
7.819023132324218750e+00
7.890990734100341797e+00
8.001586914062500000e+00
7.010042667388916016e+00
6.732735633850097656e+00
6.725027561187744141e+00
6.906708717346191406e+00
6.919605255126953125e+00
6.941863059997558594e+00
7.371560573577880859e+00
7.914149761199951172e+00
7.493391036987304688e+00
7.206164360046386719e+00
7.021232128143310547e+00
6.976100921630859375e+00
7.059013843536376953e+00
7.480720520019531250e+00
8.154786109924316406e+00
8.476258277893066406e+00
8.122362136840820312e+00
7.933433532714843750e+00
7.624383449554443359e+00
7.365678787231445312e+00
7.293616294860839844e+00
7.539869785308837891e+00
7.944481372833251953e+00
8.423648834228515625e+00
8.035291671752929688e+00
7.682938575744628906e+00
7.326219558715820312e+00
7.117381095886230469e+00
6.867207050323486328e+00
6.708518028259277344e+00
6.878097534179687500e+00
7.570297718048095703e+00
7.610976219177246094e+00
7.463475227355957031e+00
7.042838096618652344e+00
6.890443801879882812e+00
7.166184425354003906e+00
7.599281787872314453e+00
8.132784843444824219e+00
8.503969192504882812e+00
7.715681076049804688e+00
7.324490070343017578e+00
7.197052955627441406e+00
7.124484062194824219e+00
7.205440044403076172e+00
7.510203361511230469e+00
7.652539253234863281e+00
8.305497169494628906e+00
7.647966384887695312e+00
7.060823917388916016e+00
6.924509525299072266e+00
7.083748817443847656e+00
7.316579818725585938e+00
7.396633625030517578e+00
7.507956027984619141e+00
8.267884254455566406e+00
7.791221141815185547e+00
7.175297737121582031e+00
6.740667819976806641e+00
6.901415824890136719e+00
7.174555301666259766e+00
7.213137626647949219e+00
7.319974899291992188e+00
8.167468070983886719e+00
7.744134902954101562e+00
7.550304889678955078e+00
7.172973632812500000e+00
7.200694084167480469e+00
7.501659870147705078e+00
7.818673610687255859e+00
7.983551025390625000e+00
8.923018455505371094e+00
8.061974525451660156e+00
7.888967037200927734e+00
7.536396503448486328e+00
7.476087570190429688e+00
7.666691303253173828e+00
7.745967388153076172e+00
7.871551990509033203e+00
8.568362236022949219e+00
8.029340744018554688e+00
7.183096885681152344e+00
6.666675090789794922e+00
6.533278942108154297e+00
6.478565216064453125e+00
6.386999130249023438e+00
6.435550212860107422e+00
7.126355648040771484e+00
6.584289073944091797e+00
6.570421695709228516e+00
6.557554721832275391e+00
6.662021160125732422e+00
6.815817356109619141e+00
6.901213169097900391e+00
6.987266063690185547e+00
7.691135883331298828e+00
7.216074466705322266e+00
7.027732372283935547e+00
6.866482257843017578e+00
6.921943187713623047e+00
7.080574989318847656e+00
7.472461223602294922e+00
7.881515026092529297e+00
8.333260536193847656e+00
7.510855197906494141e+00
7.060628890991210938e+00
7.234899997711181641e+00
7.473913669586181641e+00
7.474689006805419922e+00
7.395488262176513672e+00
7.378077030181884766e+00
7.694045066833496094e+00
7.085045337677001953e+00
6.975553512573242188e+00
7.039762973785400391e+00
7.138697624206542969e+00
7.200017452239990234e+00
7.260879039764404297e+00
7.456945896148681641e+00
7.890966892242431641e+00
7.246356010437011719e+00
7.025043487548828125e+00
7.103884220123291016e+00
7.190267086029052734e+00
7.115957736968994141e+00
7.338023185729980469e+00
7.778863430023193359e+00
8.197629928588867188e+00
7.425398826599121094e+00
7.066973686218261719e+00
7.172696113586425781e+00
7.187341213226318359e+00
7.078681468963623047e+00
7.366840362548828125e+00
7.574493885040283203e+00
8.140461921691894531e+00
7.218235969543457031e+00
6.980940818786621094e+00
7.243426322937011719e+00
7.471445560455322266e+00
7.499388694763183594e+00
7.726714134216308594e+00
7.942122936248779297e+00
8.475934028625488281e+00
7.864112854003906250e+00
7.706668376922607422e+00
7.618120670318603516e+00
7.728416919708251953e+00
7.913074016571044922e+00
8.187867164611816406e+00
8.234034538269042969e+00
8.444346427917480469e+00
7.748035430908203125e+00
7.759768962860107422e+00
8.011030197143554688e+00
7.876199722290039062e+00
7.330367088317871094e+00
6.990764617919921875e+00
7.382107257843017578e+00
8.034006118774414062e+00
7.697151660919189453e+00
7.299568176269531250e+00
7.037145614624023438e+00
6.972926616668701172e+00
7.055333137512207031e+00
7.399887084960937500e+00
8.060029029846191406e+00
8.186597824096679688e+00
7.427803039550781250e+00
7.024654865264892578e+00
6.910225391387939453e+00
7.055110454559326172e+00
7.290727138519287109e+00
7.738026142120361328e+00
8.096804618835449219e+00
8.211369514465332031e+00
8.001822471618652344e+00
7.810278415679931641e+00
7.295608520507812500e+00
6.922712802886962891e+00
6.819571971893310547e+00
7.021563053131103516e+00
7.356176853179931641e+00
7.923635959625244141e+00
7.753467082977294922e+00
7.469399452209472656e+00
7.061447620391845703e+00
7.072214603424072266e+00
7.209589004516601562e+00
7.227348804473876953e+00
7.676162719726562500e+00
8.286038398742675781e+00
7.753015518188476562e+00
7.456500053405761719e+00
7.178893566131591797e+00
6.985467433929443359e+00
7.057904720306396484e+00
7.460721969604492188e+00
7.871931076049804688e+00
8.750255584716796875e+00
8.148364067077636719e+00
7.804419517517089844e+00
7.580957889556884766e+00
7.575089931488037109e+00
7.696053981781005859e+00
7.982304096221923828e+00
8.050762176513671875e+00
8.721900939941406250e+00
8.251802444458007812e+00
7.139057636260986328e+00
6.484042644500732422e+00
6.400873661041259766e+00
6.489819049835205078e+00
6.644208431243896484e+00
6.901268005371093750e+00
7.394792079925537109e+00
6.748162269592285156e+00
6.618198394775390625e+00
6.481015682220458984e+00
6.668919563293457031e+00
7.128631114959716797e+00
7.531583786010742188e+00
7.407883167266845703e+00
8.233415603637695312e+00
7.819459438323974609e+00
7.851529598236083984e+00
7.456398487091064453e+00
7.334094524383544922e+00
7.680971622467041016e+00
8.020939826965332031e+00
8.022223472595214844e+00
8.481063842773437500e+00
7.752167224884033203e+00
7.056057453155517578e+00
6.937674999237060547e+00
7.270660877227783203e+00
7.322815418243408203e+00
6.961003780364990234e+00
6.904187202453613281e+00
7.625301837921142578e+00
7.100597381591796875e+00
6.923595905303955078e+00
6.709581851959228516e+00
6.858541011810302734e+00
7.189785003662109375e+00
7.276131153106689453e+00
7.247834682464599609e+00
7.886758804321289062e+00
7.440534114837646484e+00
7.178195953369140625e+00
6.944534301757812500e+00
7.002209663391113281e+00
7.191437721252441406e+00
7.490401268005371094e+00
7.987245559692382812e+00
8.306493759155273438e+00
7.363148689270019531e+00
6.861361503601074219e+00
7.030979156494140625e+00
7.304471969604492188e+00
7.318519115447998047e+00
7.567292690277099609e+00
7.796873092651367188e+00
7.873812198638916016e+00
7.258598327636718750e+00
6.969222068786621094e+00
6.984762191772460938e+00
7.280896663665771484e+00
7.514528751373291016e+00
7.505328178405761719e+00
7.396709442138671875e+00
7.707452774047851562e+00
7.248692512512207031e+00
7.545895576477050781e+00
7.818858623504638672e+00
7.686340332031250000e+00
7.586484909057617188e+00
7.845949172973632812e+00
8.110630035400390625e+00
8.362957000732421875e+00
7.569388389587402344e+00
7.074587345123291016e+00
7.157918930053710938e+00
7.260067939758300781e+00
6.970237255096435547e+00
7.118364810943603516e+00
7.609504222869873047e+00
8.552438735961914062e+00
7.998092174530029297e+00
7.649559020996093750e+00
7.914113044738769531e+00
7.835905075073242188e+00
7.448726654052734375e+00
7.633543968200683594e+00
8.160955429077148438e+00
8.656411170959472656e+00
7.342901229858398438e+00
6.923811435699462891e+00
7.035270690917968750e+00
7.688076019287109375e+00
8.167460441589355469e+00
8.030391693115234375e+00
7.641033649444580078e+00
7.998832225799560547e+00
7.038336753845214844e+00
7.201598644256591797e+00
7.540163993835449219e+00
7.726662158966064453e+00
7.516929149627685547e+00
7.484864234924316406e+00
7.683223247528076172e+00
8.134367942810058594e+00
7.568138122558593750e+00
7.163732528686523438e+00
6.916119098663330078e+00
7.091592311859130859e+00
7.183851242065429688e+00
7.221608638763427734e+00
7.750088214874267578e+00
8.144621849060058594e+00
7.637704372406005859e+00
7.399269104003906250e+00
7.153784275054931641e+00
7.007805347442626953e+00
7.105605602264404297e+00
7.450802326202392578e+00
7.989215850830078125e+00
8.360743522644042969e+00
8.098183631896972656e+00
7.715157985687255859e+00
7.198117733001708984e+00
6.972035884857177734e+00
7.023361206054687500e+00
7.350095272064208984e+00
7.515623092651367188e+00
7.830456256866455078e+00
7.378444671630859375e+00
7.064158916473388672e+00
6.848464012145996094e+00
6.928819656372070312e+00
6.922221660614013672e+00
6.851233959197998047e+00
7.101860046386718750e+00
7.705208301544189453e+00
7.079260826110839844e+00
6.843326568603515625e+00
6.646173000335693359e+00
6.640646457672119141e+00
6.909459114074707031e+00
7.428719997406005859e+00
7.901310920715332031e+00
8.553097724914550781e+00
7.741630554199218750e+00
7.301322460174560547e+00
7.212232589721679688e+00
7.236786842346191406e+00
7.378016948699951172e+00
7.593804359436035156e+00
7.440721988677978516e+00
8.017949104309082031e+00
7.655095577239990234e+00
6.922837257385253906e+00
6.481331348419189453e+00
6.491639137268066406e+00
6.697676181793212891e+00
6.854521751403808594e+00
7.059971809387207031e+00
7.668038368225097656e+00
7.300592422485351562e+00
7.071441650390625000e+00
6.754433631896972656e+00
6.889437675476074219e+00
7.401783943176269531e+00
7.750723361968994141e+00
7.658927440643310547e+00
8.221772193908691406e+00
8.018209457397460938e+00
7.972882270812988281e+00
7.440793514251708984e+00
7.394453525543212891e+00
7.786486625671386719e+00
8.220465660095214844e+00
8.494839668273925781e+00
8.860137939453125000e+00
7.719904422760009766e+00
7.329851150512695312e+00
7.397160530090332031e+00
7.612273693084716797e+00
7.595308303833007812e+00
7.379398822784423828e+00
7.502187252044677734e+00
8.257737159729003906e+00
7.770273208618164062e+00
7.028617858886718750e+00
6.677843093872070312e+00
7.031654834747314453e+00
7.443117618560791016e+00
7.403944015502929688e+00
7.285831928253173828e+00
7.921740531921386719e+00
7.476872920989990234e+00
7.362452507019042969e+00
7.235512733459472656e+00
7.229445934295654297e+00
7.413472652435302734e+00
7.584949016571044922e+00
7.631439208984375000e+00
8.030229568481445312e+00
7.626235961914062500e+00
7.476710319519042969e+00
7.282043457031250000e+00
7.332047939300537109e+00
7.441690921783447266e+00
7.813422203063964844e+00
8.203189849853515625e+00
8.667492866516113281e+00
8.017547607421875000e+00
7.548313617706298828e+00
7.635053634643554688e+00
7.773811817169189453e+00
7.573110103607177734e+00
7.346414566040039062e+00
7.378846645355224609e+00
7.553780078887939453e+00
6.971452713012695312e+00
7.080760955810546875e+00
7.285827159881591797e+00
7.411930561065673828e+00
7.517764091491699219e+00
7.467185020446777344e+00
7.445146083831787109e+00
7.733816623687744141e+00
7.109016895294189453e+00
6.921932697296142578e+00
7.136067867279052734e+00
7.262460708618164062e+00
7.030195713043212891e+00
7.209937095642089844e+00
7.706002235412597656e+00
8.296305656433105469e+00
7.704431056976318359e+00
7.327667236328125000e+00
7.782328128814697266e+00
7.873224735260009766e+00
7.539182186126708984e+00
7.654144763946533203e+00
7.951011657714843750e+00
8.735265731811523438e+00
7.675995826721191406e+00
7.379614353179931641e+00
7.281569480895996094e+00
7.568669795989990234e+00
7.913537025451660156e+00
7.889870643615722656e+00
7.715226650238037109e+00
8.377402305603027344e+00
7.485262870788574219e+00
7.187226772308349609e+00
7.128341674804687500e+00
7.315441131591796875e+00
7.480200290679931641e+00
7.552802562713623047e+00
7.630521297454833984e+00
7.841328144073486328e+00
6.985013008117675781e+00
6.794102191925048828e+00
6.821248531341552734e+00
7.061511039733886719e+00
7.027827262878417969e+00
6.947230339050292969e+00
7.187799930572509766e+00
7.724129199981689453e+00
7.380217075347900391e+00
7.059216499328613281e+00
6.818263530731201172e+00
6.576336383819580078e+00
6.491402149200439453e+00
6.845539093017578125e+00
7.568982124328613281e+00
8.107506752014160156e+00
7.617438316345214844e+00
7.190337181091308594e+00
6.802469730377197266e+00
6.718995094299316406e+00
6.809223175048828125e+00
7.068735599517822266e+00
7.260409832000732422e+00
7.508995056152343750e+00
7.232078075408935547e+00
7.001547336578369141e+00
6.717679500579833984e+00
6.695807456970214844e+00
6.625775814056396484e+00
6.693644523620605469e+00
7.038218021392822266e+00
7.714443206787109375e+00
7.549772262573242188e+00
7.342031002044677734e+00
6.994795322418212891e+00
6.958460807800292969e+00
7.245346069335937500e+00
7.670857429504394531e+00
8.130571365356445312e+00
8.671748161315917969e+00
8.160469055175781250e+00
7.719288349151611328e+00
7.507892131805419922e+00
7.384128093719482422e+00
7.309699535369873047e+00
7.567451477050781250e+00
7.836417675018310547e+00
8.380864143371582031e+00
7.677834033966064453e+00
7.151684761047363281e+00
6.994767665863037109e+00
7.064332485198974609e+00
7.246671199798583984e+00
7.433104991912841797e+00
7.758550167083740234e+00
8.573744773864746094e+00
8.168594360351562500e+00
7.219103336334228516e+00
6.751902580261230469e+00
6.911262035369873047e+00
7.192252635955810547e+00
7.444507122039794922e+00
7.752017498016357422e+00
8.427828788757324219e+00
7.851873874664306641e+00
7.445358753204345703e+00
6.992349147796630859e+00
7.106613636016845703e+00
7.733731269836425781e+00
8.270965576171875000e+00
8.136245727539062500e+00
8.727814674377441406e+00
8.581265449523925781e+00
8.865721702575683594e+00
8.239185333251953125e+00
7.981160163879394531e+00
8.169328689575195312e+00
8.340729713439941406e+00
8.287881851196289062e+00
8.645479202270507812e+00
7.946142673492431641e+00
7.330771446228027344e+00
7.212625980377197266e+00
7.485805511474609375e+00
7.581887245178222656e+00
7.355532169342041016e+00
7.268616199493408203e+00
7.560264587402343750e+00
6.983634948730468750e+00
6.989238739013671875e+00
6.833039283752441406e+00
7.027774333953857422e+00
7.358421802520751953e+00
7.317885398864746094e+00
7.245599746704101562e+00
8.028450965881347656e+00
7.454658031463623047e+00
7.227101325988769531e+00
7.093819141387939453e+00
7.173824310302734375e+00
7.253707885742187500e+00
7.543149948120117188e+00
8.087308883666992188e+00
8.559521675109863281e+00
7.521774291992187500e+00
6.981681346893310547e+00
7.157533168792724609e+00
7.455030441284179688e+00
7.491264343261718750e+00
7.576924800872802734e+00
7.689067840576171875e+00
8.072138786315917969e+00
7.473006248474121094e+00
7.285032272338867188e+00
7.297005653381347656e+00
7.535400867462158203e+00
7.666025161743164062e+00
7.573114871978759766e+00
7.589996337890625000e+00
7.958815097808837891e+00
7.271972656250000000e+00
7.048002719879150391e+00
7.099052429199218750e+00
7.135204792022705078e+00
7.124108314514160156e+00
7.385844707489013672e+00
7.869550704956054688e+00
8.213952064514160156e+00
7.430589199066162109e+00
7.008009910583496094e+00
7.005751132965087891e+00
6.996903896331787109e+00
6.864605426788330078e+00
7.008831501007080078e+00
7.331499576568603516e+00
8.181783676147460938e+00
7.382402420043945312e+00
7.151917934417724609e+00
7.748923778533935547e+00
7.742417335510253906e+00
7.235035419464111328e+00
7.296677589416503906e+00
7.670467853546142578e+00
8.345808982849121094e+00
7.484066009521484375e+00
7.053339958190917969e+00
6.923805713653564453e+00
7.073768615722656250e+00
7.259497165679931641e+00
7.365926742553710938e+00
7.309984683990478516e+00
7.457073688507080078e+00
6.651835441589355469e+00
6.611454963684082031e+00
6.930544376373291016e+00
7.195835590362548828e+00
7.084716796875000000e+00
7.169903755187988281e+00
7.591752052307128906e+00
8.066614151000976562e+00
7.620249748229980469e+00
7.203242778778076172e+00
6.863402843475341797e+00
6.817302227020263672e+00
6.749735355377197266e+00
6.940664768218994141e+00
7.581002235412597656e+00
8.013895988464355469e+00
7.723460197448730469e+00
7.504615783691406250e+00
7.348886013031005859e+00
7.123384475708007812e+00
6.986950397491455078e+00
7.184888839721679688e+00
7.427315235137939453e+00
7.580001354217529297e+00
7.250941276550292969e+00
6.964824199676513672e+00
6.632863521575927734e+00
6.548213481903076172e+00
6.554887294769287109e+00
6.929816246032714844e+00
7.428861618041992188e+00
8.070540428161621094e+00
7.916081428527832031e+00
7.642458438873291016e+00
7.405053615570068359e+00
7.656293392181396484e+00
7.739312171936035156e+00
7.603127479553222656e+00
7.950683593750000000e+00
8.409495353698730469e+00
7.762761116027832031e+00
7.374636650085449219e+00
6.993854522705078125e+00
6.898028373718261719e+00
7.171219825744628906e+00
7.749923706054687500e+00
8.189082145690917969e+00
8.845411300659179688e+00
8.195468902587890625e+00
7.864579677581787109e+00
7.778950214385986328e+00
7.786287784576416016e+00
7.905919075012207031e+00
8.291832923889160156e+00
8.301414489746093750e+00
8.597387313842773438e+00
8.007716178894042969e+00
7.311232566833496094e+00
6.846209049224853516e+00
6.854343891143798828e+00
7.089884281158447266e+00
7.302842140197753906e+00
7.466224193572998047e+00
7.760057926177978516e+00
7.204862594604492188e+00
7.115901947021484375e+00
6.899811744689941406e+00
7.066786766052246094e+00
7.519040584564208984e+00
7.820324897766113281e+00
7.837841987609863281e+00
8.654556274414062500e+00
8.120297431945800781e+00
7.955124378204345703e+00
7.524187088012695312e+00
7.393859386444091797e+00
7.680868148803710938e+00
8.097563743591308594e+00
8.383446693420410156e+00
9.021739006042480469e+00
7.939282894134521484e+00
7.320940017700195312e+00
7.260552883148193359e+00
7.674244880676269531e+00
7.877569675445556641e+00
7.514577865600585938e+00
7.416088104248046875e+00
8.088436126708984375e+00
7.702137470245361328e+00
7.291341781616210938e+00
6.930011749267578125e+00
6.940190792083740234e+00
7.160849571228027344e+00
7.194284915924072266e+00
7.164860725402832031e+00
8.097485542297363281e+00
7.600795745849609375e+00
7.322759628295898438e+00
7.077321052551269531e+00
7.209784984588623047e+00
7.377768516540527344e+00
7.535212993621826172e+00
7.840607166290283203e+00
8.157266616821289062e+00
7.224377632141113281e+00
6.691568851470947266e+00
6.599355697631835938e+00
6.694392204284667969e+00
6.797541141510009766e+00
7.182341575622558594e+00
7.665090560913085938e+00
8.252853393554687500e+00
7.649344921112060547e+00
7.154967784881591797e+00
6.945714473724365234e+00
6.984611511230468750e+00
6.960894107818603516e+00
6.797660350799560547e+00
6.817597866058349609e+00
7.507715225219726562e+00
6.980996131896972656e+00
7.085448265075683594e+00
7.244113922119140625e+00
7.130763053894042969e+00
7.036772251129150391e+00
7.123262882232666016e+00
7.309350967407226562e+00
7.598728179931640625e+00
6.845555782318115234e+00
6.422806739807128906e+00
6.584692001342773438e+00
6.913172721862792969e+00
6.818069458007812500e+00
7.033592700958251953e+00
7.350971221923828125e+00
7.977063179016113281e+00
7.395184040069580078e+00
7.204754829406738281e+00
7.441130638122558594e+00
7.353685855865478516e+00
7.020309448242187500e+00
7.221486091613769531e+00
7.692246913909912109e+00
8.304780960083007812e+00
7.644272804260253906e+00
7.398030281066894531e+00
7.360536575317382812e+00
7.551246643066406250e+00
7.740983009338378906e+00
7.668914794921875000e+00
7.561524868011474609e+00
7.793816089630126953e+00
6.833738327026367188e+00
6.745152950286865234e+00
6.877601623535156250e+00
7.174795627593994141e+00
7.237827301025390625e+00
7.405207157135009766e+00
7.631297588348388672e+00
7.905592918395996094e+00
7.314439773559570312e+00
7.009898185729980469e+00
6.908031463623046875e+00
7.063685417175292969e+00
6.933177947998046875e+00
6.798274040222167969e+00
7.308925628662109375e+00
7.944301128387451172e+00
7.648192405700683594e+00
7.542485237121582031e+00
7.148609161376953125e+00
6.965629577636718750e+00
6.853999137878417969e+00
7.205252647399902344e+00
7.941943168640136719e+00
8.362640380859375000e+00
7.863683700561523438e+00
7.592195034027099609e+00
7.297919750213623047e+00
7.217874526977539062e+00
7.329968929290771484e+00
7.672701835632324219e+00
7.756240367889404297e+00
8.144970893859863281e+00
7.761444568634033203e+00
7.477062225341796875e+00
7.201716423034667969e+00
7.326330661773681641e+00
7.301276683807373047e+00
7.200269699096679688e+00
7.491632461547851562e+00
8.105040550231933594e+00
7.539757728576660156e+00
7.325235843658447266e+00
7.236701488494873047e+00
7.305899143218994141e+00
7.643766403198242188e+00
8.222047805786132812e+00
8.718214035034179688e+00
9.155514717102050781e+00
8.149136543273925781e+00
7.471457481384277344e+00
7.155029296875000000e+00
7.046661376953125000e+00
7.227635860443115234e+00
7.639800548553466797e+00
7.782319545745849609e+00
8.334607124328613281e+00
7.954352378845214844e+00
7.319449901580810547e+00
6.905659675598144531e+00
6.912031650543212891e+00
7.202183246612548828e+00
7.551523208618164062e+00
7.888812065124511719e+00
8.376684188842773438e+00
7.949934959411621094e+00
7.272655487060546875e+00
6.849673271179199219e+00
6.950884342193603516e+00
7.226370811462402344e+00
7.387901782989501953e+00
7.453102111816406250e+00
8.235160827636718750e+00
7.932740211486816406e+00
7.810091018676757812e+00
7.307144165039062500e+00
7.289747714996337891e+00
7.574316978454589844e+00
7.866668224334716797e+00
8.117890357971191406e+00
8.593929290771484375e+00
7.655987739562988281e+00
7.355767250061035156e+00
7.248641967773437500e+00
7.326258182525634766e+00
7.412581920623779297e+00
7.295058727264404297e+00
7.362955093383789062e+00
8.027298927307128906e+00
7.520634651184082031e+00
6.912539958953857422e+00
6.532225608825683594e+00
6.647369384765625000e+00
6.821730613708496094e+00
6.686286449432373047e+00
6.664266586303710938e+00
7.796497344970703125e+00
7.363743782043457031e+00
7.206223011016845703e+00
6.873884677886962891e+00
6.689600467681884766e+00
6.797483444213867188e+00
7.007800102233886719e+00
7.252686023712158203e+00
7.657318592071533203e+00
7.028398036956787109e+00
6.797428131103515625e+00
6.866661071777343750e+00
7.054533004760742188e+00
7.071193695068359375e+00
7.323504447937011719e+00
7.605731964111328125e+00
7.927265644073486328e+00
7.274461746215820312e+00
6.932818889617919922e+00
6.963952541351318359e+00
7.053456783294677734e+00
7.029012680053710938e+00
7.056920051574707031e+00
7.235366344451904297e+00
7.606950283050537109e+00
7.193622112274169922e+00
7.163623809814453125e+00
7.277745723724365234e+00
7.311251640319824219e+00
7.346347808837890625e+00
7.330239772796630859e+00
7.409049510955810547e+00
7.611256122589111328e+00
6.984663963317871094e+00
6.759280681610107422e+00
6.839042186737060547e+00
7.137427806854248047e+00
7.043794631958007812e+00
7.204205036163330078e+00
7.515675544738769531e+00
7.753782749176025391e+00
7.143701553344726562e+00
7.013938426971435547e+00
7.255325317382812500e+00
7.147619724273681641e+00
6.770071029663085938e+00
6.894577980041503906e+00
7.305368423461914062e+00
7.969133377075195312e+00
7.483999729156494141e+00
7.167946338653564453e+00
6.992618560791015625e+00
7.041574954986572266e+00
7.097374916076660156e+00
7.383803844451904297e+00
7.860999107360839844e+00
8.389039993286132812e+00
7.429218292236328125e+00
7.132691860198974609e+00
7.202649593353271484e+00
7.577825546264648438e+00
7.772869110107421875e+00
7.872057914733886719e+00
7.939284801483154297e+00
8.410708427429199219e+00
7.399819850921630859e+00
7.315883636474609375e+00
7.444957733154296875e+00
7.683437824249267578e+00
7.502813816070556641e+00
7.271520614624023438e+00
7.692867279052734375e+00
8.165321350097656250e+00
7.579446315765380859e+00
7.129100322723388672e+00
6.975079059600830078e+00
6.880747795104980469e+00
6.910285472869873047e+00
7.338823795318603516e+00
8.048842430114746094e+00
8.370878219604492188e+00
7.643246650695800781e+00
7.179365634918212891e+00
6.889082908630371094e+00
6.893435478210449219e+00
7.058927059173583984e+00
7.477654933929443359e+00
7.794810771942138672e+00
8.159843444824218750e+00
7.872332572937011719e+00
7.598136425018310547e+00
7.118356704711914062e+00
7.057693481445312500e+00
7.073406696319580078e+00
7.341058731079101562e+00
7.719179630279541016e+00
8.110340118408203125e+00
7.764610290527343750e+00
7.435918331146240234e+00
7.217827796936035156e+00
7.290069580078125000e+00
7.484884738922119141e+00
7.795134067535400391e+00
8.356001853942871094e+00
8.954464912414550781e+00
8.189291954040527344e+00
7.659164905548095703e+00
7.267668247222900391e+00
7.091099262237548828e+00
7.118816375732421875e+00
7.464305400848388672e+00
7.856480121612548828e+00
8.289257049560546875e+00
7.672952175140380859e+00
7.257646560668945312e+00
7.059866905212402344e+00
7.148576736450195312e+00
7.381096839904785156e+00
7.630010128021240234e+00
7.714659214019775391e+00
8.211682319641113281e+00
7.640193462371826172e+00
6.919656753540039062e+00
6.382401943206787109e+00
6.324784278869628906e+00
6.541234970092773438e+00
6.712805747985839844e+00
6.962824821472167969e+00
7.849172592163085938e+00
7.288123607635498047e+00
6.921257019042968750e+00
6.527802467346191406e+00
6.449400424957275391e+00
6.800055503845214844e+00
7.372919082641601562e+00
7.569768905639648438e+00
8.091993331909179688e+00
7.649049758911132812e+00
7.653442859649658203e+00
7.601368904113769531e+00
7.713118076324462891e+00
7.779528617858886719e+00
7.648497581481933594e+00
7.514357566833496094e+00
7.980826854705810547e+00
7.374528408050537109e+00
6.942685604095458984e+00
6.763719081878662109e+00
6.963069915771484375e+00
7.117306232452392578e+00
7.071324348449707031e+00
7.146236896514892578e+00
7.854778766632080078e+00
7.455143928527832031e+00
7.185515403747558594e+00
6.833641052246093750e+00
6.772797107696533203e+00
7.091688632965087891e+00
7.256651878356933594e+00
7.193032741546630859e+00
7.699165821075439453e+00
7.081147670745849609e+00
6.728687286376953125e+00
6.721381664276123047e+00
6.886012554168701172e+00
6.791009902954101562e+00
6.999194622039794922e+00
7.423113346099853516e+00
7.632369518280029297e+00
6.900530338287353516e+00
6.664936065673828125e+00
6.807829380035400391e+00
7.071062564849853516e+00
6.949027061462402344e+00
6.936086654663085938e+00
7.239777565002441406e+00
7.954948902130126953e+00
7.569768905639648438e+00
7.338887691497802734e+00
7.124372482299804688e+00
7.050973892211914062e+00
7.206679344177246094e+00
7.386498928070068359e+00
7.463488578796386719e+00
7.784193515777587891e+00
7.146366596221923828e+00
7.116425991058349609e+00
7.432664394378662109e+00
7.576939105987548828e+00
7.450696468353271484e+00
7.608295917510986328e+00
8.081718444824218750e+00
8.415642738342285156e+00
7.523389816284179688e+00
7.086552619934082031e+00
7.231618404388427734e+00
7.388525962829589844e+00
7.154094219207763672e+00
7.324511051177978516e+00
7.777967929840087891e+00
8.680658340454101562e+00
7.694642066955566406e+00
7.100158691406250000e+00
7.132951736450195312e+00
7.254048824310302734e+00
7.202286243438720703e+00
7.315390586853027344e+00
7.723558902740478516e+00
8.453753471374511719e+00
7.255899906158447266e+00
6.934572696685791016e+00
6.906984329223632812e+00
7.197497844696044922e+00
7.454002380371093750e+00
7.509040355682373047e+00
7.475769519805908203e+00
7.908345222473144531e+00
7.075716495513916016e+00
6.898639678955078125e+00
7.073729038238525391e+00
7.385402202606201172e+00
7.296355724334716797e+00
7.408960342407226562e+00
7.878779888153076172e+00
8.216926574707031250e+00
7.533739089965820312e+00
7.021949291229248047e+00
6.797248840332031250e+00
6.906121253967285156e+00
6.918866634368896484e+00
7.074717044830322266e+00
7.765460014343261719e+00
8.270732879638671875e+00
7.727058410644531250e+00
7.331482410430908203e+00
7.073665618896484375e+00
6.922130584716796875e+00
6.823768615722656250e+00
7.037932395935058594e+00
7.368022441864013672e+00
7.742127418518066406e+00
7.437473297119140625e+00
7.081975936889648438e+00
6.756803512573242188e+00
6.697535037994384766e+00
6.808969497680664062e+00
7.290965557098388672e+00
7.628163814544677734e+00
7.897514343261718750e+00
7.364243984222412109e+00
6.995925903320312500e+00
6.688633441925048828e+00
6.708319187164306641e+00
6.798669815063476562e+00
6.872455596923828125e+00
7.359275817871093750e+00
8.150355339050292969e+00
7.580579280853271484e+00
7.092320919036865234e+00
6.709671497344970703e+00
6.441708087921142578e+00
6.566767692565917969e+00
7.098886966705322266e+00
7.611558437347412109e+00
8.244938850402832031e+00
7.604067325592041016e+00
7.247974872589111328e+00
7.220223903656005859e+00
7.344635963439941406e+00
7.524219036102294922e+00
7.679275989532470703e+00
7.602812767028808594e+00
7.960087299346923828e+00
7.273134708404541016e+00
6.820652484893798828e+00
6.371063709259033203e+00
6.369771003723144531e+00
6.698339939117431641e+00
7.038612365722656250e+00
7.383210182189941406e+00
7.933855056762695312e+00
7.572980880737304688e+00
7.254678726196289062e+00
6.906065940856933594e+00
6.887652873992919922e+00
7.325232028961181641e+00
7.691283226013183594e+00
7.794354915618896484e+00
8.370646476745605469e+00
7.827314853668212891e+00
7.474974632263183594e+00
7.273297786712646484e+00
7.254769802093505859e+00
7.208024501800537109e+00
7.305069923400878906e+00
7.489048480987548828e+00
8.044540405273437500e+00
7.237597465515136719e+00
6.899105072021484375e+00
7.035210609436035156e+00
7.431683063507080078e+00
7.402618885040283203e+00
7.147621631622314453e+00
7.434499263763427734e+00
8.482680320739746094e+00
8.123374938964843750e+00
7.478644371032714844e+00
6.851328849792480469e+00
6.867427825927734375e+00
7.066522121429443359e+00
7.117543697357177734e+00
7.139721393585205078e+00
7.935782432556152344e+00
7.411847591400146484e+00
7.341413497924804688e+00
7.127394199371337891e+00
7.139940261840820312e+00
7.249410152435302734e+00
7.494915008544921875e+00
7.892117977142333984e+00
8.175495147705078125e+00
7.451057434082031250e+00
7.072525024414062500e+00
7.088275432586669922e+00
7.313371181488037109e+00
7.277912616729736328e+00
7.371955871582031250e+00
7.660019874572753906e+00
8.443099021911621094e+00
7.705624580383300781e+00
7.204901695251464844e+00
7.058351516723632812e+00
7.224606037139892578e+00
7.414959430694580078e+00
7.351621627807617188e+00
7.205907344818115234e+00
7.706832885742187500e+00
7.098340511322021484e+00
7.195832729339599609e+00
7.381649017333984375e+00
7.335737228393554688e+00
7.267991065979003906e+00
7.454095840454101562e+00
7.874230861663818359e+00
8.294543266296386719e+00
7.550606727600097656e+00
6.909178733825683594e+00
6.933946132659912109e+00
7.268134593963623047e+00
7.217565536499023438e+00
7.503096580505371094e+00
7.862936496734619141e+00
8.298044204711914062e+00
7.650851249694824219e+00
7.107516288757324219e+00
6.927323818206787109e+00
7.026648521423339844e+00
7.075680255889892578e+00
7.299453258514404297e+00
7.806765556335449219e+00
8.451222419738769531e+00
7.319138526916503906e+00
7.019606590270996094e+00
6.999554157257080078e+00
7.234456062316894531e+00
7.353316307067871094e+00
7.424649238586425781e+00
7.581262588500976562e+00
8.390604019165039062e+00
7.117494583129882812e+00
6.865733146667480469e+00
6.897718429565429688e+00
7.198047637939453125e+00
7.368531227111816406e+00
7.645987033843994141e+00
7.902106761932373047e+00
8.105199813842773438e+00
7.057589054107666016e+00
6.763371944427490234e+00
6.773549556732177734e+00
6.965405464172363281e+00
6.861585140228271484e+00
6.837440013885498047e+00
7.336353778839111328e+00
7.970871448516845703e+00
7.547997951507568359e+00
7.181306838989257812e+00
6.917660713195800781e+00
6.689686775207519531e+00
6.516250610351562500e+00
6.762004852294921875e+00
7.357782840728759766e+00
7.791882038116455078e+00
7.368641376495361328e+00
7.024158477783203125e+00
6.757658481597900391e+00
6.743699073791503906e+00
6.954329490661621094e+00
7.458677291870117188e+00
7.765734672546386719e+00
7.924245357513427734e+00
7.376818656921386719e+00
6.918573856353759766e+00
6.518187046051025391e+00
6.541932106018066406e+00
6.556140899658203125e+00
6.686826229095458984e+00
7.146891593933105469e+00
7.813944339752197266e+00
7.631026744842529297e+00
7.394231319427490234e+00
7.093654155731201172e+00
6.990702629089355469e+00
7.221501827239990234e+00
7.701403141021728516e+00
8.313829421997070312e+00
8.802996635437011719e+00
8.012868881225585938e+00
7.432304382324218750e+00
7.138045310974121094e+00
7.047216892242431641e+00
7.100058078765869141e+00
7.332744121551513672e+00
7.603838920593261719e+00
8.165431976318359375e+00
7.718575000762939453e+00
7.139977455139160156e+00
6.794305801391601562e+00
6.853681087493896484e+00
7.127423286437988281e+00
7.495137691497802734e+00
7.943780899047851562e+00
8.675939559936523438e+00
8.249383926391601562e+00
7.472248077392578125e+00
6.904002189636230469e+00
6.917500972747802734e+00
6.953253746032714844e+00
7.257090568542480469e+00
7.578004837036132812e+00
8.363471984863281250e+00
8.009535789489746094e+00
7.958213329315185547e+00
7.351124286651611328e+00
7.180715560913085938e+00
7.478166580200195312e+00
7.908985137939453125e+00
8.125866889953613281e+00
8.322139739990234375e+00
7.720946788787841797e+00
7.819216251373291016e+00
7.964660644531250000e+00
8.345821380615234375e+00
8.400269508361816406e+00
8.012722969055175781e+00
7.946322441101074219e+00
8.528875350952148438e+00
8.311795234680175781e+00
7.448376178741455078e+00
6.839637756347656250e+00
7.034321308135986328e+00
7.224514484405517578e+00
7.016447544097900391e+00
6.890462398529052734e+00
8.235136032104492188e+00
7.669565677642822266e+00
7.508359909057617188e+00
7.097443580627441406e+00
6.872621536254882812e+00
6.962595939636230469e+00
7.198106288909912109e+00
7.523218631744384766e+00
8.172659873962402344e+00
7.539203643798828125e+00
7.248045921325683594e+00
7.283291339874267578e+00
7.518066406250000000e+00
7.531109809875488281e+00
7.614649295806884766e+00
7.855686664581298828e+00
8.189496994018554688e+00
7.543932914733886719e+00
7.069664955139160156e+00
7.062709331512451172e+00
7.169133186340332031e+00
7.191936016082763672e+00
7.253804206848144531e+00
7.408686161041259766e+00
7.699322700500488281e+00
7.192486286163330078e+00
7.073685169219970703e+00
7.120235919952392578e+00
7.150627613067626953e+00
7.245710372924804688e+00
7.367509841918945312e+00
7.558496475219726562e+00
7.960371017456054688e+00
7.281771183013916016e+00
6.943024158477783203e+00
6.914721965789794922e+00
7.121774196624755859e+00
7.192523956298828125e+00
7.419706821441650391e+00
7.770154476165771484e+00
7.938404560089111328e+00
7.127791404724121094e+00
6.835470199584960938e+00
6.982800960540771484e+00
6.909530162811279297e+00
6.680017948150634766e+00
6.875192165374755859e+00
7.160990715026855469e+00
7.915577411651611328e+00
7.255781173706054688e+00
6.828734874725341797e+00
6.855879783630371094e+00
7.030773162841796875e+00
6.995513439178466797e+00
7.054706096649169922e+00
7.367429256439208984e+00
7.972221851348876953e+00
7.176206588745117188e+00
6.866386413574218750e+00
6.857163906097412109e+00
7.126605987548828125e+00
7.400569915771484375e+00
7.837050437927246094e+00
8.107987403869628906e+00
8.377910614013671875e+00
7.402301788330078125e+00
6.970432281494140625e+00
6.824986457824707031e+00
6.903902053833007812e+00
6.824968814849853516e+00
6.916724681854248047e+00
7.424475193023681641e+00
8.030951499938964844e+00
7.729139804840087891e+00
7.258409500122070312e+00
6.919772148132324219e+00
6.838642120361328125e+00
6.928059101104736328e+00
7.270356655120849609e+00
7.815953254699707031e+00
8.048871040344238281e+00
7.363597869873046875e+00
6.856842041015625000e+00
6.642586231231689453e+00
6.731132507324218750e+00
6.880347251892089844e+00
7.256470680236816406e+00
7.650523662567138672e+00
7.872394084930419922e+00
7.558504104614257812e+00
7.424917221069335938e+00
6.984688282012939453e+00
6.809412479400634766e+00
6.875509262084960938e+00
7.296810626983642578e+00
7.790153980255126953e+00
8.217078208923339844e+00
7.930206775665283203e+00
7.577476501464843750e+00
7.178437232971191406e+00
7.092037200927734375e+00
7.270483970642089844e+00
7.466514587402343750e+00
8.046532630920410156e+00
8.710775375366210938e+00
8.035715103149414062e+00
7.743965625762939453e+00
7.302227973937988281e+00
6.926674365997314453e+00
6.955785751342773438e+00
7.403303146362304688e+00
7.820699214935302734e+00
8.379961967468261719e+00
7.745493888854980469e+00
7.674965858459472656e+00
7.780628204345703125e+00
8.062086105346679688e+00
8.301521301269531250e+00
8.400571823120117188e+00
8.354556083679199219e+00
8.984598159790039062e+00
8.554302215576171875e+00
7.499995708465576172e+00
6.659624576568603516e+00
6.520626068115234375e+00
6.683611869812011719e+00
6.876947879791259766e+00
7.243982791900634766e+00
8.206237792968750000e+00
7.492193222045898438e+00
7.171067237854003906e+00
6.783583641052246094e+00
6.747442722320556641e+00
7.133119583129882812e+00
7.659750938415527344e+00
7.811151504516601562e+00
8.597957611083984375e+00
8.113481521606445312e+00
8.202118873596191406e+00
8.278765678405761719e+00
8.454273223876953125e+00
8.458411216735839844e+00
8.244081497192382812e+00
8.096500396728515625e+00
8.608292579650878906e+00
7.973379135131835938e+00
7.318411827087402344e+00
6.982764244079589844e+00
7.081508159637451172e+00
7.134015083312988281e+00
6.968070030212402344e+00
6.959123134613037109e+00
8.021712303161621094e+00
7.569072723388671875e+00
7.226870059967041016e+00
6.676391124725341797e+00
6.717466354370117188e+00
7.031078338623046875e+00
7.034473896026611328e+00
7.035809993743896484e+00
7.699348449707031250e+00
7.243512153625488281e+00
6.899543285369873047e+00
6.673367500305175781e+00
6.881004810333251953e+00
7.116494178771972656e+00
7.351414680480957031e+00
7.699346542358398438e+00
7.957415580749511719e+00
7.145788192749023438e+00
6.841318607330322266e+00
6.834905147552490234e+00
6.881673812866210938e+00
6.827672004699707031e+00
6.989485263824462891e+00
7.322332382202148438e+00
7.716865062713623047e+00
7.102413654327392578e+00
6.895010948181152344e+00
6.961618900299072266e+00
7.065394878387451172e+00
7.101728439331054688e+00
7.045434951782226562e+00
7.045627593994140625e+00
7.470312595367431641e+00
6.920337200164794922e+00
6.880498886108398438e+00
7.001547813415527344e+00
7.123041629791259766e+00
7.216589927673339844e+00
7.552861690521240234e+00
7.927960395812988281e+00
8.211682319641113281e+00
7.395386219024658203e+00
6.917058944702148438e+00
6.903902530670166016e+00
6.998662948608398438e+00
6.863351345062255859e+00
7.077687263488769531e+00
7.522930145263671875e+00
8.344492912292480469e+00
7.952354431152343750e+00
7.453326702117919922e+00
7.323211193084716797e+00
7.367606163024902344e+00
7.356307983398437500e+00
7.528219699859619141e+00
7.923270225524902344e+00
8.455256462097167969e+00
7.202853679656982422e+00
6.819973468780517578e+00
6.780377388000488281e+00
7.170253276824951172e+00
7.534113407135009766e+00
7.671571731567382812e+00
7.868230819702148438e+00
8.353315353393554688e+00
7.161179065704345703e+00
6.845507621765136719e+00
6.925941467285156250e+00
7.190367698669433594e+00
7.145859241485595703e+00
7.284178733825683594e+00
7.693693161010742188e+00
8.170410156250000000e+00
7.694399356842041016e+00
7.221968173980712891e+00
6.905987262725830078e+00
7.110215663909912109e+00
7.218553066253662109e+00
7.153704643249511719e+00
7.666334629058837891e+00
8.110581398010253906e+00
7.670354366302490234e+00
7.407299041748046875e+00
7.066763401031494141e+00
6.825428485870361328e+00
6.832810401916503906e+00
7.211583137512207031e+00
7.811563968658447266e+00
8.246647834777832031e+00
7.899831295013427734e+00
7.678974628448486328e+00
7.371249675750732422e+00
7.304563045501708984e+00
7.613935470581054688e+00
8.297134399414062500e+00
8.623391151428222656e+00
8.517605781555175781e+00
7.737280845642089844e+00
7.294654846191406250e+00
6.893559932708740234e+00
6.744912624359130859e+00
6.761759757995605469e+00
6.948198795318603516e+00
7.650353431701660156e+00
8.589221000671386719e+00
8.143627166748046875e+00
7.610526561737060547e+00
7.088483810424804688e+00
6.801272869110107422e+00
7.024974346160888672e+00
7.716254711151123047e+00
8.356442451477050781e+00
8.898049354553222656e+00
8.138924598693847656e+00
7.891200542449951172e+00
7.878074169158935547e+00
7.930663585662841797e+00
7.968358993530273438e+00
7.891889095306396484e+00
7.772726058959960938e+00
8.303696632385253906e+00
7.918994426727294922e+00
7.281827926635742188e+00
6.808248519897460938e+00
6.756941318511962891e+00
6.733435630798339844e+00
6.962387561798095703e+00
7.203611373901367188e+00
7.970220088958740234e+00
7.533670425415039062e+00
7.260881423950195312e+00
6.757610321044921875e+00
6.831339359283447266e+00
7.149076938629150391e+00
7.271741390228271484e+00
7.298964023590087891e+00
7.921599388122558594e+00
7.623501300811767578e+00
7.600018978118896484e+00
7.233995437622070312e+00
7.190610408782958984e+00
7.445077896118164062e+00
7.737630844116210938e+00
7.893944263458251953e+00
8.391750335693359375e+00
7.552311897277832031e+00
7.229496002197265625e+00
7.131914138793945312e+00
7.278849124908447266e+00
7.194471836090087891e+00
7.042070865631103516e+00
7.238684654235839844e+00
8.145453453063964844e+00
7.581796169281005859e+00
6.948169231414794922e+00
6.630918502807617188e+00
6.696620941162109375e+00
6.880584716796875000e+00
6.743331909179687500e+00
6.697379112243652344e+00
7.596925735473632812e+00
7.157088756561279297e+00
7.000390529632568359e+00
6.875807762145996094e+00
7.052822589874267578e+00
7.163878917694091797e+00
7.280729770660400391e+00
7.515913963317871094e+00
7.969535827636718750e+00
7.449050903320312500e+00
7.132612705230712891e+00
7.006462574005126953e+00
7.050963401794433594e+00
7.043126106262207031e+00
7.217660427093505859e+00
7.618529319763183594e+00
7.987182617187500000e+00
7.541270732879638672e+00
7.081937313079833984e+00
6.984202861785888672e+00
7.135924816131591797e+00
7.212493896484375000e+00
7.138896942138671875e+00
7.142175674438476562e+00
7.464907169342041016e+00
6.870140075683593750e+00
7.009162902832031250e+00
7.186789035797119141e+00
7.273069381713867188e+00
7.502298355102539062e+00
7.775513648986816406e+00
8.160572052001953125e+00
8.307390213012695312e+00
7.426378250122070312e+00
6.744224548339843750e+00
6.719007492065429688e+00
7.017807483673095703e+00
6.978631019592285156e+00
7.155466556549072266e+00
7.482190608978271484e+00
8.085062026977539062e+00
7.771541595458984375e+00
7.269823074340820312e+00
7.267090320587158203e+00
7.271849632263183594e+00
7.177000522613525391e+00
7.399052619934082031e+00
7.714548587799072266e+00
8.308721542358398438e+00
7.416990280151367188e+00
7.145375728607177734e+00
7.152921199798583984e+00
7.346219062805175781e+00
7.402703285217285156e+00
7.616965293884277344e+00
8.128129005432128906e+00
9.405282974243164062e+00
7.832148075103759766e+00
7.489675998687744141e+00
7.452254772186279297e+00
7.825905323028564453e+00
8.232143402099609375e+00
8.690231323242187500e+00
8.937797546386718750e+00
8.669174194335937500e+00
7.399172782897949219e+00
6.912998676300048828e+00
6.775600433349609375e+00
6.795067787170410156e+00
6.738303184509277344e+00
7.044728279113769531e+00
7.970175743103027344e+00
8.619484901428222656e+00
8.131664276123046875e+00
7.588562965393066406e+00
7.206444263458251953e+00
6.924061775207519531e+00
6.810662746429443359e+00
7.196423053741455078e+00
7.858600139617919922e+00
8.219377517700195312e+00
7.630039215087890625e+00
7.389958858489990234e+00
7.134538650512695312e+00
7.073638916015625000e+00
7.186232566833496094e+00
7.587294101715087891e+00
7.861825466156005859e+00
7.926189422607421875e+00
7.507086277008056641e+00
7.325737476348876953e+00
6.980468750000000000e+00
6.755736351013183594e+00
6.652419090270996094e+00
6.784204006195068359e+00
7.193578720092773438e+00
7.830718517303466797e+00
7.582771778106689453e+00
7.345880031585693359e+00
7.018907070159912109e+00
7.040253639221191406e+00
7.319315910339355469e+00
7.629826545715332031e+00
8.058947563171386719e+00
8.500526428222656250e+00
7.810815811157226562e+00
7.523811340332031250e+00
7.276190757751464844e+00
7.168540954589843750e+00
7.117742061614990234e+00
7.299825668334960938e+00
7.539633750915527344e+00
8.187104225158691406e+00
7.544358253479003906e+00
6.948647499084472656e+00
6.703537940979003906e+00
6.737071990966796875e+00
6.870200634002685547e+00
7.067641735076904297e+00
7.365706920623779297e+00
8.149607658386230469e+00
7.656431674957275391e+00
6.778242588043212891e+00
6.411907196044921875e+00
6.538349151611328125e+00
6.756783962249755859e+00
6.923403263092041016e+00
7.231872558593750000e+00
8.009621620178222656e+00
7.512216567993164062e+00
7.335826396942138672e+00
7.052642345428466797e+00
7.072636127471923828e+00
7.346187114715576172e+00
7.658914089202880859e+00
7.853274822235107422e+00
8.642850875854492188e+00
7.979314804077148438e+00
7.878359317779541016e+00
7.931581020355224609e+00
8.027782440185546875e+00
7.867180347442626953e+00
7.718411445617675781e+00
7.777022838592529297e+00
8.495254516601562500e+00
7.904332637786865234e+00
7.012575149536132812e+00
6.600214004516601562e+00
6.727761745452880859e+00
6.876778602600097656e+00
6.860937595367431641e+00
6.918612003326416016e+00
7.681327342987060547e+00
7.304313182830810547e+00
7.223068714141845703e+00
6.805009365081787109e+00
6.731268882751464844e+00
6.918246269226074219e+00
7.087394237518310547e+00
7.294290542602539062e+00
7.706770420074462891e+00
7.216970443725585938e+00
6.953485488891601562e+00
6.892706394195556641e+00
7.201419830322265625e+00
7.340544223785400391e+00
7.410162448883056641e+00
7.817449569702148438e+00
8.296027183532714844e+00
7.572592258453369141e+00
7.030182838439941406e+00
6.975289344787597656e+00
7.022147655487060547e+00
7.042352676391601562e+00
7.175433635711669922e+00
7.319294929504394531e+00
7.823662281036376953e+00
7.306542873382568359e+00
7.202928543090820312e+00
7.183066844940185547e+00
7.140902996063232422e+00
7.216427803039550781e+00
7.409990310668945312e+00
7.753553390502929688e+00
8.271977424621582031e+00
7.670907020568847656e+00
7.346745967864990234e+00
7.275716304779052734e+00
7.532606124877929688e+00
7.791068077087402344e+00
8.065149307250976562e+00
8.307626724243164062e+00
8.444746017456054688e+00
7.705088138580322266e+00
7.275128364562988281e+00
7.292065143585205078e+00
7.210148811340332031e+00
7.094579219818115234e+00
7.533134937286376953e+00
7.797918796539306641e+00
8.647936820983886719e+00
7.478425502777099609e+00
7.041011333465576172e+00
7.118504047393798828e+00
7.234374046325683594e+00
7.225052356719970703e+00
7.360413074493408203e+00
7.665194511413574219e+00
8.114979743957519531e+00
7.316287994384765625e+00
7.108321189880371094e+00
7.224353790283203125e+00
7.601503372192382812e+00
7.963717460632324219e+00
8.391578674316406250e+00
8.591701507568359375e+00
8.541957855224609375e+00
7.286639690399169922e+00
6.996893405914306641e+00
7.076751708984375000e+00
7.112063884735107422e+00
6.852288246154785156e+00
6.844784736633300781e+00
7.368814945220947266e+00
7.998746871948242188e+00
7.678121566772460938e+00
7.284628391265869141e+00
6.936090946197509766e+00
6.924037933349609375e+00
6.975080013275146484e+00
7.059817790985107422e+00
7.529417037963867188e+00
7.867583751678466797e+00
7.379584312438964844e+00
7.108907699584960938e+00
6.993412017822265625e+00
6.976261138916015625e+00
6.881436824798583984e+00
7.097179412841796875e+00
7.376785278320312500e+00
7.550410270690917969e+00
7.261775493621826172e+00
6.926317691802978516e+00
6.461395263671875000e+00
6.323513031005859375e+00
6.358782768249511719e+00
6.615299224853515625e+00
7.049326896667480469e+00
7.599362850189208984e+00
7.198056697845458984e+00
6.913957595825195312e+00
6.671877384185791016e+00
6.761816978454589844e+00
6.978173732757568359e+00
7.218267440795898438e+00
7.729016780853271484e+00
8.258970260620117188e+00
7.622334957122802734e+00
7.291498184204101562e+00
7.009499549865722656e+00
6.869025707244873047e+00
6.936973094940185547e+00
7.278924942016601562e+00
7.657156944274902344e+00
8.235552787780761719e+00
7.590230941772460938e+00
7.512738704681396484e+00
7.662582397460937500e+00
7.756970405578613281e+00
7.682112216949462891e+00
7.730695724487304688e+00
7.961452007293701172e+00
8.631568908691406250e+00
8.091791152954101562e+00
7.063932895660400391e+00
6.537435531616210938e+00
6.458061695098876953e+00
6.669271469116210938e+00
7.078875541687011719e+00
7.510032176971435547e+00
8.031356811523437500e+00
7.514567375183105469e+00
7.301800251007080078e+00
6.808686733245849609e+00
6.746657848358154297e+00
7.054139614105224609e+00
7.376842498779296875e+00
7.510297298431396484e+00
8.058858871459960938e+00
7.587464332580566406e+00
7.535319805145263672e+00
7.481380939483642578e+00
7.630712985992431641e+00
7.668401241302490234e+00
7.800080299377441406e+00
8.051391601562500000e+00
8.758259773254394531e+00
8.102825164794921875e+00
7.347899436950683594e+00
6.969786643981933594e+00
6.973577976226806641e+00
7.000165939331054688e+00
6.894367694854736328e+00
6.976337432861328125e+00
8.008732795715332031e+00
8.119453430175781250e+00
7.863637924194335938e+00
7.034020423889160156e+00
7.038367271423339844e+00
7.367196559906005859e+00
7.269865989685058594e+00
7.179839134216308594e+00
7.901827335357666016e+00
7.629836082458496094e+00
7.505807399749755859e+00
7.153330326080322266e+00
7.260378837585449219e+00
7.536471366882324219e+00
7.811171054840087891e+00
8.192897796630859375e+00
8.340759277343750000e+00
7.495928764343261719e+00
7.101695537567138672e+00
7.118349075317382812e+00
7.294764518737792969e+00
7.392409324645996094e+00
7.608168125152587891e+00
7.780635356903076172e+00
8.104512214660644531e+00
7.342147350311279297e+00
7.122278213500976562e+00
7.163872241973876953e+00
7.259909629821777344e+00
7.337122917175292969e+00
7.244147300720214844e+00
7.184911727905273438e+00
7.699943065643310547e+00
7.109304428100585938e+00
7.174262523651123047e+00
7.399280071258544922e+00
7.658257484436035156e+00
7.876936435699462891e+00
8.084892272949218750e+00
8.177422523498535156e+00
8.310203552246093750e+00
7.508456707000732422e+00
7.100113391876220703e+00
7.069495677947998047e+00
7.122171401977539062e+00
6.835660934448242188e+00
6.934460163116455078e+00
7.319983482360839844e+00
8.179748535156250000e+00
7.637406826019287109e+00
7.324897289276123047e+00
7.433329105377197266e+00
7.384685993194580078e+00
7.152414321899414062e+00
7.169537067413330078e+00
7.428579807281494141e+00
8.036826133728027344e+00
7.095368862152099609e+00
6.815606117248535156e+00
6.929749011993408203e+00
7.151651859283447266e+00
7.232593059539794922e+00
7.218621253967285156e+00
7.345238685607910156e+00
8.072345733642578125e+00
6.739883899688720703e+00
6.507315635681152344e+00
6.526658058166503906e+00
6.767309188842773438e+00
6.810231685638427734e+00
7.038950920104980469e+00
7.399303436279296875e+00
7.855604648590087891e+00
7.239296913146972656e+00
6.904364109039306641e+00
6.784221172332763672e+00
6.875305652618408203e+00
6.831276893615722656e+00
6.849356651306152344e+00
7.304398059844970703e+00
7.825639724731445312e+00
7.476530075073242188e+00
7.282588958740234375e+00
7.135325431823730469e+00
7.035967826843261719e+00
6.823230266571044922e+00
6.973155498504638672e+00
7.433027744293212891e+00
7.751788616180419922e+00
7.387287616729736328e+00
7.183926582336425781e+00
7.020327568054199219e+00
7.016055107116699219e+00
7.071424007415771484e+00
7.323054313659667969e+00
7.524812221527099609e+00
7.684255599975585938e+00
7.330201625823974609e+00
7.074138164520263672e+00
6.743001461029052734e+00
6.693459033966064453e+00
6.762251377105712891e+00
6.909996509552001953e+00
7.365067481994628906e+00
8.079130172729492188e+00
7.560961723327636719e+00
7.283107280731201172e+00
6.873885154724121094e+00
6.985941886901855469e+00
7.317623138427734375e+00
7.779163360595703125e+00
8.411681175231933594e+00
8.705324172973632812e+00
7.715256690979003906e+00
7.368114471435546875e+00
7.386281967163085938e+00
7.290240287780761719e+00
7.278398990631103516e+00
7.516654968261718750e+00
7.813542842864990234e+00
8.632684707641601562e+00
8.384842872619628906e+00
7.411904335021972656e+00
6.876293659210205078e+00
6.785676479339599609e+00
7.048093795776367188e+00
7.371944427490234375e+00
7.610953330993652344e+00
8.242943763732910156e+00
8.262100219726562500e+00
7.943649768829345703e+00
7.212269783020019531e+00
7.359798908233642578e+00
7.706474304199218750e+00
7.606501102447509766e+00
7.430555820465087891e+00
7.872840881347656250e+00
7.874583244323730469e+00
8.117398262023925781e+00
7.566543579101562500e+00
7.492501735687255859e+00
8.009879112243652344e+00
8.495343208312988281e+00
8.674242973327636719e+00
8.785134315490722656e+00
7.743078231811523438e+00
7.606448173522949219e+00
7.709594726562500000e+00
7.993345737457275391e+00
8.106481552124023438e+00
7.844041824340820312e+00
7.722387313842773438e+00
8.561453819274902344e+00
8.149145126342773438e+00
7.346905231475830078e+00
6.974302768707275391e+00
7.053588867187500000e+00
7.224278450012207031e+00
7.063250064849853516e+00
6.951325893402099609e+00
8.026300430297851562e+00
7.545376300811767578e+00
7.291978836059570312e+00
6.958079814910888672e+00
7.043492794036865234e+00
7.250703811645507812e+00
7.397509574890136719e+00
7.482003211975097656e+00
7.954677581787109375e+00
7.368307590484619141e+00
7.109398841857910156e+00
7.068958759307861328e+00
7.179580688476562500e+00
7.181714534759521484e+00
7.357014656066894531e+00
7.691702842712402344e+00
8.134119033813476562e+00
7.521073341369628906e+00
7.191126346588134766e+00
7.388826370239257812e+00
7.602277755737304688e+00
7.432470798492431641e+00
7.111105918884277344e+00
7.004559993743896484e+00
7.284456729888916016e+00
6.819661617279052734e+00
6.767500400543212891e+00
6.833807468414306641e+00
6.941075325012207031e+00
6.976447582244873047e+00
7.050586223602294922e+00
7.250991821289062500e+00
7.619523525238037109e+00
6.892480373382568359e+00
6.658277988433837891e+00
6.720627784729003906e+00
6.787574291229248047e+00
6.722074985504150391e+00
6.939945220947265625e+00
7.238465785980224609e+00
7.771747112274169922e+00
7.143115043640136719e+00
7.111342906951904297e+00
7.689009666442871094e+00
7.548964023590087891e+00
7.072864055633544922e+00
7.087925434112548828e+00
7.236456394195556641e+00
7.797991275787353516e+00
7.173805236816406250e+00
6.877152919769287109e+00
6.907332897186279297e+00
7.027146816253662109e+00
7.007009506225585938e+00
7.110924720764160156e+00
7.420390605926513672e+00
8.079353332519531250e+00
7.155915260314941406e+00
6.975523471832275391e+00
7.112721920013427734e+00
7.385398864746093750e+00
7.517610549926757812e+00
7.696667194366455078e+00
7.916049480438232422e+00
8.215095520019531250e+00
7.447734832763671875e+00
7.001839160919189453e+00
6.836072921752929688e+00
6.914021968841552734e+00
6.802596092224121094e+00
6.688277244567871094e+00
7.062170982360839844e+00
7.791314125061035156e+00
7.405492305755615234e+00
7.018834590911865234e+00
6.798080921173095703e+00
6.758997440338134766e+00
6.813001155853271484e+00
7.193230152130126953e+00
7.872813701629638672e+00
8.023140907287597656e+00
7.197335243225097656e+00
6.904586315155029297e+00
6.733378887176513672e+00
6.699962139129638672e+00
6.720268726348876953e+00
7.063167095184326172e+00
7.580708980560302734e+00
8.093903541564941406e+00
7.808276653289794922e+00
7.605919361114501953e+00
7.401219844818115234e+00
7.305525302886962891e+00
7.061088085174560547e+00
7.065944194793701172e+00
7.413686752319335938e+00
7.990581035614013672e+00
7.824955463409423828e+00
7.529713630676269531e+00
7.170855998992919922e+00
7.253699779510498047e+00
7.575992584228515625e+00
7.924071311950683594e+00
8.458987236022949219e+00
8.767429351806640625e+00
8.033149719238281250e+00
7.848369121551513672e+00
7.794254302978515625e+00
7.672840595245361328e+00
7.537457466125488281e+00
7.696626186370849609e+00
7.906043529510498047e+00
8.312165260314941406e+00
7.621405601501464844e+00
7.288923263549804688e+00
7.357459068298339844e+00
7.507718563079833984e+00
7.782716751098632812e+00
7.985196590423583984e+00
8.081903457641601562e+00
8.992142677307128906e+00
8.563609123229980469e+00
7.212894916534423828e+00
6.605833053588867188e+00
6.692105293273925781e+00
6.961665153503417969e+00
7.122385025024414062e+00
7.319663524627685547e+00
8.221365928649902344e+00
7.726353645324707031e+00
7.283266544342041016e+00
6.811886310577392578e+00
6.888934612274169922e+00
7.330448627471923828e+00
7.779694080352783203e+00
7.821170806884765625e+00
8.663069725036621094e+00
8.156831741333007812e+00
8.200284004211425781e+00
7.938382148742675781e+00
7.867103576660156250e+00
7.879447937011718750e+00
7.822284698486328125e+00
7.719781398773193359e+00
8.280076980590820312e+00
7.779747486114501953e+00
7.195598125457763672e+00
7.103868961334228516e+00
7.331160068511962891e+00
7.311846256256103516e+00
6.931272983551025391e+00
6.832773208618164062e+00
7.479445934295654297e+00
7.207749843597412109e+00
6.977924823760986328e+00
6.457898616790771484e+00
6.557224273681640625e+00
6.758034229278564453e+00
6.828809738159179688e+00
6.922070026397705078e+00
7.669867992401123047e+00
6.946348667144775391e+00
6.550626754760742188e+00
6.428752899169921875e+00
6.639321327209472656e+00
6.803473472595214844e+00
7.008351325988769531e+00
7.265037536621093750e+00
7.812361717224121094e+00
7.021764755249023438e+00
6.740973949432373047e+00
6.967800140380859375e+00
7.191874980926513672e+00
7.134311676025390625e+00
7.104119300842285156e+00
7.258167266845703125e+00
7.680924892425537109e+00
7.070394992828369141e+00
6.870192527770996094e+00
6.877470970153808594e+00
6.989177703857421875e+00
7.084008693695068359e+00
7.172032356262207031e+00
7.362719535827636719e+00
7.832255363464355469e+00
7.184647083282470703e+00
6.985702514648437500e+00
7.056319236755371094e+00
7.195149421691894531e+00
7.249040126800537109e+00
7.505703449249267578e+00
7.978861808776855469e+00
8.413337707519531250e+00
7.712029933929443359e+00
7.157180309295654297e+00
7.038958549499511719e+00
6.991102695465087891e+00
6.782285690307617188e+00
6.846560001373291016e+00
7.182233333587646484e+00
8.047016143798828125e+00
7.386063098907470703e+00
6.964651107788085938e+00
7.166016101837158203e+00
7.239597320556640625e+00
7.137749671936035156e+00
7.293779373168945312e+00
7.618341922760009766e+00
8.242087364196777344e+00
6.762682914733886719e+00
6.568030834197998047e+00
6.700119018554687500e+00
6.958512783050537109e+00
7.025042057037353516e+00
7.162258148193359375e+00
7.610668182373046875e+00
8.241402626037597656e+00
7.595440387725830078e+00
7.379202365875244141e+00
7.640684127807617188e+00
7.750571727752685547e+00
7.236396312713623047e+00
7.162923812866210938e+00
7.569646835327148438e+00
8.108592987060546875e+00
7.709517478942871094e+00
7.336007118225097656e+00
6.938993453979492188e+00
6.875473499298095703e+00
6.936047554016113281e+00
7.149767875671386719e+00
7.797725200653076172e+00
8.100045204162597656e+00
7.637922763824462891e+00
7.443137168884277344e+00
7.505052089691162109e+00
7.427630424499511719e+00
7.223514080047607422e+00
7.374681949615478516e+00
7.706291675567626953e+00
7.739660739898681641e+00
7.273614406585693359e+00
7.072815895080566406e+00
6.890241146087646484e+00
6.810287475585937500e+00
6.966142177581787109e+00
7.485513687133789062e+00
7.872363090515136719e+00
8.108995437622070312e+00
7.482481479644775391e+00
7.072546482086181641e+00
6.801701545715332031e+00
6.928505897521972656e+00
7.062988281250000000e+00
7.113933086395263672e+00
7.576760292053222656e+00
8.200478553771972656e+00
7.742507457733154297e+00
7.400016784667968750e+00
7.097338199615478516e+00
6.989301204681396484e+00
7.164772987365722656e+00
7.608254909515380859e+00
7.985777378082275391e+00
8.786195755004882812e+00
8.108204841613769531e+00
7.782869338989257812e+00
7.718131065368652344e+00
7.774914741516113281e+00
7.872314453125000000e+00
8.026029586791992188e+00
7.960751533508300781e+00
8.475954055786132812e+00
7.949050903320312500e+00
7.090949058532714844e+00
6.704001426696777344e+00
6.669363021850585938e+00
6.766261577606201172e+00
6.939880847930908203e+00
7.180428981781005859e+00
7.754022121429443359e+00
7.436772823333740234e+00
7.178066730499267578e+00
6.542215347290039062e+00
6.457477569580078125e+00
6.768063545227050781e+00
7.070906162261962891e+00
7.165980815887451172e+00
7.870633602142333984e+00
7.340800285339355469e+00
7.064916610717773438e+00
6.955761909484863281e+00
7.154922962188720703e+00
7.385471820831298828e+00
7.519421100616455078e+00
7.494273662567138672e+00
8.147770881652832031e+00
7.404018878936767578e+00
6.949889183044433594e+00
7.016726493835449219e+00
7.320973873138427734e+00
7.313243865966796875e+00
7.001291751861572266e+00
7.098651885986328125e+00
7.863345146179199219e+00
7.650582313537597656e+00
7.177937507629394531e+00
6.687148094177246094e+00
6.713459014892578125e+00
6.899403572082519531e+00
6.916689872741699219e+00
7.026979446411132812e+00
7.756354808807373047e+00
7.221997737884521484e+00
6.920010566711425781e+00
6.894946098327636719e+00
7.130164146423339844e+00
7.207544326782226562e+00
7.347924709320068359e+00
7.574670791625976562e+00
7.967742919921875000e+00
7.403140068054199219e+00
7.051392555236816406e+00
6.913313388824462891e+00
6.933295726776123047e+00
6.931733131408691406e+00
7.174883365631103516e+00
7.607793807983398438e+00
8.125026702880859375e+00
7.494995594024658203e+00
7.173178195953369141e+00
7.248085498809814453e+00
7.443598747253417969e+00
7.416186809539794922e+00
7.205468654632568359e+00
7.098064422607421875e+00
7.381144046783447266e+00
6.452473163604736328e+00
6.529691696166992188e+00
6.800421237945556641e+00
6.900746822357177734e+00
6.931718349456787109e+00
7.077406406402587891e+00
7.530139446258544922e+00
8.251802444458007812e+00
7.621020793914794922e+00
7.061337471008300781e+00
7.113955974578857422e+00
7.338763236999511719e+00
7.174034595489501953e+00
7.350394248962402344e+00
7.762446880340576172e+00
8.761872291564941406e+00
8.317014694213867188e+00
7.827906131744384766e+00
7.620015621185302734e+00
7.466490268707275391e+00
7.327515602111816406e+00
7.495265007019042969e+00
7.947325229644775391e+00
8.875692367553710938e+00
7.200927734375000000e+00
6.987366199493408203e+00
7.172810077667236328e+00
7.429048538208007812e+00
7.405235290527343750e+00
7.425139427185058594e+00
7.705109596252441406e+00
8.139105796813964844e+00
7.039140224456787109e+00
6.971587657928466797e+00
7.138282775878906250e+00
7.387609481811523438e+00
7.525540351867675781e+00
7.952634811401367188e+00
8.247776031494140625e+00
8.259667396545410156e+00
7.457538127899169922e+00
7.072630405426025391e+00
6.896914482116699219e+00
6.933977603912353516e+00
6.844686508178710938e+00
6.917217731475830078e+00
7.450447559356689453e+00
7.955420494079589844e+00
7.654004096984863281e+00
7.499597072601318359e+00
7.318782329559326172e+00
7.159148216247558594e+00
6.931252956390380859e+00
7.127336025238037109e+00
7.914698123931884766e+00
8.366274833679199219e+00
7.966269493103027344e+00
7.579701900482177734e+00
7.245568752288818359e+00
7.186678886413574219e+00
7.291753768920898438e+00
7.628640651702880859e+00
7.901837348937988281e+00
8.119746208190917969e+00
7.601720809936523438e+00
7.200664997100830078e+00
6.883638381958007812e+00
6.803463935852050781e+00
6.665705680847167969e+00
6.700981616973876953e+00
7.090230464935302734e+00
7.951498985290527344e+00
7.770198822021484375e+00
7.512792110443115234e+00
7.101241111755371094e+00
6.986808776855468750e+00
7.156569480895996094e+00
7.483734607696533203e+00
7.887404918670654297e+00
8.388986587524414062e+00
7.511598587036132812e+00
7.107761383056640625e+00
6.968012809753417969e+00
7.030918598175048828e+00
7.248896121978759766e+00
7.405266761779785156e+00
7.440552711486816406e+00
8.151541709899902344e+00
7.581450939178466797e+00
6.808698654174804688e+00
6.416472434997558594e+00
6.472430706024169922e+00
6.771874904632568359e+00
7.095237731933593750e+00
7.459512710571289062e+00
8.258929252624511719e+00
7.981891155242919922e+00
7.220608234405517578e+00
6.621217250823974609e+00
6.636991500854492188e+00
6.880466938018798828e+00
7.068496704101562500e+00
7.247081756591796875e+00
7.905425071716308594e+00
7.570175170898437500e+00
7.401193618774414062e+00
7.215914249420166016e+00
7.288835525512695312e+00
7.535722255706787109e+00
7.837387561798095703e+00
7.921215057373046875e+00
8.187714576721191406e+00
7.842447757720947266e+00
7.754245758056640625e+00
7.570783615112304688e+00
7.511149883270263672e+00
7.632845878601074219e+00
7.770737648010253906e+00
8.047798156738281250e+00
9.134092330932617188e+00
9.048327445983886719e+00
7.887485504150390625e+00
7.034561157226562500e+00
7.049393177032470703e+00
7.009593009948730469e+00
6.867233276367187500e+00
6.885160923004150391e+00
7.531878948211669922e+00
6.886138916015625000e+00
6.698064327239990234e+00
6.557627677917480469e+00
6.708579540252685547e+00
6.985455036163330078e+00
7.171817779541015625e+00
7.411642551422119141e+00
8.067328453063964844e+00
7.777610301971435547e+00
7.758432388305664062e+00
7.530112743377685547e+00
7.667046546936035156e+00
7.920196533203125000e+00
8.167240142822265625e+00
8.492799758911132812e+00
8.931780815124511719e+00
8.093610763549804688e+00
7.526922225952148438e+00
7.739122390747070312e+00
8.048810958862304688e+00
7.916594505310058594e+00
7.665855407714843750e+00
7.572146415710449219e+00
7.587976932525634766e+00
7.137504100799560547e+00
7.112919330596923828e+00
7.189066410064697266e+00
7.204639434814453125e+00
7.200512886047363281e+00
7.245187282562255859e+00
7.446012020111083984e+00
7.629350662231445312e+00
7.044849872589111328e+00
6.874441146850585938e+00
7.004709720611572266e+00
7.168747901916503906e+00
7.189719200134277344e+00
7.568734645843505859e+00
7.814407825469970703e+00
7.939739704132080078e+00
7.114580631256103516e+00
6.910713672637939453e+00
7.160186290740966797e+00
7.103526115417480469e+00
6.983235359191894531e+00
7.182695388793945312e+00
7.285819530487060547e+00
7.855660915374755859e+00
7.339432716369628906e+00
7.104414463043212891e+00
7.149900436401367188e+00
7.238077163696289062e+00
7.034236907958984375e+00
7.186218261718750000e+00
7.736838340759277344e+00
8.461906433105468750e+00
7.702344894409179688e+00
7.327525138854980469e+00
7.187998294830322266e+00
7.315710067749023438e+00
7.436366558074951172e+00
7.731943607330322266e+00
8.004598617553710938e+00
8.533924102783203125e+00
7.455154418945312500e+00
7.078904628753662109e+00
7.031382560729980469e+00
7.033724784851074219e+00
6.718780994415283203e+00
6.604310512542724609e+00
7.068125247955322266e+00
7.946185111999511719e+00
7.746568202972412109e+00
7.355889797210693359e+00
6.995148181915283203e+00
6.858093738555908203e+00
6.815848827362060547e+00
7.119157791137695312e+00
7.627232074737548828e+00
7.863504409790039062e+00
7.232557296752929688e+00
6.807223320007324219e+00
6.575856208801269531e+00
6.725850582122802734e+00
6.871906280517578125e+00
7.153159618377685547e+00
7.461731910705566406e+00
7.573201179504394531e+00
7.125397205352783203e+00
6.858657836914062500e+00
6.534387588500976562e+00
6.528803348541259766e+00
6.551063537597656250e+00
6.803133964538574219e+00
7.289993286132812500e+00
7.906920433044433594e+00
7.670266151428222656e+00
7.351010322570800781e+00
6.945816040039062500e+00
6.884687900543212891e+00
7.021162509918212891e+00
7.196282863616943359e+00
7.670158386230468750e+00
8.201015472412109375e+00
7.579588413238525391e+00
7.360694885253906250e+00
7.152908325195312500e+00
7.109225273132324219e+00
7.198208332061767578e+00
7.397603511810302734e+00
7.610351085662841797e+00
8.054226875305175781e+00
7.775343418121337891e+00
7.489048957824707031e+00
7.356888771057128906e+00
7.362204551696777344e+00
7.755575656890869141e+00
8.235183715820312500e+00
8.561612129211425781e+00
9.709864616394042969e+00
9.668429374694824219e+00
7.991113662719726562e+00
6.758968353271484375e+00
6.458405017852783203e+00
6.638505935668945312e+00
6.809948921203613281e+00
7.041952610015869141e+00
7.697376251220703125e+00
7.043021202087402344e+00
6.644395828247070312e+00
6.452155590057373047e+00
6.684857845306396484e+00
7.289529800415039062e+00
7.904144287109375000e+00
7.833280563354492188e+00
8.502698898315429688e+00
8.627618789672851562e+00
9.178879737854003906e+00
8.609904289245605469e+00
8.457417488098144531e+00
8.992774963378906250e+00
9.274779319763183594e+00
9.066860198974609375e+00
9.564186096191406250e+00
8.887090682983398438e+00
7.733657836914062500e+00
7.529898643493652344e+00
7.916842460632324219e+00
7.885447978973388672e+00
7.310209751129150391e+00
7.157191276550292969e+00
7.850671291351318359e+00
7.514352798461914062e+00
7.166091918945312500e+00
6.690378665924072266e+00
6.893389225006103516e+00
7.310747623443603516e+00
7.393109321594238281e+00
7.231831073760986328e+00
7.586327552795410156e+00
7.079701900482177734e+00
6.901778221130371094e+00
6.851772308349609375e+00
6.949468135833740234e+00
7.010833740234375000e+00
7.298564910888671875e+00
7.584249973297119141e+00
7.702784538269042969e+00
7.101635932922363281e+00
6.988029003143310547e+00
7.250154495239257812e+00
7.546401500701904297e+00
7.581470012664794922e+00
7.576515674591064453e+00
7.604084968566894531e+00
7.924912929534912109e+00
7.228544235229492188e+00
6.999370574951171875e+00
7.019862651824951172e+00
7.152334213256835938e+00
7.179250240325927734e+00
7.172212600708007812e+00
7.381157875061035156e+00
7.922173023223876953e+00
7.273070335388183594e+00
7.130498409271240234e+00
7.229704856872558594e+00
7.167357444763183594e+00
7.130702495574951172e+00
7.426146507263183594e+00
7.904613018035888672e+00
8.408897399902343750e+00
7.689575195312500000e+00
7.122403144836425781e+00
7.021312236785888672e+00
6.995053768157958984e+00
6.702254772186279297e+00
6.773294448852539062e+00
7.286956310272216797e+00
8.250416755676269531e+00
7.724663257598876953e+00
7.547013282775878906e+00
7.865449428558349609e+00
7.732713699340820312e+00
7.336262226104736328e+00
7.514632225036621094e+00
7.879430294036865234e+00
8.512741088867187500e+00
7.245329856872558594e+00
6.645928382873535156e+00
6.567662239074707031e+00
6.998716354370117188e+00
7.246611118316650391e+00
7.267439365386962891e+00
7.318291664123535156e+00
7.771492481231689453e+00
6.833603858947753906e+00
6.757051467895507812e+00
7.023309707641601562e+00
7.223911762237548828e+00
7.064694881439208984e+00
7.161767482757568359e+00
7.574193477630615234e+00
8.104948997497558594e+00
7.594965934753417969e+00
7.117375850677490234e+00
6.900260925292968750e+00
7.004756450653076172e+00
7.031455993652343750e+00
7.192045688629150391e+00
7.741288185119628906e+00
8.060662269592285156e+00
7.565625190734863281e+00
7.280720710754394531e+00
7.082537174224853516e+00
7.075705051422119141e+00
7.022292137145996094e+00
7.243089675903320312e+00
7.650145530700683594e+00
8.048166275024414062e+00
7.762623310089111328e+00
7.419674396514892578e+00
6.961966037750244141e+00
6.835461616516113281e+00
6.923506259918212891e+00
7.229553222656250000e+00
7.571012020111083984e+00
7.956032752990722656e+00
7.491974830627441406e+00
7.136253833770751953e+00
6.794084072113037109e+00
6.791344165802001953e+00
6.941844940185546875e+00
6.735766887664794922e+00
7.057024002075195312e+00
7.785150527954101562e+00
7.191537380218505859e+00
6.859498023986816406e+00
6.577339172363281250e+00
6.510427951812744141e+00
6.847880363464355469e+00
7.450220108032226562e+00
8.057315826416015625e+00
8.659550666809082031e+00
8.035093307495117188e+00
7.866508960723876953e+00
7.845139503479003906e+00
7.849601268768310547e+00
8.189238548278808594e+00
8.528910636901855469e+00
8.320229530334472656e+00
9.170197486877441406e+00
8.999000549316406250e+00
7.604302883148193359e+00
6.868123054504394531e+00
6.715811729431152344e+00
6.911923885345458984e+00
7.018977642059326172e+00
7.141805648803710938e+00
7.878003120422363281e+00
7.710989952087402344e+00
7.469007492065429688e+00
7.026611328125000000e+00
7.087095737457275391e+00
7.605094432830810547e+00
7.879324913024902344e+00
7.665134906768798828e+00
8.114992141723632812e+00
7.643938064575195312e+00
7.451416969299316406e+00
7.309638977050781250e+00
7.336616039276123047e+00
7.455670356750488281e+00
7.750532627105712891e+00
7.910024642944335938e+00
8.606866836547851562e+00
7.896986961364746094e+00
7.525904178619384766e+00
7.580772876739501953e+00
7.956832885742187500e+00
7.996843338012695312e+00
7.581438064575195312e+00
7.468911170959472656e+00
8.120396614074707031e+00
7.612865447998046875e+00
7.096369743347167969e+00
6.703043937683105469e+00
6.856877326965332031e+00
7.072357177734375000e+00
6.997839927673339844e+00
7.047325611114501953e+00
7.995725631713867188e+00
7.502342224121093750e+00
7.312479496002197266e+00
7.192197799682617188e+00
7.295658588409423828e+00
7.372925758361816406e+00
7.476749897003173828e+00
7.756789684295654297e+00
8.166075706481933594e+00
7.583246231079101562e+00
7.166766643524169922e+00
6.926280498504638672e+00
6.954232692718505859e+00
7.068185806274414062e+00
7.487004756927490234e+00
8.156719207763671875e+00
8.631213188171386719e+00
7.915449619293212891e+00
7.432448863983154297e+00
7.457424163818359375e+00
7.603742599487304688e+00
7.355998992919921875e+00
7.076541900634765625e+00
7.107519149780273438e+00
7.425570011138916016e+00
6.801267147064208984e+00
6.822431564331054688e+00
7.037698745727539062e+00
7.102887630462646484e+00
7.055086135864257812e+00
7.051175594329833984e+00
7.272368907928466797e+00
7.741443157196044922e+00
6.986388683319091797e+00
6.498826026916503906e+00
6.548648357391357422e+00
6.692811012268066406e+00
6.630160808563232422e+00
6.915933609008789062e+00
7.282620906829833984e+00
7.870888233184814453e+00
7.358216285705566406e+00
7.203579425811767578e+00
7.807054042816162109e+00
7.721494674682617188e+00
7.300736904144287109e+00
7.572393894195556641e+00
7.869706630706787109e+00
8.409154891967773438e+00
7.303286075592041016e+00
6.870796680450439453e+00
6.863432884216308594e+00
7.196037769317626953e+00
7.453866481781005859e+00
7.480438232421875000e+00
7.589346885681152344e+00
8.250827789306640625e+00
7.442968368530273438e+00
7.157711029052734375e+00
7.130197525024414062e+00
7.281653881072998047e+00
7.282348155975341797e+00
7.450380325317382812e+00
7.601997375488281250e+00
7.881800651550292969e+00
7.034532546997070312e+00
6.708298206329345703e+00
6.653184890747070312e+00
6.765403270721435547e+00
6.700800418853759766e+00
6.751878261566162109e+00
7.184160232543945312e+00
7.738593101501464844e+00
7.406164169311523438e+00
7.168425559997558594e+00
6.918457508087158203e+00
6.692739486694335938e+00
6.674529075622558594e+00
7.153000354766845703e+00
7.832271575927734375e+00
8.235161781311035156e+00
7.795637607574462891e+00
7.553822517395019531e+00
7.251384258270263672e+00
7.089176177978515625e+00
7.203120708465576172e+00
7.530588150024414062e+00
7.784393787384033203e+00
8.181935310363769531e+00
7.817287445068359375e+00
7.418198585510253906e+00
7.036676406860351562e+00
6.849168300628662109e+00
6.708423614501953125e+00
6.619010925292968750e+00
6.798051357269287109e+00
7.566833972930908203e+00
7.657122611999511719e+00
7.606137275695800781e+00
7.190937042236328125e+00
7.090765476226806641e+00
7.415543079376220703e+00
7.797421455383300781e+00
8.222998619079589844e+00
8.599813461303710938e+00
7.847784996032714844e+00
7.448263168334960938e+00
7.386124134063720703e+00
7.296095848083496094e+00
7.355641365051269531e+00
7.646946430206298828e+00
7.866725444793701172e+00
8.573557853698730469e+00
8.026292800903320312e+00
7.200157165527343750e+00
6.906294345855712891e+00
7.001881122589111328e+00
7.320888996124267578e+00
7.538300037384033203e+00
7.647277355194091797e+00
8.320926666259765625e+00
7.840404033660888672e+00
7.120531558990478516e+00
6.590354919433593750e+00
6.632444381713867188e+00
6.957537174224853516e+00
7.173586368560791016e+00
7.373773574829101562e+00
8.326537132263183594e+00
7.844750881195068359e+00
7.700940608978271484e+00
7.371746540069580078e+00
7.350503921508789062e+00
7.676154613494873047e+00
8.092155456542968750e+00
8.179702758789062500e+00
8.957715034484863281e+00
8.289156913757324219e+00
8.306828498840332031e+00
7.845622539520263672e+00
7.658584594726562500e+00
7.809765338897705078e+00
7.879887580871582031e+00
7.960641384124755859e+00
8.698647499084472656e+00
8.274831771850585938e+00
7.218396663665771484e+00
6.746896266937255859e+00
6.836672782897949219e+00
6.808411598205566406e+00
6.567553043365478516e+00
6.557197093963623047e+00
7.209148883819580078e+00
6.651341915130615234e+00
6.618300437927246094e+00
6.552250385284423828e+00
6.678587913513183594e+00
6.860964298248291016e+00
6.949508666992187500e+00
7.026094436645507812e+00
7.649057865142822266e+00
7.203540802001953125e+00
6.996661663055419922e+00
6.868381023406982422e+00
6.867505550384521484e+00
6.994184970855712891e+00
7.492449283599853516e+00
8.065093040466308594e+00
8.523121833801269531e+00
7.581945419311523438e+00
7.080451488494873047e+00
7.222650527954101562e+00
7.404705524444580078e+00
7.349606513977050781e+00
7.325658321380615234e+00
7.365404129028320312e+00
7.611912250518798828e+00
6.925114154815673828e+00
6.743396282196044922e+00
6.846426963806152344e+00
7.077893733978271484e+00
7.239350795745849609e+00
7.241811275482177734e+00
7.417623996734619141e+00
7.998014450073242188e+00
7.324792385101318359e+00
7.015442371368408203e+00
7.046455860137939453e+00
6.990199089050292969e+00
6.891497135162353516e+00
7.064644336700439453e+00
7.529644489288330078e+00
8.073523521423339844e+00
7.455254554748535156e+00
7.123332977294921875e+00
7.222084045410156250e+00
7.114507675170898438e+00
6.934571266174316406e+00
7.194223880767822266e+00
7.299285888671875000e+00
8.092209815979003906e+00
7.064773082733154297e+00
6.863502979278564453e+00
7.182230949401855469e+00
7.207251548767089844e+00
7.083719730377197266e+00
7.365303516387939453e+00
7.678747177124023438e+00
8.130144119262695312e+00
7.517588615417480469e+00
7.311918735504150391e+00
7.397165775299072266e+00
7.719021797180175781e+00
8.035444259643554688e+00
8.278945922851562500e+00
8.190777778625488281e+00
8.368106842041015625e+00
7.439801692962646484e+00
7.428082466125488281e+00
7.626540184020996094e+00
7.475178718566894531e+00
7.008569717407226562e+00
6.804710388183593750e+00
7.145362854003906250e+00
7.932956695556640625e+00
7.646024227142333984e+00
7.317545413970947266e+00
7.063358306884765625e+00
7.052850723266601562e+00
7.194539546966552734e+00
7.527772426605224609e+00
8.071440696716308594e+00
8.167647361755371094e+00
7.398372173309326172e+00
7.030024528503417969e+00
6.917539119720458984e+00
7.015300273895263672e+00
7.263683795928955078e+00
7.694108486175537109e+00
7.984932899475097656e+00
8.180402755737304688e+00
7.907565593719482422e+00
7.694162368774414062e+00
7.144369125366210938e+00
6.805556774139404297e+00
6.833695411682128906e+00
7.007572650909423828e+00
7.313003540039062500e+00
7.819633960723876953e+00
7.536600589752197266e+00
7.321931838989257812e+00
6.940331935882568359e+00
6.995892047882080078e+00
7.179760932922363281e+00
7.284488677978515625e+00
7.659811019897460938e+00
8.274447441101074219e+00
7.673071861267089844e+00
7.427481174468994141e+00
7.250721454620361328e+00
6.995736122131347656e+00
6.977360725402832031e+00
7.376535892486572266e+00
7.807813167572021484e+00
8.574979782104492188e+00
7.919613838195800781e+00
7.684592247009277344e+00
7.488786697387695312e+00
7.474749088287353516e+00
7.624783515930175781e+00
7.805533885955810547e+00
7.937123298645019531e+00
8.873712539672851562e+00
8.582920074462890625e+00
7.338495731353759766e+00
6.640551567077636719e+00
6.514048576354980469e+00
6.527673721313476562e+00
6.631609916687011719e+00
6.805729866027832031e+00
7.287861347198486328e+00
6.767898559570312500e+00
6.605257511138916016e+00
6.434300422668457031e+00
6.608975410461425781e+00
7.058863162994384766e+00
7.488937377929687500e+00
7.451389312744140625e+00
8.194221496582031250e+00
7.865364074707031250e+00
7.839512348175048828e+00
7.443946361541748047e+00
7.256506919860839844e+00
7.531987667083740234e+00
7.968417167663574219e+00
8.144124031066894531e+00
8.860028266906738281e+00
8.147574424743652344e+00
7.180353164672851562e+00
6.984171867370605469e+00
7.264416694641113281e+00
7.271365165710449219e+00
6.856128692626953125e+00
6.783251285552978516e+00
7.337465763092041016e+00
6.782723903656005859e+00
6.639193534851074219e+00
6.494154930114746094e+00
6.613861560821533203e+00
6.912227153778076172e+00
7.129166603088378906e+00
7.301935672760009766e+00
8.064466476440429688e+00
7.655638217926025391e+00
7.296372413635253906e+00
6.948706626892089844e+00
6.958892822265625000e+00
7.165293693542480469e+00
7.451609611511230469e+00
7.942663669586181641e+00
8.200340270996093750e+00
7.258129119873046875e+00
6.719992637634277344e+00
6.790603637695312500e+00
7.011285781860351562e+00
7.007496356964111328e+00
7.197757244110107422e+00
7.576008796691894531e+00
7.810437679290771484e+00
7.176602363586425781e+00
6.792186737060546875e+00
6.742510795593261719e+00
6.897018909454345703e+00
7.003910541534423828e+00
6.863728046417236328e+00
6.751350879669189453e+00
7.208124160766601562e+00
6.869149684906005859e+00
7.280470848083496094e+00
7.644762992858886719e+00
7.625828742980957031e+00
7.579786777496337891e+00
7.756148815155029297e+00
7.928458690643310547e+00
8.089740753173828125e+00
7.312513351440429688e+00
6.766088008880615234e+00
6.825997352600097656e+00
6.980557441711425781e+00
6.817599296569824219e+00
7.012876033782958984e+00
7.438899993896484375e+00
8.335174560546875000e+00
7.839158058166503906e+00
7.597671031951904297e+00
7.866266250610351562e+00
7.857967853546142578e+00
7.585136413574218750e+00
7.730625152587890625e+00
8.077059745788574219e+00
8.616483688354492188e+00
7.362657546997070312e+00
6.937577724456787109e+00
6.960215091705322266e+00
7.516551971435546875e+00
8.037489891052246094e+00
7.982241630554199219e+00
7.607969284057617188e+00
7.951217651367187500e+00
7.024726390838623047e+00
7.072887420654296875e+00
7.288082599639892578e+00
7.395959377288818359e+00
7.213562488555908203e+00
7.177195549011230469e+00
7.380836963653564453e+00
7.830753326416015625e+00
7.322460651397705078e+00
6.965824604034423828e+00
6.741888999938964844e+00
6.934616088867187500e+00
6.939987182617187500e+00
6.911234855651855469e+00
7.364717483520507812e+00
7.840137481689453125e+00
7.364630699157714844e+00
7.188562393188476562e+00
7.002694606781005859e+00
6.895696163177490234e+00
6.924825191497802734e+00
7.164405822753906250e+00
7.737248897552490234e+00
8.085718154907226562e+00
7.807562828063964844e+00
7.384368896484375000e+00
6.909541130065917969e+00
6.771709918975830078e+00
6.851617336273193359e+00
7.094249725341796875e+00
7.316768646240234375e+00
7.659872055053710938e+00
7.297530651092529297e+00
7.007975578308105469e+00
6.727633476257324219e+00
6.762642860412597656e+00
6.760254383087158203e+00
6.705068588256835938e+00
7.005442142486572266e+00
7.692005157470703125e+00
7.129552841186523438e+00
6.871919631958007812e+00
6.684864521026611328e+00
6.647080421447753906e+00
6.858542919158935547e+00
7.324075222015380859e+00
7.764381408691406250e+00
8.504082679748535156e+00
7.762149333953857422e+00
7.379144191741943359e+00
7.180703639984130859e+00
7.053873062133789062e+00
7.179780006408691406e+00
7.485215663909912109e+00
7.502177715301513672e+00
8.333220481872558594e+00
8.056982994079589844e+00
6.956415653228759766e+00
6.443011283874511719e+00
6.425725460052490234e+00
6.583625793457031250e+00
6.729433536529541016e+00
6.932584285736083984e+00
7.535600185394287109e+00
7.207501888275146484e+00
7.002918720245361328e+00
6.732806205749511719e+00
6.851271629333496094e+00
7.480772972106933594e+00
7.927456855773925781e+00
7.661911487579345703e+00
8.213381767272949219e+00
8.036042213439941406e+00
8.105504035949707031e+00
7.510703563690185547e+00
7.370407581329345703e+00
7.759634971618652344e+00
8.236644744873046875e+00
8.517640113830566406e+00
8.716489791870117188e+00
7.510636329650878906e+00
7.035794734954833984e+00
7.130748271942138672e+00
7.393603801727294922e+00
7.400249004364013672e+00
7.268795013427734375e+00
7.441231250762939453e+00
8.176086425781250000e+00
7.614833831787109375e+00
6.811698436737060547e+00
6.422167778015136719e+00
6.593624591827392578e+00
6.825560569763183594e+00
6.765557765960693359e+00
6.741903305053710938e+00
7.451815605163574219e+00
7.165830135345458984e+00
7.221957683563232422e+00
7.111042499542236328e+00
7.074018478393554688e+00
7.163707256317138672e+00
7.342621803283691406e+00
7.451104640960693359e+00
7.878284931182861328e+00
7.401063442230224609e+00
7.219858169555664062e+00
7.089078903198242188e+00
7.153490066528320312e+00
7.221261978149414062e+00
7.620372295379638672e+00
8.078568458557128906e+00
8.385663032531738281e+00
7.796071529388427734e+00
7.427412033081054688e+00
7.627539157867431641e+00
7.913516998291015625e+00
7.704138278961181641e+00
7.309251785278320312e+00
7.199383735656738281e+00
7.464427471160888672e+00
6.963721275329589844e+00
7.130890369415283203e+00
7.325734615325927734e+00
7.360057830810546875e+00
7.447760105133056641e+00
7.455332279205322266e+00
7.451516628265380859e+00
7.692187786102294922e+00
7.056693553924560547e+00
6.827615737915039062e+00
6.977541923522949219e+00
7.026233673095703125e+00
6.804489612579345703e+00
6.995346546173095703e+00
7.216839313507080078e+00
7.974573612213134766e+00
7.409195423126220703e+00
7.111928939819335938e+00
7.663129329681396484e+00
7.664207935333251953e+00
7.291908264160156250e+00
7.420162677764892578e+00
7.695840358734130859e+00
8.342054367065429688e+00
7.364762306213378906e+00
7.011313915252685547e+00
6.975024700164794922e+00
7.374736309051513672e+00
7.735858917236328125e+00
7.654829025268554688e+00
7.495799064636230469e+00
8.271268844604492188e+00
7.224910259246826172e+00
6.999042987823486328e+00
7.006901741027832031e+00
7.188426494598388672e+00
7.255496978759765625e+00
7.380614280700683594e+00
7.503991127014160156e+00
7.782831668853759766e+00
6.980360984802246094e+00
6.764118671417236328e+00
6.768822669982910156e+00
6.902839660644531250e+00
6.776396751403808594e+00
6.653275489807128906e+00
7.053533077239990234e+00
7.689037322998046875e+00
7.254079818725585938e+00
7.012408733367919922e+00
6.797658443450927734e+00
6.600012302398681641e+00
6.549407005310058594e+00
6.860735416412353516e+00
7.506014823913574219e+00
8.005985260009765625e+00
7.634927749633789062e+00
7.209323883056640625e+00
6.789322853088378906e+00
6.671544075012207031e+00
6.829276084899902344e+00
7.164558410644531250e+00
7.403669834136962891e+00
7.680257797241210938e+00
7.266511440277099609e+00
6.922484874725341797e+00
6.594641685485839844e+00
6.644390106201171875e+00
6.642572402954101562e+00
6.722340106964111328e+00
6.999470710754394531e+00
7.549305438995361328e+00
7.376437187194824219e+00
7.237443447113037109e+00
6.969561576843261719e+00
6.924879074096679688e+00
7.174344539642333984e+00
7.540912151336669922e+00
7.980235099792480469e+00
8.526283264160156250e+00
8.112654685974121094e+00
7.820791721343994141e+00
7.437585830688476562e+00
7.215698719024658203e+00
7.020040988922119141e+00
7.253886699676513672e+00
7.602795124053955078e+00
8.089697837829589844e+00
7.400968074798583984e+00
6.840987205505371094e+00
6.695300579071044922e+00
6.778744697570800781e+00
6.940858364105224609e+00
7.192794799804687500e+00
7.537172317504882812e+00
8.429430007934570312e+00
8.015797615051269531e+00
7.004072189331054688e+00
6.501933574676513672e+00
6.595428943634033203e+00
6.864145278930664062e+00
7.067249298095703125e+00
7.315785408020019531e+00
8.100812911987304688e+00
7.701343059539794922e+00
7.432336807250976562e+00
6.946520328521728516e+00
6.891974449157714844e+00
7.362489700317382812e+00
7.861409187316894531e+00
7.869052886962890625e+00
8.577779769897460938e+00
8.255935668945312500e+00
8.459983825683593750e+00
8.062086105346679688e+00
7.865243911743164062e+00
7.938557147979736328e+00
8.072631835937500000e+00
8.072156906127929688e+00
8.384287834167480469e+00
7.671122074127197266e+00
7.125771045684814453e+00
7.185930728912353516e+00
7.652348518371582031e+00
7.661783218383789062e+00
7.333598613739013672e+00
7.345934391021728516e+00
7.691373825073242188e+00
7.096729755401611328e+00
6.972017288208007812e+00
6.786498546600341797e+00
6.904029846191406250e+00
7.166240215301513672e+00
7.137710571289062500e+00
7.073942184448242188e+00
7.827879428863525391e+00
7.220057964324951172e+00
6.967797279357910156e+00
6.834350585937500000e+00
6.891109466552734375e+00
6.943406581878662109e+00
7.168976783752441406e+00
7.667248249053955078e+00
8.250450134277343750e+00
7.358885765075683594e+00
6.894320487976074219e+00
7.013278961181640625e+00
7.192724227905273438e+00
7.129991531372070312e+00
7.166991233825683594e+00
7.381599903106689453e+00
7.816811084747314453e+00
7.318866729736328125e+00
7.103177547454833984e+00
7.121700286865234375e+00
7.321274280548095703e+00
7.459511756896972656e+00
7.397989749908447266e+00
7.409487247467041016e+00
7.766473770141601562e+00
7.137807369232177734e+00
6.953229427337646484e+00
6.993650913238525391e+00
7.024260997772216797e+00
7.013959407806396484e+00
7.280878067016601562e+00
7.792973995208740234e+00
8.227353096008300781e+00
7.475109100341796875e+00
7.077956199645996094e+00
7.073393344879150391e+00
6.943180084228515625e+00
6.739626407623291016e+00
6.964286327362060547e+00
7.272023677825927734e+00
8.011363029479980469e+00
7.222893238067626953e+00
6.917009353637695312e+00
7.215291023254394531e+00
7.275393962860107422e+00
6.971948623657226562e+00
7.053501129150390625e+00
7.478160858154296875e+00
8.154428482055664062e+00
7.297166347503662109e+00
6.924023628234863281e+00
6.820378303527832031e+00
7.067594051361083984e+00
7.288972377777099609e+00
7.338794231414794922e+00
7.253645420074462891e+00
7.587337970733642578e+00
6.665971755981445312e+00
6.585499286651611328e+00
6.830698490142822266e+00
7.162226200103759766e+00
7.038615226745605469e+00
7.081879138946533203e+00
7.452251911163330078e+00
7.845507144927978516e+00
7.393371105194091797e+00
7.092857360839843750e+00
6.829809665679931641e+00
6.748092174530029297e+00
6.614170074462890625e+00
6.745417594909667969e+00
7.380249977111816406e+00
7.788443088531494141e+00
7.637746810913085938e+00
7.385381221771240234e+00
7.211431026458740234e+00
6.934270381927490234e+00
6.755367279052734375e+00
6.914987087249755859e+00
7.175218582153320312e+00
7.310811042785644531e+00
6.953620433807373047e+00
6.718644618988037109e+00
6.403864383697509766e+00
6.387022972106933594e+00
6.425993919372558594e+00
6.710741519927978516e+00
7.222162246704101562e+00
7.851608753204345703e+00
7.601522445678710938e+00
7.341602325439453125e+00
7.093600273132324219e+00
7.289461612701416016e+00
7.377370357513427734e+00
7.204993724822998047e+00
7.587043285369873047e+00
8.245897293090820312e+00
7.676037788391113281e+00
7.313751220703125000e+00
6.906677722930908203e+00
6.741327762603759766e+00
6.940991878509521484e+00
7.502209186553955078e+00
8.003276824951171875e+00
8.749870300292968750e+00
8.024428367614746094e+00
7.703846454620361328e+00
7.655823230743408203e+00
7.573021411895751953e+00
7.614573001861572266e+00
7.962315559387207031e+00
8.043373107910156250e+00
8.410667419433593750e+00
7.866175174713134766e+00
7.273996353149414062e+00
6.964396476745605469e+00
7.051492214202880859e+00
7.340038299560546875e+00
7.696999549865722656e+00
7.788854598999023438e+00
7.965750217437744141e+00
7.388128280639648438e+00
7.165565967559814453e+00
6.870223522186279297e+00
6.939334869384765625e+00
7.216543197631835938e+00
7.497013092041015625e+00
7.529058933258056641e+00
8.248922348022460938e+00
7.707390308380126953e+00
7.522680282592773438e+00
7.216339111328125000e+00
7.202996253967285156e+00
7.468862533569335938e+00
7.789291858673095703e+00
8.048984527587890625e+00
8.626029968261718750e+00
7.636106967926025391e+00
7.139051437377929688e+00
7.012821674346923828e+00
7.284737110137939453e+00
7.305116653442382812e+00
7.020737171173095703e+00
7.125782966613769531e+00
8.127398490905761719e+00
7.765810489654541016e+00
7.337432861328125000e+00
6.915787696838378906e+00
6.856795787811279297e+00
7.067801475524902344e+00
7.075668811798095703e+00
7.034888744354248047e+00
7.947052001953125000e+00
7.410813808441162109e+00
7.239664554595947266e+00
7.013188838958740234e+00
7.129001140594482422e+00
7.264070510864257812e+00
7.399878025054931641e+00
7.821483135223388672e+00
8.076951026916503906e+00
7.147767543792724609e+00
6.643918514251708984e+00
6.605019092559814453e+00
6.725877285003662109e+00
6.810470581054687500e+00
7.002608299255371094e+00
7.312520980834960938e+00
7.913765430450439453e+00
7.370815753936767578e+00
7.025327205657958984e+00
6.924370288848876953e+00
6.947645187377929688e+00
6.886668205261230469e+00
6.679954051971435547e+00
6.663343429565429688e+00
7.189148426055908203e+00
6.711406230926513672e+00
6.798912048339843750e+00
7.030806064605712891e+00
7.051725387573242188e+00
6.952878475189208984e+00
7.056141853332519531e+00
7.306676864624023438e+00
7.730856895446777344e+00
7.006320953369140625e+00
6.521744251251220703e+00
6.635035991668701172e+00
6.891374111175537109e+00
6.746823787689208984e+00
7.000419616699218750e+00
7.302996635437011719e+00
7.734946250915527344e+00
7.156268119812011719e+00
6.901246547698974609e+00
6.973029613494873047e+00
6.954423427581787109e+00
6.712576866149902344e+00
6.874858379364013672e+00
7.306674480438232422e+00
7.980974197387695312e+00
7.293155670166015625e+00
7.077898979187011719e+00
7.088892459869384766e+00
7.240406513214111328e+00
7.359936237335205078e+00
7.339678764343261719e+00
7.326469898223876953e+00
7.601381301879882812e+00
6.596121788024902344e+00
6.566394329071044922e+00
6.809108734130859375e+00
7.078890323638916016e+00
7.053315162658691406e+00
7.068531513214111328e+00
7.265070438385009766e+00
7.651398181915283203e+00
7.070466995239257812e+00
6.824503898620605469e+00
6.709846973419189453e+00
7.012983322143554688e+00
6.967571735382080078e+00
6.764276027679443359e+00
7.229344844818115234e+00
7.753060817718505859e+00
7.379431247711181641e+00
7.236458301544189453e+00
7.000885963439941406e+00
6.787150859832763672e+00
6.708864212036132812e+00
7.129340648651123047e+00
8.130674362182617188e+00
8.462137222290039062e+00
7.834271430969238281e+00
7.453406333923339844e+00
7.190782070159912109e+00
7.138323783874511719e+00
7.376411914825439453e+00
7.902754306793212891e+00
8.054459571838378906e+00
8.285649299621582031e+00
8.035597801208496094e+00
7.769483566284179688e+00
7.396609783172607422e+00
7.427339553833007812e+00
7.377810478210449219e+00
7.217519760131835938e+00
7.551280021667480469e+00
8.101940155029296875e+00
7.654570102691650391e+00
7.420250415802001953e+00
7.184688568115234375e+00
7.132462501525878906e+00
7.418718338012695312e+00
8.025793075561523438e+00
8.465433120727539062e+00
8.794467926025390625e+00
7.908430576324462891e+00
7.272136688232421875e+00
6.998884201049804688e+00
6.924994945526123047e+00
7.072156906127929688e+00
7.383419990539550781e+00
7.488781452178955078e+00
8.046870231628417969e+00
7.635814666748046875e+00
6.974001407623291016e+00
6.621932506561279297e+00
6.717065811157226562e+00
7.016850948333740234e+00
7.250109195709228516e+00
7.479551315307617188e+00
8.221068382263183594e+00
7.892269611358642578e+00
7.317618846893310547e+00
6.848674774169921875e+00
6.833760261535644531e+00
7.162062644958496094e+00
7.343935966491699219e+00
7.286841869354248047e+00
8.084571838378906250e+00
7.796160697937011719e+00
7.820938110351562500e+00
7.283344268798828125e+00
7.185404300689697266e+00
7.497373580932617188e+00
7.845190048217773438e+00
8.058600425720214844e+00
8.353754043579101562e+00
7.377646923065185547e+00
7.042386531829833984e+00
7.011307239532470703e+00
7.195554256439208984e+00
7.264269351959228516e+00
7.131755352020263672e+00
7.266030788421630859e+00
8.063462257385253906e+00
7.676651000976562500e+00
7.079773902893066406e+00
6.594484329223632812e+00
6.662202835083007812e+00
6.816485404968261719e+00
6.644841670989990234e+00
6.600627899169921875e+00
7.551124095916748047e+00
7.197504997253417969e+00
6.986202239990234375e+00
6.686275959014892578e+00
6.640335559844970703e+00
6.805143356323242188e+00
7.010931015014648438e+00
7.274724483489990234e+00
7.789412498474121094e+00
7.137644290924072266e+00
6.853729248046875000e+00
6.921000003814697266e+00
7.048802852630615234e+00
6.997820377349853516e+00
7.100002765655517578e+00
7.302879810333251953e+00
7.603538990020751953e+00
6.941961288452148438e+00
6.634626388549804688e+00
6.698750495910644531e+00
6.809944629669189453e+00
6.773831367492675781e+00
6.810246944427490234e+00
7.019730567932128906e+00
7.393009185791015625e+00
7.079399585723876953e+00
7.063753604888916016e+00
7.127110004425048828e+00
7.081707954406738281e+00
7.024525165557861328e+00
6.989624023437500000e+00
7.034157752990722656e+00
7.239429950714111328e+00
6.532458305358886719e+00
6.431980609893798828e+00
6.614959239959716797e+00
6.846248626708984375e+00
6.789320468902587891e+00
7.000688552856445312e+00
7.354685783386230469e+00
7.719012737274169922e+00
7.094192981719970703e+00
6.753577709197998047e+00
6.964061737060546875e+00
6.929278850555419922e+00
6.619866371154785156e+00
6.784545421600341797e+00
7.175483226776123047e+00
7.737419128417968750e+00
7.242658138275146484e+00
6.932260990142822266e+00
6.816345691680908203e+00
6.934345722198486328e+00
7.061972141265869141e+00
7.313259601593017578e+00
7.802347660064697266e+00
8.546017646789550781e+00
7.402720928192138672e+00
7.063467979431152344e+00
7.077099800109863281e+00
7.411001682281494141e+00
7.599647045135498047e+00
7.731872558593750000e+00
7.801045417785644531e+00
8.204087257385253906e+00
7.368447303771972656e+00
7.249507904052734375e+00
7.240043163299560547e+00
7.425249576568603516e+00
7.290159702301025391e+00
7.232412815093994141e+00
7.680388450622558594e+00
8.019860267639160156e+00
7.443165779113769531e+00
7.020738601684570312e+00
6.883150100708007812e+00
6.779110431671142578e+00
6.798141956329345703e+00
7.211252689361572266e+00
7.896967887878417969e+00
8.229279518127441406e+00
7.496902465820312500e+00
7.046274662017822266e+00
6.815196990966796875e+00
6.799816608428955078e+00
6.920390605926513672e+00
7.318855285644531250e+00
7.700418949127197266e+00
7.922518730163574219e+00
7.380772113800048828e+00
7.163789272308349609e+00
6.843930244445800781e+00
6.834350585937500000e+00
6.800342082977294922e+00
6.990857124328613281e+00
7.461734294891357422e+00
8.061652183532714844e+00
7.740684032440185547e+00
7.313551425933837891e+00
7.072483062744140625e+00
7.101037025451660156e+00
7.235649585723876953e+00
7.477489948272705078e+00
7.979886054992675781e+00
8.580376625061035156e+00
7.863676071166992188e+00
7.373727321624755859e+00
7.021912574768066406e+00
6.855506420135498047e+00
6.858950614929199219e+00
7.139081478118896484e+00
7.446040630340576172e+00
8.041262626647949219e+00
7.475710391998291016e+00
7.065358638763427734e+00
6.937613487243652344e+00
7.019339084625244141e+00
7.252538204193115234e+00
7.519114017486572266e+00
7.589080810546875000e+00
8.147606849670410156e+00
7.713128566741943359e+00
6.983879089355468750e+00
6.324306011199951172e+00
6.225449562072753906e+00
6.480616569519042969e+00
6.680249691009521484e+00
6.880217552185058594e+00
7.721575736999511719e+00
7.283558368682861328e+00
6.961041450500488281e+00
6.584438323974609375e+00
6.593116760253906250e+00
6.911457538604736328e+00
7.389978885650634766e+00
7.608745098114013672e+00
8.103088378906250000e+00
7.606193542480468750e+00
7.578527927398681641e+00
7.542665004730224609e+00
7.669646263122558594e+00
7.629299640655517578e+00
7.422240734100341797e+00
7.283119678497314453e+00
7.675180912017822266e+00
7.029673576354980469e+00
6.681962013244628906e+00
6.510911941528320312e+00
6.646970272064208984e+00
6.804236888885498047e+00
6.803380012512207031e+00
6.993313789367675781e+00
7.825901985168457031e+00
7.384995937347412109e+00
7.076159000396728516e+00
6.641509056091308594e+00
6.570962429046630859e+00
6.736704349517822266e+00
6.828646183013916016e+00
6.759334087371826172e+00
7.182773113250732422e+00
6.601043701171875000e+00
6.406089305877685547e+00
6.422349929809570312e+00
6.650452613830566406e+00
6.683739662170410156e+00
6.862965106964111328e+00
7.254061698913574219e+00
7.522772312164306641e+00
6.850767612457275391e+00
6.568097591400146484e+00
6.687174320220947266e+00
6.891544342041015625e+00
6.812078952789306641e+00
6.853744506835937500e+00
7.168304443359375000e+00
7.780509471893310547e+00
7.329463005065917969e+00
7.043214797973632812e+00
6.850620269775390625e+00
6.879909515380859375e+00
7.078083992004394531e+00
7.312570571899414062e+00
7.491380214691162109e+00
7.845624446868896484e+00
7.164202690124511719e+00
7.057040691375732422e+00
7.250767230987548828e+00
7.374464035034179688e+00
7.263866901397705078e+00
7.444108009338378906e+00
7.855452060699462891e+00
8.160543441772460938e+00
7.446877479553222656e+00
7.085288047790527344e+00
7.224312782287597656e+00
7.370207309722900391e+00
7.159221649169921875e+00
7.380321979522705078e+00
7.718004226684570312e+00
8.224717140197753906e+00
7.409098625183105469e+00
6.960489749908447266e+00
6.954509258270263672e+00
6.934874057769775391e+00
6.880195140838623047e+00
7.112333774566650391e+00
7.652295589447021484e+00
8.170536994934082031e+00
6.988157272338867188e+00
6.704473972320556641e+00
6.754770278930664062e+00
6.993636608123779297e+00
7.178516387939453125e+00
7.264184474945068359e+00
7.350789070129394531e+00
7.761335372924804688e+00
6.959664821624755859e+00
6.767698287963867188e+00
6.962646484375000000e+00
7.265748500823974609e+00
7.152012348175048828e+00
7.339095592498779297e+00
7.822014331817626953e+00
8.057574272155761719e+00
7.377564430236816406e+00
6.885211467742919922e+00
6.690346240997314453e+00
6.762962818145751953e+00
6.746476650238037109e+00
6.857608795166015625e+00
7.471644878387451172e+00
8.019283294677734375e+00
7.524874687194824219e+00
7.103044509887695312e+00
6.875987052917480469e+00
6.719974994659423828e+00
6.619466304779052734e+00
6.850969791412353516e+00
7.282426357269287109e+00
7.623020648956298828e+00
7.288252353668212891e+00
7.023200511932373047e+00
6.696173191070556641e+00
6.589266300201416016e+00
6.675585746765136719e+00
7.056471347808837891e+00
7.390995979309082031e+00
7.865298271179199219e+00
7.391050338745117188e+00
6.988231182098388672e+00
6.613885879516601562e+00
6.583653926849365234e+00
6.693094730377197266e+00
6.786313533782958984e+00
7.194618701934814453e+00
7.941963672637939453e+00
7.500853538513183594e+00
7.148932933807373047e+00
6.823945999145507812e+00
6.617211341857910156e+00
6.740661621093750000e+00
7.219138145446777344e+00
7.626507759094238281e+00
8.209881782531738281e+00
7.605411052703857422e+00
7.320280075073242188e+00
7.309855937957763672e+00
7.406291484832763672e+00
7.500822067260742188e+00
7.597710609436035156e+00
7.397293090820312500e+00
7.712674617767333984e+00
7.109985351562500000e+00
6.714349269866943359e+00
6.301167964935302734e+00
6.256093502044677734e+00
6.542624950408935547e+00
6.857346057891845703e+00
7.174437046051025391e+00
7.707653045654296875e+00
7.357587337493896484e+00
7.049167156219482422e+00
6.646987438201904297e+00
6.590368270874023438e+00
7.006079673767089844e+00
7.352895736694335938e+00
7.293836593627929688e+00
7.831781864166259766e+00
7.245372295379638672e+00
7.008224487304687500e+00
6.866810798645019531e+00
6.913746356964111328e+00
6.934389114379882812e+00
7.146248340606689453e+00
7.417428970336914062e+00
8.022789001464843750e+00
7.312397003173828125e+00
6.921149730682373047e+00
6.838792324066162109e+00
7.103111743927001953e+00
7.095056533813476562e+00
6.885070800781250000e+00
7.199297428131103516e+00
8.215686798095703125e+00
8.091103553771972656e+00
7.487791061401367188e+00
6.702001571655273438e+00
6.659687042236328125e+00
6.837349891662597656e+00
6.873267650604248047e+00
6.988454818725585938e+00
7.898370742797851562e+00
7.344956874847412109e+00
7.193960666656494141e+00
7.024260044097900391e+00
7.109463691711425781e+00
7.163028717041015625e+00
7.342566490173339844e+00
7.756999015808105469e+00
8.022067070007324219e+00
7.337946891784667969e+00
6.997527599334716797e+00
7.061913967132568359e+00
7.358018398284912109e+00
7.388022899627685547e+00
7.452143192291259766e+00
7.655560970306396484e+00
7.845477104187011719e+00
7.349320888519287109e+00
7.041201591491699219e+00
6.903914928436279297e+00
6.991317749023437500e+00
7.179193019866943359e+00
7.240082740783691406e+00
7.153490543365478516e+00
7.574825286865234375e+00
6.741416931152343750e+00
6.764624118804931641e+00
6.962898731231689453e+00
7.023796081542968750e+00
7.033091545104980469e+00
7.151440620422363281e+00
7.478429794311523438e+00
7.946275711059570312e+00
7.274536609649658203e+00
6.624461650848388672e+00
6.743265628814697266e+00
7.095940113067626953e+00
7.010581970214843750e+00
7.322134017944335938e+00
7.620443820953369141e+00
8.193898200988769531e+00
7.613183498382568359e+00
7.002059936523437500e+00
6.786762714385986328e+00
6.845399856567382812e+00
6.854275703430175781e+00
7.053680419921875000e+00
7.576475620269775391e+00
8.351211547851562500e+00
7.121222019195556641e+00
6.924133777618408203e+00
6.881509780883789062e+00
6.950935840606689453e+00
6.935907840728759766e+00
7.028447151184082031e+00
7.293101787567138672e+00
8.113941192626953125e+00
7.054870128631591797e+00
6.790366172790527344e+00
6.794199943542480469e+00
7.000921249389648438e+00
7.045867919921875000e+00
7.250432491302490234e+00
7.552993297576904297e+00
7.837475776672363281e+00
6.938731670379638672e+00
6.622844219207763672e+00
6.598118305206298828e+00
6.741387844085693359e+00
6.665749073028564453e+00
6.647992610931396484e+00
7.159144878387451172e+00
7.802947521209716797e+00
7.521635532379150391e+00
7.188438415527343750e+00
6.994622707366943359e+00
6.845207214355468750e+00
6.708824157714843750e+00
6.849942684173583984e+00
7.349694252014160156e+00
7.834215641021728516e+00
7.387429714202880859e+00
7.170810699462890625e+00
6.863533973693847656e+00
6.690635204315185547e+00
6.743762969970703125e+00
7.108643054962158203e+00
7.406284332275390625e+00
7.585580825805664062e+00
7.202993869781494141e+00
6.763798713684082031e+00
6.344232559204101562e+00
6.321350574493408203e+00
6.306309223175048828e+00
6.387316226959228516e+00
6.705590248107910156e+00
7.396503925323486328e+00
7.150997161865234375e+00
6.957437038421630859e+00
6.748095512390136719e+00
6.728718757629394531e+00
6.988559246063232422e+00
7.321821212768554688e+00
7.797200679779052734e+00
8.399897575378417969e+00
7.527626991271972656e+00
7.011633396148681641e+00
6.781850814819335938e+00
6.683773040771484375e+00
6.838902950286865234e+00
7.146981716156005859e+00
7.478907108306884766e+00
8.103591918945312500e+00
7.661798000335693359e+00
6.950861454010009766e+00
6.541746139526367188e+00
6.576909542083740234e+00
6.816862106323242188e+00
7.142152309417724609e+00
7.585576057434082031e+00
8.410104751586914062e+00
8.205337524414062500e+00
7.479476451873779297e+00
6.704005241394042969e+00
6.625862121582031250e+00
6.845373630523681641e+00
7.099852085113525391e+00
7.522089481353759766e+00
8.491215705871582031e+00
7.998131275177001953e+00
7.798957824707031250e+00
7.328760623931884766e+00
7.237375736236572266e+00
7.470844268798828125e+00
7.822778224945068359e+00
8.046101570129394531e+00
8.261413574218750000e+00
7.617100238800048828e+00
7.642112731933593750e+00
7.818831920623779297e+00
8.262814521789550781e+00
8.410874366760253906e+00
8.004697799682617188e+00
7.785336494445800781e+00
8.347011566162109375e+00
8.109992980957031250e+00
7.447815895080566406e+00
6.868482112884521484e+00
6.930735588073730469e+00
6.945405960083007812e+00
6.853183269500732422e+00
6.745317935943603516e+00
7.930407524108886719e+00
7.251366138458251953e+00
7.012641429901123047e+00
6.660810470581054688e+00
6.594243049621582031e+00
6.806766986846923828e+00
7.011717319488525391e+00
7.238348484039306641e+00
7.912484169006347656e+00
7.430656909942626953e+00
7.175813674926757812e+00
7.175972938537597656e+00
7.361103057861328125e+00
7.349163055419921875e+00
7.505258083343505859e+00
7.759987354278564453e+00
8.211443901062011719e+00
7.344521999359130859e+00
6.756602287292480469e+00
6.700270652770996094e+00
6.856833457946777344e+00
6.829495429992675781e+00
6.852591991424560547e+00
7.018122196197509766e+00
7.453940391540527344e+00
6.993692874908447266e+00
6.878818511962890625e+00
6.875079154968261719e+00
6.840234756469726562e+00
6.862479209899902344e+00
6.961142539978027344e+00
7.167064189910888672e+00
7.559404850006103516e+00
6.974462509155273438e+00
6.667068004608154297e+00
6.703768253326416016e+00
6.824893474578857422e+00
6.778149604797363281e+00
6.997238636016845703e+00
7.419713020324707031e+00
7.848196506500244141e+00
7.250933647155761719e+00
6.932194709777832031e+00
6.989061355590820312e+00
6.838678359985351562e+00
6.644469261169433594e+00
6.867738246917724609e+00
7.215359687805175781e+00
7.986732959747314453e+00
7.286324977874755859e+00
6.947854518890380859e+00
7.002762317657470703e+00
7.177282810211181641e+00
7.176396369934082031e+00
7.128969192504882812e+00
7.290431022644042969e+00
7.865015506744384766e+00
7.098922252655029297e+00
6.898894786834716797e+00
6.911091327667236328e+00
7.113666057586669922e+00
7.353164196014404297e+00
7.725625038146972656e+00
7.970304489135742188e+00
8.110658645629882812e+00
7.093749523162841797e+00
6.672726154327392578e+00
6.576314449310302734e+00
6.620214939117431641e+00
6.488559246063232422e+00
6.497965335845947266e+00
6.940574645996093750e+00
7.629487037658691406e+00
7.348513126373291016e+00
6.960066795349121094e+00
6.665124416351318359e+00
6.592996597290039062e+00
6.619572639465332031e+00
6.968910694122314453e+00
7.524803161621093750e+00
7.724877834320068359e+00
6.981826782226562500e+00
6.572827339172363281e+00
6.279662132263183594e+00
6.286334514617919922e+00
6.426740646362304688e+00
6.756536960601806641e+00
7.180208206176757812e+00
7.569605827331542969e+00
7.290844917297363281e+00
7.147409439086914062e+00
6.672782421112060547e+00
6.484256267547607422e+00
6.436240196228027344e+00
6.694149017333984375e+00
7.185719490051269531e+00
7.844198703765869141e+00
7.570092678070068359e+00
7.173384666442871094e+00
6.826550006866455078e+00
6.847932338714599609e+00
7.121128082275390625e+00
7.475490570068359375e+00
8.111287117004394531e+00
8.732085227966308594e+00
8.006603240966796875e+00
7.642722606658935547e+00
7.321503639221191406e+00
7.036461353302001953e+00
7.013634681701660156e+00
7.343961238861083984e+00
7.728705883026123047e+00
8.135368347167968750e+00
7.644047260284423828e+00
7.583384037017822266e+00
7.763201713562011719e+00
8.112220764160156250e+00
8.437543869018554688e+00
8.509570121765136719e+00
8.334008216857910156e+00
8.904223442077636719e+00
8.537368774414062500e+00
7.500195026397705078e+00
6.682911396026611328e+00
6.455437183380126953e+00
6.548881053924560547e+00
6.683312892913818359e+00
6.906204700469970703e+00
7.756770610809326172e+00
7.029802799224853516e+00
6.711577415466308594e+00
6.450066089630126953e+00
6.586146831512451172e+00
7.057202816009521484e+00
7.569787979125976562e+00
7.696736335754394531e+00
8.557342529296875000e+00
8.119402885437011719e+00
8.256340026855468750e+00
8.083127021789550781e+00
8.225330352783203125e+00
8.262392044067382812e+00
8.066676139831542969e+00
7.918845176696777344e+00
8.233089447021484375e+00
7.474870204925537109e+00
6.792532444000244141e+00
6.550109386444091797e+00
6.693370819091796875e+00
6.717982769012451172e+00
6.588104724884033203e+00
6.677481651306152344e+00
7.717896461486816406e+00
7.368602275848388672e+00
7.023718357086181641e+00
6.476054668426513672e+00
6.483566284179687500e+00
6.796281814575195312e+00
6.843802452087402344e+00
6.813846588134765625e+00
7.403847694396972656e+00
7.016056537628173828e+00
6.829427719116210938e+00
6.609355926513671875e+00
6.731314182281494141e+00
6.939249515533447266e+00
7.176260471343994141e+00
7.707505702972412109e+00
8.117159843444824219e+00
7.245925426483154297e+00
6.865093231201171875e+00
6.793230056762695312e+00
6.856304168701171875e+00
6.883615016937255859e+00
7.049008846282958984e+00
7.254208087921142578e+00
7.680315971374511719e+00
7.027166843414306641e+00
6.749407768249511719e+00
6.891489505767822266e+00
7.178633689880371094e+00
7.247768402099609375e+00
7.079096317291259766e+00
7.059245109558105469e+00
7.572983741760253906e+00
7.054639339447021484e+00
6.899708271026611328e+00
7.107882499694824219e+00
7.240093231201171875e+00
7.221885681152343750e+00
7.473837852478027344e+00
7.784574508666992188e+00
8.021815299987792969e+00
7.213455200195312500e+00
6.713190555572509766e+00
6.587457180023193359e+00
6.680943965911865234e+00
6.534072875976562500e+00
6.712942600250244141e+00
7.243924617767333984e+00
8.120040893554687500e+00
7.750281333923339844e+00
7.335599899291992188e+00
7.451369285583496094e+00
7.342578887939453125e+00
7.103872776031494141e+00
7.273375034332275391e+00
7.618831634521484375e+00
8.161902427673339844e+00
6.900688171386718750e+00
6.477042675018310547e+00
6.385241985321044922e+00
6.702457904815673828e+00
7.035432338714599609e+00
7.140911102294921875e+00
7.291619300842285156e+00
7.918856143951416016e+00
6.731790542602539062e+00
6.564781665802001953e+00
6.678331375122070312e+00
6.877615928649902344e+00
6.739309310913085938e+00
6.846335887908935547e+00
7.310772418975830078e+00
7.895350933074951172e+00
7.440382480621337891e+00
6.970966815948486328e+00
6.677602291107177734e+00
6.778580665588378906e+00
6.863118648529052734e+00
7.005944252014160156e+00
7.600463390350341797e+00
7.988077163696289062e+00
7.490356445312500000e+00
7.190527439117431641e+00
6.910812377929687500e+00
6.705041885375976562e+00
6.636894702911376953e+00
6.947696208953857422e+00
7.459311485290527344e+00
7.896411895751953125e+00
7.555922031402587891e+00
7.439079284667968750e+00
7.205875396728515625e+00
7.156409740447998047e+00
7.473238468170166016e+00
8.202749252319335938e+00
8.438790321350097656e+00
8.242311477661132812e+00
7.496670246124267578e+00
7.097069740295410156e+00
6.831277370452880859e+00
6.777473449707031250e+00
6.736632347106933594e+00
6.613777160644531250e+00
7.032419681549072266e+00
7.844651222229003906e+00
7.184212684631347656e+00
6.842737197875976562e+00
6.594738483428955078e+00
6.491799831390380859e+00
6.794259548187255859e+00
7.398222923278808594e+00
7.918113708496093750e+00
8.549331665039062500e+00
7.875238895416259766e+00
7.527096271514892578e+00
7.592785358428955078e+00
7.690581798553466797e+00
7.588140487670898438e+00
7.501201629638671875e+00
7.466713428497314453e+00
7.970474720001220703e+00
7.432870864868164062e+00
6.850701332092285156e+00
6.426631450653076172e+00
6.340878486633300781e+00
6.511574745178222656e+00
6.729393959045410156e+00
6.978066921234130859e+00
7.740170955657958984e+00
7.453406333923339844e+00
7.072689056396484375e+00
6.518962383270263672e+00
6.565127849578857422e+00
6.959954738616943359e+00
7.193802356719970703e+00
7.165687561035156250e+00
7.741358757019042969e+00
7.546638965606689453e+00
7.585657119750976562e+00
7.168139934539794922e+00
7.092817783355712891e+00
7.393108367919921875e+00
7.695401191711425781e+00
7.919046401977539062e+00
8.297194480895996094e+00
7.594053268432617188e+00
7.457276821136474609e+00
7.290027141571044922e+00
7.327260971069335938e+00
7.231734752655029297e+00
7.022712230682373047e+00
7.108040332794189453e+00
7.903866291046142578e+00
7.236865997314453125e+00
6.645689487457275391e+00
6.524141311645507812e+00
6.807456493377685547e+00
7.036786556243896484e+00
6.856150627136230469e+00
6.815222263336181641e+00
7.743929862976074219e+00
7.300892829895019531e+00
7.109175205230712891e+00
6.926519870758056641e+00
7.004827499389648438e+00
7.135255813598632812e+00
7.315554141998291016e+00
7.496952056884765625e+00
7.888687610626220703e+00
7.212060928344726562e+00
6.774245262145996094e+00
6.678077220916748047e+00
6.762057304382324219e+00
6.774549484252929688e+00
7.033630847930908203e+00
7.510789394378662109e+00
7.980634212493896484e+00
7.495137214660644531e+00
6.931521415710449219e+00
6.717026233673095703e+00
6.739363193511962891e+00
6.772195816040039062e+00
6.734611034393310547e+00
6.799289226531982422e+00
7.097484111785888672e+00
6.467308521270751953e+00
6.535709381103515625e+00
6.674759864807128906e+00
6.701809883117675781e+00
6.813214302062988281e+00
6.920832633972167969e+00
7.170156002044677734e+00
7.421335220336914062e+00
6.793711185455322266e+00
6.462772369384765625e+00
6.679998874664306641e+00
6.916981697082519531e+00
6.800112724304199219e+00
6.929740428924560547e+00
7.312593936920166016e+00
8.042300224304199219e+00
7.621739864349365234e+00
7.281702518463134766e+00
7.396500110626220703e+00
7.273119449615478516e+00
7.036225795745849609e+00
7.280856132507324219e+00
7.700469017028808594e+00
8.324333190917968750e+00
7.278721332550048828e+00
6.965650081634521484e+00
7.033436298370361328e+00
7.158132553100585938e+00
7.192097187042236328e+00
7.440562725067138672e+00
7.858158588409423828e+00
8.797606468200683594e+00
7.550258159637451172e+00
7.184353351593017578e+00
7.115873336791992188e+00
7.490572452545166016e+00
7.972892284393310547e+00
8.609570503234863281e+00
8.867746353149414062e+00
8.535493850708007812e+00
7.302858829498291016e+00
6.874678134918212891e+00
6.766029357910156250e+00
6.699030876159667969e+00
6.472766876220703125e+00
6.503085136413574219e+00
7.089818000793457031e+00
7.822652339935302734e+00
7.340664386749267578e+00
7.034359455108642578e+00
6.837876796722412109e+00
6.687265396118164062e+00
6.634424209594726562e+00
6.961489677429199219e+00
7.543449878692626953e+00
7.889294624328613281e+00
7.540299415588378906e+00
7.289340496063232422e+00
7.060637950897216797e+00
6.785583019256591797e+00
6.904552459716796875e+00
7.421800613403320312e+00
7.787417888641357422e+00
7.824205398559570312e+00
7.304008483886718750e+00
7.049561023712158203e+00
6.710977077484130859e+00
6.567317485809326172e+00
6.462186336517333984e+00
6.638028144836425781e+00
7.202871799468994141e+00
8.027701377868652344e+00
7.812377929687500000e+00
7.336201667785644531e+00
6.858727455139160156e+00
6.832504272460937500e+00
7.168795108795166016e+00
7.494515895843505859e+00
7.922073364257812500e+00
8.367863655090332031e+00
7.685150146484375000e+00
7.341248035430908203e+00
7.239181518554687500e+00
7.131385803222656250e+00
7.048719406127929688e+00
7.269413948059082031e+00
7.605109691619873047e+00
8.200364112854003906e+00
7.531806468963623047e+00
6.932768821716308594e+00
6.715216636657714844e+00
6.751122474670410156e+00
6.913187503814697266e+00
7.082533836364746094e+00
7.272983074188232422e+00
7.940503120422363281e+00
7.274272918701171875e+00
6.566150188446044922e+00
6.334626674652099609e+00
6.542731285095214844e+00
6.853014945983886719e+00
7.033815383911132812e+00
7.307787418365478516e+00
8.136605262756347656e+00
7.642727375030517578e+00
7.364727973937988281e+00
6.927757263183593750e+00
6.972049236297607422e+00
7.339257717132568359e+00
7.744921207427978516e+00
7.864006996154785156e+00
8.418620109558105469e+00
7.731471538543701172e+00
7.695723533630371094e+00
7.640212059020996094e+00
7.637127876281738281e+00
7.483676433563232422e+00
7.428801059722900391e+00
7.560172080993652344e+00
8.171825408935546875e+00
7.483756542205810547e+00
6.683045387268066406e+00
6.267807483673095703e+00
6.297905445098876953e+00
6.427763938903808594e+00
6.498193740844726562e+00
6.661619663238525391e+00
7.269764423370361328e+00
6.833619117736816406e+00
6.786857604980468750e+00
6.446382999420166016e+00
6.424719333648681641e+00
6.657610416412353516e+00
6.756240367889404297e+00
6.962777137756347656e+00
7.464506149291992188e+00
7.054426193237304688e+00
6.946354389190673828e+00
6.929039955139160156e+00
7.162327289581298828e+00
7.339587211608886719e+00
7.506026268005371094e+00
7.990056037902832031e+00
8.517616271972656250e+00
7.573637008666992188e+00
6.923693656921386719e+00
6.886632442474365234e+00
6.993820667266845703e+00
7.007194042205810547e+00
7.108242511749267578e+00
7.263479709625244141e+00
7.662251949310302734e+00
7.125982284545898438e+00
7.055542945861816406e+00
7.112594127655029297e+00
7.102596282958984375e+00
7.246254920959472656e+00
7.561818599700927734e+00
7.932731628417968750e+00
8.366997718811035156e+00
7.612749576568603516e+00
7.160649299621582031e+00
7.068917751312255859e+00
7.384090900421142578e+00
7.651294231414794922e+00
8.041903495788574219e+00
8.329874038696289062e+00
8.300544738769531250e+00
7.517441272735595703e+00
7.233319759368896484e+00
7.418561935424804688e+00
7.350814342498779297e+00
7.035196304321289062e+00
7.101697921752929688e+00
7.309456348419189453e+00
8.145929336547851562e+00
7.177093982696533203e+00
6.848746299743652344e+00
6.953065395355224609e+00
7.042092323303222656e+00
6.951453685760498047e+00
7.058918476104736328e+00
7.382631301879882812e+00
7.902870655059814453e+00
7.163803577423095703e+00
7.001626968383789062e+00
7.091050624847412109e+00
7.417475700378417969e+00
7.802618980407714844e+00
8.231331825256347656e+00
8.289373397827148438e+00
8.161413192749023438e+00
7.027696609497070312e+00
6.681100368499755859e+00
6.754240989685058594e+00
6.780685424804687500e+00
6.513363838195800781e+00
6.649161338806152344e+00
7.335149288177490234e+00
8.025670051574707031e+00
7.601954936981201172e+00
7.162334918975830078e+00
6.769302845001220703e+00
6.743350505828857422e+00
6.752909660339355469e+00
6.784703731536865234e+00
7.270134925842285156e+00
7.684330940246582031e+00
7.243968486785888672e+00
7.080981254577636719e+00
6.961984634399414062e+00
6.863029003143310547e+00
6.777813434600830078e+00
7.008314609527587891e+00
7.237733364105224609e+00
7.461887836456298828e+00
7.083126544952392578e+00
6.881062984466552734e+00
6.575039386749267578e+00
6.449941158294677734e+00
6.476369857788085938e+00
6.732383251190185547e+00
7.154201507568359375e+00
7.686665534973144531e+00
7.240947723388671875e+00
6.857335567474365234e+00
6.614503860473632812e+00
6.751370906829833984e+00
6.951576709747314453e+00
7.084778308868408203e+00
7.574355125427246094e+00
8.187005996704101562e+00
7.545294284820556641e+00
7.075859069824218750e+00
6.797347545623779297e+00
6.668919086456298828e+00
6.754494667053222656e+00
7.138034343719482422e+00
7.527229785919189453e+00
8.090967178344726562e+00
7.432134628295898438e+00
7.211606979370117188e+00
7.262904644012451172e+00
7.339030265808105469e+00
7.272834300994873047e+00
7.343487739562988281e+00
7.524322509765625000e+00
8.112984657287597656e+00
7.485078811645507812e+00
6.649948596954345703e+00
6.130022048950195312e+00
6.014530181884765625e+00
6.282845020294189453e+00
6.765354633331298828e+00
7.265490531921386719e+00
7.762831687927246094e+00
7.176013946533203125e+00
7.035847663879394531e+00
6.566560268402099609e+00
6.479176044464111328e+00
6.846417427062988281e+00
7.190259933471679688e+00
7.242058277130126953e+00
7.791227817535400391e+00
7.591518878936767578e+00
7.857169628143310547e+00
7.627641201019287109e+00
7.659778594970703125e+00
7.895088672637939453e+00
8.134513854980468750e+00
8.417360305786132812e+00
8.938971519470214844e+00
8.018201828002929688e+00
7.083898544311523438e+00
6.855166435241699219e+00
6.974247932434082031e+00
6.972845077514648438e+00
6.832837104797363281e+00
6.902948379516601562e+00
7.966209888458251953e+00
7.859553813934326172e+00
7.587097644805908203e+00
6.990500450134277344e+00
6.988889217376708984e+00
7.219111919403076172e+00
7.094535827636718750e+00
7.077003002166748047e+00
7.739373207092285156e+00
7.370497226715087891e+00
7.170582771301269531e+00
6.919764041900634766e+00
7.131312847137451172e+00
7.462825775146484375e+00
7.834713935852050781e+00
8.153697013854980469e+00
8.253547668457031250e+00
7.447425365447998047e+00
7.126727104187011719e+00
7.333671092987060547e+00
7.516067504882812500e+00
7.464194297790527344e+00
7.412818431854248047e+00
7.390429496765136719e+00
7.687409877777099609e+00
7.071612834930419922e+00
6.824629783630371094e+00
6.943034172058105469e+00
7.137184143066406250e+00
7.175066947937011719e+00
7.035465717315673828e+00
7.078598976135253906e+00
7.611773967742919922e+00
7.045376777648925781e+00
7.126970767974853516e+00
7.367862224578857422e+00
7.552528858184814453e+00
7.597991943359375000e+00
7.844461917877197266e+00
7.949464321136474609e+00
8.013187408447265625e+00
7.165241718292236328e+00
6.640570163726806641e+00
6.685262203216552734e+00
6.808522224426269531e+00
6.581156730651855469e+00
6.757382392883300781e+00
7.149375438690185547e+00
7.951080322265625000e+00
7.395482063293457031e+00
7.234021186828613281e+00
7.560864925384521484e+00
7.451897621154785156e+00
7.115208625793457031e+00
7.170303821563720703e+00
7.421301841735839844e+00
8.070254325866699219e+00
7.045195102691650391e+00
6.759974002838134766e+00
6.876461505889892578e+00
7.236110210418701172e+00
7.318876266479492188e+00
7.269298076629638672e+00
7.327187061309814453e+00
7.925165176391601562e+00
6.763606548309326172e+00
6.677579879760742188e+00
6.780114650726318359e+00
7.047985076904296875e+00
7.091670036315917969e+00
7.281415939331054688e+00
7.631535530090332031e+00
7.916862964630126953e+00
7.269143581390380859e+00
6.919408321380615234e+00
6.784734249114990234e+00
6.916969776153564453e+00
6.838207244873046875e+00
6.793416976928710938e+00
7.231437683105468750e+00
7.765823841094970703e+00
7.426102638244628906e+00
7.244390487670898438e+00
7.134932041168212891e+00
6.890300750732421875e+00
6.814674377441406250e+00
7.040680885314941406e+00
7.432738304138183594e+00
7.828870773315429688e+00
7.425115108489990234e+00
7.200006961822509766e+00
6.916708946228027344e+00
6.836264133453369141e+00
6.809892177581787109e+00
7.102874279022216797e+00
7.448364734649658203e+00
7.785177707672119141e+00
7.326394081115722656e+00
6.944511890411376953e+00
6.550733089447021484e+00
6.510448932647705078e+00
6.664849281311035156e+00
6.826806545257568359e+00
7.262946605682373047e+00
7.976891517639160156e+00
7.473970413208007812e+00
7.079019546508789062e+00
6.686921596527099609e+00
6.625117301940917969e+00
6.966858863830566406e+00
7.534096240997314453e+00
8.131603240966796875e+00
8.514979362487792969e+00
7.587859153747558594e+00
7.273008346557617188e+00
7.306867599487304688e+00
7.338964939117431641e+00
7.320079326629638672e+00
7.600672721862792969e+00
7.934485912322998047e+00
8.602355003356933594e+00
8.169899940490722656e+00
7.205585479736328125e+00
6.735061645507812500e+00
6.675223350524902344e+00
7.009982109069824219e+00
7.412568092346191406e+00
7.742346763610839844e+00
8.495238304138183594e+00
8.140750885009765625e+00
7.635515213012695312e+00
7.064168930053710938e+00
7.265816211700439453e+00
7.473283767700195312e+00
7.270779132843017578e+00
7.203197002410888672e+00
7.587205886840820312e+00
7.510374069213867188e+00
7.638930320739746094e+00
7.285849571228027344e+00
7.262699604034423828e+00
7.731797218322753906e+00
8.217073440551757812e+00
8.344936370849609375e+00
8.659903526306152344e+00
7.520939826965332031e+00
7.347119331359863281e+00
7.622739791870117188e+00
7.991725444793701172e+00
8.081399917602539062e+00
7.654188632965087891e+00
7.308383464813232422e+00
7.797839164733886719e+00
7.419720649719238281e+00
6.968410491943359375e+00
6.751026153564453125e+00
6.956815719604492188e+00
7.142746448516845703e+00
6.924091815948486328e+00
6.913862228393554688e+00
7.964609146118164062e+00
7.394105911254882812e+00
7.119872093200683594e+00
6.865659236907958984e+00
6.971300601959228516e+00
7.138010978698730469e+00
7.241687774658203125e+00
7.279293060302734375e+00
7.693670749664306641e+00
7.139998912811279297e+00
6.932091236114501953e+00
6.855485439300537109e+00
6.850686073303222656e+00
6.887370109558105469e+00
7.243535041809082031e+00
7.784219264984130859e+00
8.189878463745117188e+00
7.483094215393066406e+00
7.072940349578857422e+00
7.144438266754150391e+00
7.263294219970703125e+00
7.204778671264648438e+00
7.052792549133300781e+00
7.011832237243652344e+00
7.261166095733642578e+00
6.789787769317626953e+00
6.726624965667724609e+00
6.855858802795410156e+00
6.946058273315429688e+00
6.972978115081787109e+00
7.088080883026123047e+00
7.370211124420166016e+00
7.704539775848388672e+00
6.985325336456298828e+00
6.676825523376464844e+00
6.870671749114990234e+00
7.187191963195800781e+00
7.139515399932861328e+00
7.245016098022460938e+00
7.378760337829589844e+00
7.820786476135253906e+00
7.066783905029296875e+00
6.849285125732421875e+00
7.058866977691650391e+00
7.093923091888427734e+00
6.891859054565429688e+00
7.012384891510009766e+00
7.151077270507812500e+00
7.684385299682617188e+00
7.131706237792968750e+00
6.937646389007568359e+00
6.898701190948486328e+00
7.048576354980468750e+00
7.202599048614501953e+00
7.239200115203857422e+00
7.398108959197998047e+00
7.997546672821044922e+00
7.145408630371093750e+00
6.923058509826660156e+00
6.965509891510009766e+00
7.263895988464355469e+00
7.463800907135009766e+00
7.655990123748779297e+00
7.753962039947509766e+00
8.021667480468750000e+00
7.148118972778320312e+00
6.822079658508300781e+00
6.766043186187744141e+00
6.956154346466064453e+00
6.873626708984375000e+00
6.765520572662353516e+00
7.127226352691650391e+00
7.720063686370849609e+00
7.351702213287353516e+00
6.954525470733642578e+00
6.642813682556152344e+00
6.529576778411865234e+00
6.534889698028564453e+00
6.908565998077392578e+00
7.618716239929199219e+00
7.847217559814453125e+00
7.193554401397705078e+00
7.070389270782470703e+00
7.016767501831054688e+00
6.929687976837158203e+00
6.812577247619628906e+00
7.019273281097412109e+00
7.519017219543457031e+00
7.925019741058349609e+00
7.605283737182617188e+00
7.457368850708007812e+00
7.230357646942138672e+00
7.136310577392578125e+00
7.012055397033691406e+00
7.068521976470947266e+00
7.472008705139160156e+00
8.039031028747558594e+00
7.685561656951904297e+00
7.372719287872314453e+00
7.026255607604980469e+00
7.127824306488037109e+00
7.431672573089599609e+00
7.829754829406738281e+00
8.386953353881835938e+00
8.659324645996093750e+00
7.839593410491943359e+00
7.602128982543945312e+00
7.505156517028808594e+00
7.389359951019287109e+00
7.363512992858886719e+00
7.594361305236816406e+00
7.751999855041503906e+00
8.227197647094726562e+00
7.419515132904052734e+00
7.105864048004150391e+00
7.199048042297363281e+00
7.350940704345703125e+00
7.561736106872558594e+00
7.678725719451904297e+00
7.639624118804931641e+00
8.167738914489746094e+00
7.674499034881591797e+00
6.902920722961425781e+00
6.466547489166259766e+00
6.558763980865478516e+00
6.736445426940917969e+00
6.831835269927978516e+00
7.076065063476562500e+00
8.039125442504882812e+00
7.496837615966796875e+00
7.127657890319824219e+00
6.691592216491699219e+00
6.789333820343017578e+00
7.209434509277343750e+00
7.584836483001708984e+00
7.620464324951171875e+00
8.311313629150390625e+00
7.874001979827880859e+00
8.009715080261230469e+00
7.680175781250000000e+00
7.533248901367187500e+00
7.685420513153076172e+00
7.776035785675048828e+00
7.682800769805908203e+00
8.376749038696289062e+00
7.865966796875000000e+00
7.139059066772460938e+00
6.870352745056152344e+00
7.010485649108886719e+00
7.107929229736328125e+00
6.934656620025634766e+00
6.844716072082519531e+00
7.595646381378173828e+00
7.236481189727783203e+00
6.969163894653320312e+00
6.519004821777343750e+00
6.593235015869140625e+00
6.834922313690185547e+00
6.942361354827880859e+00
7.027865409851074219e+00
7.668174266815185547e+00
6.931699275970458984e+00
6.602541923522949219e+00
6.662075519561767578e+00
6.863254547119140625e+00
6.875794410705566406e+00
6.959304332733154297e+00
7.165381908416748047e+00
7.692795753479003906e+00
6.933408737182617188e+00
6.623826026916503906e+00
6.844793319702148438e+00
7.210761547088623047e+00
7.252123355865478516e+00
7.227794647216796875e+00
7.329749107360839844e+00
7.799755096435546875e+00
7.237421035766601562e+00
7.109945774078369141e+00
7.136964321136474609e+00
7.330341815948486328e+00
7.186005592346191406e+00
7.244309902191162109e+00
7.349209308624267578e+00
7.731421947479248047e+00
7.020642757415771484e+00
6.792210102081298828e+00
6.888300895690917969e+00
7.036606788635253906e+00
7.134577751159667969e+00
7.331098556518554688e+00
7.759762763977050781e+00
8.218854904174804688e+00
7.484824180603027344e+00
7.042079448699951172e+00
7.022402286529541016e+00
7.017825603485107422e+00
6.801036834716796875e+00
6.859444141387939453e+00
7.108742237091064453e+00
7.888018608093261719e+00
7.270863056182861328e+00
6.979113101959228516e+00
7.297374248504638672e+00
7.368897438049316406e+00
7.133062839508056641e+00
7.283797264099121094e+00
7.662186622619628906e+00
8.303135871887207031e+00
6.973297595977783203e+00
6.832064628601074219e+00
6.915974617004394531e+00
7.115830421447753906e+00
7.192365646362304688e+00
7.208571434020996094e+00
7.410409450531005859e+00
7.970835685729980469e+00
7.355831146240234375e+00
7.244594097137451172e+00
7.494262218475341797e+00
7.575689315795898438e+00
7.250254154205322266e+00
7.296858787536621094e+00
7.699492454528808594e+00
8.120028495788574219e+00
7.525016307830810547e+00
7.111937046051025391e+00
6.854050636291503906e+00
6.839158535003662109e+00
6.974007129669189453e+00
7.282073497772216797e+00
7.918550968170166016e+00
8.101677894592285156e+00
7.574180603027343750e+00
7.349228858947753906e+00
7.376351833343505859e+00
7.360820293426513672e+00
7.262704372406005859e+00
7.492958068847656250e+00
7.847127437591552734e+00
7.837133884429931641e+00
7.421969413757324219e+00
7.124491691589355469e+00
6.841638088226318359e+00
6.686076164245605469e+00
6.800159931182861328e+00
7.229050636291503906e+00
7.609132766723632812e+00
7.935636043548583984e+00
7.325932025909423828e+00
6.899998188018798828e+00
6.674189567565917969e+00
6.767039775848388672e+00
6.802042484283447266e+00
6.831543445587158203e+00
7.296277523040771484e+00
8.036621093750000000e+00
7.575349807739257812e+00
7.205655097961425781e+00
6.865693092346191406e+00
6.756207466125488281e+00
6.965350151062011719e+00
7.434923648834228516e+00
7.907212257385253906e+00
8.713910102844238281e+00
8.035852432250976562e+00
7.761809825897216797e+00
7.695599079132080078e+00
7.720241546630859375e+00
7.806125640869140625e+00
7.998548507690429688e+00
7.887327194213867188e+00
8.476384162902832031e+00
7.953028202056884766e+00
7.075393676757812500e+00
6.588694095611572266e+00
6.511143684387207031e+00
6.746694087982177734e+00
6.991924762725830078e+00
7.142273902893066406e+00
7.724762439727783203e+00
7.415429115295410156e+00
7.224016189575195312e+00
6.712168693542480469e+00
6.633808135986328125e+00
6.860850334167480469e+00
7.118382453918457031e+00
7.228943824768066406e+00
7.921518325805664062e+00
7.309846401214599609e+00
7.003445148468017578e+00
6.930681705474853516e+00
7.279063701629638672e+00
7.579580783843994141e+00
7.633614540100097656e+00
7.538688659667968750e+00
8.136530876159667969e+00
7.257346630096435547e+00
6.915637969970703125e+00
7.011530876159667969e+00
7.288889884948730469e+00
7.240286827087402344e+00
6.939359188079833984e+00
7.055811405181884766e+00
7.865799903869628906e+00
7.552691459655761719e+00
7.155944347381591797e+00
6.678029060363769531e+00
6.693873405456542969e+00
6.912356853485107422e+00
6.956368923187255859e+00
7.035519599914550781e+00
7.860452651977539062e+00
7.220486640930175781e+00
6.865712165832519531e+00
6.789011478424072266e+00
7.005903720855712891e+00
7.103241920471191406e+00
7.161108970642089844e+00
7.403098583221435547e+00
7.760444164276123047e+00
7.264595031738281250e+00
6.920479297637939453e+00
6.843358993530273438e+00
6.880240917205810547e+00
6.859811305999755859e+00
7.188847064971923828e+00
7.695149421691894531e+00
8.154030799865722656e+00
7.459038734436035156e+00
7.061249256134033203e+00
7.136221408843994141e+00
7.375003814697265625e+00
7.334624767303466797e+00
7.144920825958251953e+00
7.067613124847412109e+00
7.390988826751708984e+00
6.589374065399169922e+00
6.663616657257080078e+00
6.929659366607666016e+00
7.061593532562255859e+00
7.062322616577148438e+00
7.136975288391113281e+00
7.449892997741699219e+00
8.098674774169921875e+00
7.468791007995605469e+00
6.922844886779785156e+00
6.916321277618408203e+00
7.098073959350585938e+00
7.032954692840576172e+00
7.346945285797119141e+00
7.747777938842773438e+00
8.602829933166503906e+00
8.001348495483398438e+00
7.568501949310302734e+00
7.497778415679931641e+00
7.453492164611816406e+00
7.353875160217285156e+00
7.538512706756591797e+00
7.947552204132080078e+00
8.722552299499511719e+00
7.127385616302490234e+00
6.884507656097412109e+00
6.964306831359863281e+00
7.229544639587402344e+00
7.356545448303222656e+00
7.382057189941406250e+00
7.515847682952880859e+00
7.882233142852783203e+00
6.988228797912597656e+00
6.885845184326171875e+00
6.960681915283203125e+00
7.124980926513671875e+00
7.235364913940429688e+00
7.567065715789794922e+00
7.801206588745117188e+00
7.793672561645507812e+00
6.996186256408691406e+00
6.670497417449951172e+00
6.594059944152832031e+00
6.717854976654052734e+00
6.620172977447509766e+00
6.615900993347167969e+00
7.129030704498291016e+00
7.720167636871337891e+00
7.449965000152587891e+00
7.301634788513183594e+00
7.102332592010498047e+00
6.929370880126953125e+00
6.734904289245605469e+00
6.941690921783447266e+00
7.702020168304443359e+00
8.167741775512695312e+00
7.824333667755126953e+00
7.496398925781250000e+00
7.157207489013671875e+00
7.000666618347167969e+00
6.984266281127929688e+00
7.266320705413818359e+00
7.533987998962402344e+00
7.915118694305419922e+00
7.540497303009033203e+00
7.285904407501220703e+00
7.021076679229736328e+00
6.848486423492431641e+00
6.740854740142822266e+00
6.730058670043945312e+00
7.020990371704101562e+00
7.797281742095947266e+00
7.702586174011230469e+00
7.558445453643798828e+00
7.180408954620361328e+00
7.053803920745849609e+00
7.197909832000732422e+00
7.606314659118652344e+00
8.027194976806640625e+00
8.462158203125000000e+00
7.604492664337158203e+00
7.158083438873291016e+00
7.119216442108154297e+00
7.370261669158935547e+00
7.518221378326416016e+00
7.576701164245605469e+00
7.541121482849121094e+00
8.149598121643066406e+00
7.550319671630859375e+00
6.981877326965332031e+00
6.570196151733398438e+00
6.496285915374755859e+00
6.697033882141113281e+00
7.026568412780761719e+00
7.382012367248535156e+00
8.109809875488281250e+00
7.802603244781494141e+00
7.181368350982666016e+00
6.639844894409179688e+00
6.680476665496826172e+00
7.023098468780517578e+00
7.083721637725830078e+00
7.310174465179443359e+00
8.051459312438964844e+00
7.571892738342285156e+00
7.314375877380371094e+00
7.022106647491455078e+00
7.149811744689941406e+00
7.452612876892089844e+00
7.696245670318603516e+00
7.709353923797607422e+00
8.079832077026367188e+00
7.835432529449462891e+00
7.740310192108154297e+00
7.527234554290771484e+00
7.421006679534912109e+00
7.540775775909423828e+00
7.707170963287353516e+00
7.956833839416503906e+00
9.072712898254394531e+00
9.039039611816406250e+00
7.670070171356201172e+00
6.800017833709716797e+00
6.887310028076171875e+00
7.072138786315917969e+00
6.954842090606689453e+00
6.946478843688964844e+00
7.696034431457519531e+00
6.937944412231445312e+00
6.772537708282470703e+00
6.668253421783447266e+00
6.694772243499755859e+00
6.859738826751708984e+00
7.049978256225585938e+00
7.277300357818603516e+00
7.972592353820800781e+00
7.575816631317138672e+00
7.361905574798583984e+00
7.208457469940185547e+00
7.330389499664306641e+00
7.462566852569580078e+00
7.757521629333496094e+00
8.195393562316894531e+00
8.749632835388183594e+00
7.955158233642578125e+00
7.503495693206787109e+00
7.795099258422851562e+00
8.154284477233886719e+00
8.025967597961425781e+00
7.774383544921875000e+00
7.610495090484619141e+00
7.523738384246826172e+00
6.983523845672607422e+00
6.822797775268554688e+00
6.877111434936523438e+00
6.935107231140136719e+00
7.012459278106689453e+00
7.049548149108886719e+00
7.226497173309326172e+00
7.629163742065429688e+00
7.030587673187255859e+00
6.828965663909912109e+00
6.840120315551757812e+00
6.888351917266845703e+00
6.880672931671142578e+00
7.211093902587890625e+00
7.495205402374267578e+00
7.662816524505615234e+00
6.967728614807128906e+00
6.619743347167968750e+00
6.739912986755371094e+00
6.795190334320068359e+00
6.676167964935302734e+00
6.800005912780761719e+00
6.918330669403076172e+00
7.749591827392578125e+00
7.146331787109375000e+00
6.937369346618652344e+00
6.932946205139160156e+00
6.989369392395019531e+00
6.900254249572753906e+00
7.108992099761962891e+00
7.564292907714843750e+00
8.227121353149414062e+00
7.474012851715087891e+00
7.203611373901367188e+00
7.202379226684570312e+00
7.376929759979248047e+00
7.451268672943115234e+00
7.633493423461914062e+00
7.783533573150634766e+00
8.190466880798339844e+00
7.377462387084960938e+00
7.185642719268798828e+00
7.294211387634277344e+00
7.360055446624755859e+00
7.069992065429687500e+00
6.831799030303955078e+00
7.181886196136474609e+00
7.969508171081542969e+00
7.758975028991699219e+00
7.403010845184326172e+00
7.004382610321044922e+00
6.864060878753662109e+00
6.853879451751708984e+00
7.208935737609863281e+00
7.776416301727294922e+00
7.997128009796142578e+00
7.333228588104248047e+00
6.872749805450439453e+00
6.591143131256103516e+00
6.680081367492675781e+00
7.039973735809326172e+00
7.557916641235351562e+00
7.860023498535156250e+00
7.907559394836425781e+00
7.343744754791259766e+00
7.021742820739746094e+00
6.613298416137695312e+00
6.543449878692626953e+00
6.510382175445556641e+00
6.758311748504638672e+00
7.234314441680908203e+00
7.890057563781738281e+00
7.672998428344726562e+00
7.376673698425292969e+00
7.026306152343750000e+00
7.022837638854980469e+00
7.171991825103759766e+00
7.353506088256835938e+00
7.843341827392578125e+00
8.398394584655761719e+00
7.694541454315185547e+00
7.341142177581787109e+00
6.972632408142089844e+00
6.793977737426757812e+00
6.840586662292480469e+00
7.147430419921875000e+00
7.435324668884277344e+00
8.113568305969238281e+00
7.728834152221679688e+00
7.455045223236083984e+00
7.315560340881347656e+00
7.353928089141845703e+00
7.744994163513183594e+00
8.167628288269042969e+00
8.402214050292968750e+00
9.759785652160644531e+00
9.805156707763671875e+00
7.863276481628417969e+00
6.660274028778076172e+00
6.536095142364501953e+00
6.721425056457519531e+00
6.811118602752685547e+00
6.982388496398925781e+00
7.591801166534423828e+00
6.869884967803955078e+00
6.564815998077392578e+00
6.390976905822753906e+00
6.597315788269042969e+00
7.109371662139892578e+00
7.669173240661621094e+00
7.778761386871337891e+00
8.464817047119140625e+00
8.369153976440429688e+00
8.623703956604003906e+00
8.246943473815917969e+00
8.070621490478515625e+00
8.417076110839843750e+00
8.797009468078613281e+00
8.874374389648437500e+00
9.644940376281738281e+00
9.013635635375976562e+00
7.784257411956787109e+00
7.646295070648193359e+00
8.079536437988281250e+00
7.986705303192138672e+00
7.288038730621337891e+00
7.006353855133056641e+00
7.510291099548339844e+00
7.030635356903076172e+00
6.686311244964599609e+00
6.306296825408935547e+00
6.437369346618652344e+00
6.886384010314941406e+00
7.089329719543457031e+00
7.118547916412353516e+00
7.929440498352050781e+00
7.350656509399414062e+00
7.013785839080810547e+00
6.847629547119140625e+00
6.859969139099121094e+00
6.834708213806152344e+00
7.011004447937011719e+00
7.244026660919189453e+00
7.354420185089111328e+00
6.666411876678466797e+00
6.551766872406005859e+00
6.859559535980224609e+00
7.194061756134033203e+00
7.189085483551025391e+00
7.136627674102783203e+00
7.217987537384033203e+00
7.877659320831298828e+00
7.205524444580078125e+00
6.961035251617431641e+00
6.889177322387695312e+00
6.987896442413330078e+00
7.089367866516113281e+00
7.110821723937988281e+00
7.210411071777343750e+00
7.610364913940429688e+00
7.005689144134521484e+00
7.032068252563476562e+00
7.263519287109375000e+00
7.219108104705810547e+00
7.150641441345214844e+00
7.407142162322998047e+00
7.897269248962402344e+00
8.333424568176269531e+00
7.520115375518798828e+00
6.933096408843994141e+00
6.914844036102294922e+00
7.023767471313476562e+00
6.798824310302734375e+00
6.892218589782714844e+00
7.375020980834960938e+00
8.374073028564453125e+00
7.868158817291259766e+00
7.478891372680664062e+00
7.524903297424316406e+00
7.457781314849853516e+00
7.187043190002441406e+00
7.316691875457763672e+00
7.795094966888427734e+00
8.428971290588378906e+00
7.361142635345458984e+00
6.827357292175292969e+00
6.725382804870605469e+00
7.215826988220214844e+00
7.716086387634277344e+00
7.860961437225341797e+00
7.784000873565673828e+00
8.005118370056152344e+00
6.872970581054687500e+00
6.639225959777832031e+00
6.765319824218750000e+00
6.921376228332519531e+00
6.759631156921386719e+00
6.835630416870117188e+00
7.313639640808105469e+00
7.876830101013183594e+00
7.438164710998535156e+00
7.079510688781738281e+00
6.925261020660400391e+00
7.060588836669921875e+00
7.050751686096191406e+00
7.169475078582763672e+00
7.625835895538330078e+00
8.014231681823730469e+00
7.440233707427978516e+00
7.071453094482421875e+00
6.712027549743652344e+00
6.548651218414306641e+00
6.522399902343750000e+00
6.796325206756591797e+00
7.304132938385009766e+00
7.769660472869873047e+00
7.471384048461914062e+00
7.191918849945068359e+00
6.854603290557861328e+00
6.792423248291015625e+00
6.845929622650146484e+00
7.091694831848144531e+00
7.429478645324707031e+00
7.929533481597900391e+00
7.528707504272460938e+00
7.103095531463623047e+00
6.719502449035644531e+00
6.762594223022460938e+00
6.813721179962158203e+00
6.762887001037597656e+00
7.101740360260009766e+00
7.904643058776855469e+00
7.191372871398925781e+00
6.851480484008789062e+00
6.648678302764892578e+00
6.602975368499755859e+00
6.755348682403564453e+00
7.259584903717041016e+00
7.901028156280517578e+00
8.547209739685058594e+00
7.963081359863281250e+00
7.807276725769042969e+00
7.649012565612792969e+00
7.528820037841796875e+00
7.922055721282958984e+00
8.375766754150390625e+00
8.352462768554687500e+00
9.481702804565429688e+00
9.300508499145507812e+00
7.630200862884521484e+00
6.812176704406738281e+00
6.700589179992675781e+00
6.880061149597167969e+00
6.970140457153320312e+00
7.068781852722167969e+00
7.566764354705810547e+00
7.325545310974121094e+00
7.075370311737060547e+00
6.617364406585693359e+00
6.691845893859863281e+00
7.269778251647949219e+00
7.646165847778320312e+00
7.489951610565185547e+00
8.215826034545898438e+00
7.670108318328857422e+00
7.380648136138916016e+00
7.235787868499755859e+00
7.186042785644531250e+00
7.201176643371582031e+00
7.370260715484619141e+00
7.492570400238037109e+00
7.934009075164794922e+00
7.253249645233154297e+00
7.054917812347412109e+00
7.157174110412597656e+00
7.563338756561279297e+00
7.590672969818115234e+00
7.274386405944824219e+00
7.267824649810791016e+00
8.064064025878906250e+00
7.619583129882812500e+00
7.035361289978027344e+00
6.546038627624511719e+00
6.637685775756835938e+00
6.925115585327148438e+00
6.921350479125976562e+00
6.917489051818847656e+00
7.772789001464843750e+00
7.298620700836181641e+00
7.133991241455078125e+00
7.012402057647705078e+00
7.117712974548339844e+00
7.259798526763916016e+00
7.435940265655517578e+00
7.741926670074462891e+00
8.006612777709960938e+00
7.365773677825927734e+00
6.980438232421875000e+00
6.775054931640625000e+00
6.859488010406494141e+00
6.936586380004882812e+00
7.245692253112792969e+00
7.785109996795654297e+00
8.415659904479980469e+00
7.738220214843750000e+00
7.220456123352050781e+00
7.234660625457763672e+00
7.405194759368896484e+00
7.201940536499023438e+00
6.918187618255615234e+00
6.955495357513427734e+00
7.385771751403808594e+00
6.751050472259521484e+00
6.789650440216064453e+00
6.948998928070068359e+00
7.049613952636718750e+00
7.123059749603271484e+00
7.282007217407226562e+00
7.535955905914306641e+00
7.924618721008300781e+00
7.135269641876220703e+00
6.499135017395019531e+00
6.443041801452636719e+00
6.611917018890380859e+00
6.569458007812500000e+00
6.811133384704589844e+00
7.167045116424560547e+00
7.636129856109619141e+00
7.118079185485839844e+00
7.008386611938476562e+00
7.648086547851562500e+00
7.587332725524902344e+00
7.167131423950195312e+00
7.363024711608886719e+00
7.666694641113281250e+00
8.265346527099609375e+00
7.133346557617187500e+00
6.667178153991699219e+00
6.558942317962646484e+00
6.849541187286376953e+00
7.168433189392089844e+00
7.265605926513671875e+00
7.475644588470458984e+00
8.303340911865234375e+00
7.375016689300537109e+00
7.069876194000244141e+00
6.993899345397949219e+00
7.128268718719482422e+00
7.069317817687988281e+00
7.173810482025146484e+00
7.440238475799560547e+00
7.922536373138427734e+00
7.055045604705810547e+00
6.702844142913818359e+00
6.555598735809326172e+00
6.648428440093994141e+00
6.589652538299560547e+00
6.572616100311279297e+00
7.019354343414306641e+00
7.753030776977539062e+00
7.300162792205810547e+00
7.122406005859375000e+00
6.969399929046630859e+00
6.730425834655761719e+00
6.641644954681396484e+00
7.065174102783203125e+00
7.785580158233642578e+00
8.107945442199707031e+00
7.487375259399414062e+00
7.085967540740966797e+00
6.771001338958740234e+00
6.681721210479736328e+00
6.846789836883544922e+00
7.154374599456787109e+00
7.276804447174072266e+00
7.627633094787597656e+00
7.129354476928710938e+00
6.797785758972167969e+00
6.498894691467285156e+00
6.537767410278320312e+00
6.554776668548583984e+00
6.683823585510253906e+00
7.099807262420654297e+00
7.729510307312011719e+00
7.856011867523193359e+00
7.647368431091308594e+00
7.137276649475097656e+00
6.993435382843017578e+00
7.236245632171630859e+00
7.562097549438476562e+00
8.001851081848144531e+00
8.482673645019531250e+00
7.651190757751464844e+00
7.253099441528320312e+00
7.164138793945312500e+00
7.012676715850830078e+00
7.000573158264160156e+00
7.184733867645263672e+00
7.336842536926269531e+00
7.911821365356445312e+00
7.386032581329345703e+00
6.760772705078125000e+00
6.494475364685058594e+00
6.587307929992675781e+00
6.877804756164550781e+00
7.136459350585937500e+00
7.393646240234375000e+00
8.166582107543945312e+00
7.857038497924804688e+00
7.100407600402832031e+00
6.432586193084716797e+00
6.428178787231445312e+00
6.791338443756103516e+00
7.077782630920410156e+00
7.319408893585205078e+00
8.161083221435546875e+00
7.775775909423828125e+00
7.542752265930175781e+00
7.152010440826416016e+00
7.118082046508789062e+00
7.460491180419921875e+00
7.887904644012451172e+00
8.007562637329101562e+00
8.614641189575195312e+00
7.994535446166992188e+00
7.983106613159179688e+00
7.577534675598144531e+00
7.522919178009033203e+00
7.644604682922363281e+00
7.665109157562255859e+00
7.725540161132812500e+00
8.367223739624023438e+00
7.818443298339843750e+00
7.077063560485839844e+00
6.799229621887207031e+00
6.929764747619628906e+00
6.889521598815917969e+00
6.612533569335937500e+00
6.595128059387207031e+00
7.418615341186523438e+00
6.819892406463623047e+00
6.772091388702392578e+00
6.478804111480712891e+00
6.410584926605224609e+00
6.610242843627929688e+00
6.835412979125976562e+00
6.996006488800048828e+00
7.752564907073974609e+00
7.207956790924072266e+00
6.903180122375488281e+00
6.748219966888427734e+00
6.808435916900634766e+00
6.899561882019042969e+00
7.312685489654541016e+00
7.820359706878662109e+00
8.219206809997558594e+00
7.323983669281005859e+00
6.814654350280761719e+00
6.969879627227783203e+00
7.142257213592529297e+00
7.121957302093505859e+00
7.166382789611816406e+00
7.339449405670166016e+00
7.448233127593994141e+00
6.796817302703857422e+00
6.596449851989746094e+00
6.640299797058105469e+00
6.865829467773437500e+00
7.071836948394775391e+00
7.230284690856933594e+00
7.569139003753662109e+00
8.099737167358398438e+00
7.385553836822509766e+00
6.983754158020019531e+00
6.899852752685546875e+00
6.963557720184326172e+00
6.833048820495605469e+00
7.018184661865234375e+00
7.634946823120117188e+00
8.311380386352539062e+00
7.643920898437500000e+00
7.134598731994628906e+00
7.069779396057128906e+00
6.923009872436523438e+00
6.718358993530273438e+00
6.875165462493896484e+00
7.195825099945068359e+00
8.088956832885742188e+00
6.854080677032470703e+00
6.690615653991699219e+00
7.070229530334472656e+00
7.132386684417724609e+00
6.966501712799072266e+00
7.102055072784423828e+00
7.360111713409423828e+00
7.880184650421142578e+00
7.042613506317138672e+00
6.649455547332763672e+00
6.696878910064697266e+00
7.067255020141601562e+00
7.417784690856933594e+00
7.669022083282470703e+00
7.751496315002441406e+00
8.090644836425781250e+00
6.908359050750732422e+00
6.652111053466796875e+00
6.697710037231445312e+00
6.736970901489257812e+00
6.585399627685546875e+00
6.763713836669921875e+00
7.240273952484130859e+00
7.879704475402832031e+00
7.551277160644531250e+00
7.081658840179443359e+00
6.814696311950683594e+00
6.772212028503417969e+00
6.841053962707519531e+00
7.110665798187255859e+00
7.687764167785644531e+00
7.881651878356933594e+00
7.153790473937988281e+00
6.744044303894042969e+00
6.477456092834472656e+00
6.506585121154785156e+00
6.631420135498046875e+00
6.961187839508056641e+00
7.312941551208496094e+00
7.517050266265869141e+00
7.075720310211181641e+00
6.789950370788574219e+00
6.376521110534667969e+00
6.209331989288330078e+00
6.223652839660644531e+00
6.486850738525390625e+00
6.881938457489013672e+00
7.509623050689697266e+00
7.344598770141601562e+00
7.123801231384277344e+00
6.764249801635742188e+00
6.823558807373046875e+00
6.985978603363037109e+00
7.064806938171386719e+00
7.546534538269042969e+00
8.273679733276367188e+00
7.673375129699707031e+00
7.338687896728515625e+00
7.003216743469238281e+00
6.736201286315917969e+00
6.740718841552734375e+00
7.147206306457519531e+00
7.669399261474609375e+00
8.367642402648925781e+00
7.694502830505371094e+00
7.356233596801757812e+00
7.289173126220703125e+00
7.388329029083251953e+00
7.528371334075927734e+00
7.706544399261474609e+00
7.748591423034667969e+00
8.365067481994628906e+00
7.854710102081298828e+00
7.104523658752441406e+00
6.565893650054931641e+00
6.467630863189697266e+00
6.549296855926513672e+00
6.691487312316894531e+00
6.873766422271728516e+00
7.473986625671386719e+00
6.921928882598876953e+00
6.786272525787353516e+00
6.461133003234863281e+00
6.440190792083740234e+00
6.838944435119628906e+00
7.267718315124511719e+00
7.389752864837646484e+00
8.232398986816406250e+00
7.890049934387207031e+00
7.872764587402343750e+00
7.382913112640380859e+00
7.319705486297607422e+00
7.639314651489257812e+00
7.907174587249755859e+00
7.932257652282714844e+00
8.602412223815917969e+00
7.924309253692626953e+00
7.057084083557128906e+00
6.802473545074462891e+00
6.973630905151367188e+00
6.937599182128906250e+00
6.616101741790771484e+00
6.658213615417480469e+00
7.467839241027832031e+00
7.019275665283203125e+00
6.728648185729980469e+00
6.447808265686035156e+00
6.531949043273925781e+00
6.850114345550537109e+00
6.972579002380371094e+00
6.974852561950683594e+00
7.954448699951171875e+00
7.615558624267578125e+00
7.426441192626953125e+00
7.039335727691650391e+00
7.075665950775146484e+00
7.304407119750976562e+00
7.636018753051757812e+00
8.163715362548828125e+00
8.453919410705566406e+00
7.357477664947509766e+00
6.690403461456298828e+00
6.735284805297851562e+00
6.913486003875732422e+00
6.902555942535400391e+00
7.025115966796875000e+00
7.365456104278564453e+00
7.612217903137207031e+00
6.924413681030273438e+00
6.526230812072753906e+00
6.490164756774902344e+00
6.627593517303466797e+00
6.789995193481445312e+00
6.789881229400634766e+00
6.780607700347900391e+00
7.154511451721191406e+00
6.599678516387939453e+00
6.613829612731933594e+00
6.869568824768066406e+00
7.037372589111328125e+00
7.150835990905761719e+00
7.369386196136474609e+00
7.706798076629638672e+00
8.002784729003906250e+00
7.145283699035644531e+00
6.572669506072998047e+00
6.579833984375000000e+00
6.699181556701660156e+00
6.593582630157470703e+00
6.855091571807861328e+00
7.131417751312255859e+00
7.794008731842041016e+00
7.263074398040771484e+00
6.999068260192871094e+00
7.076538562774658203e+00
7.032921791076660156e+00
6.862164974212646484e+00
7.025095939636230469e+00
7.437958717346191406e+00
8.023036956787109375e+00
6.876273632049560547e+00
6.427755355834960938e+00
6.383857727050781250e+00
6.779288768768310547e+00
7.187298774719238281e+00
7.276383399963378906e+00
7.239737987518310547e+00
7.606900691986083984e+00
6.533146381378173828e+00
6.431746006011962891e+00
6.504127025604248047e+00
6.615779399871826172e+00
6.521065711975097656e+00
6.583397865295410156e+00
6.905788421630859375e+00
7.467450141906738281e+00
7.027376651763916016e+00
6.705967426300048828e+00
6.508430004119873047e+00
6.697348117828369141e+00
6.716085433959960938e+00
6.684073925018310547e+00
7.184909820556640625e+00
7.730045318603515625e+00
7.308986186981201172e+00
7.030037403106689453e+00
6.738945484161376953e+00
6.587748527526855469e+00
6.565854549407958984e+00
6.909543514251708984e+00
7.604279518127441406e+00
8.013263702392578125e+00
7.586563110351562500e+00
7.206596374511718750e+00
6.857040882110595703e+00
6.880864143371582031e+00
7.063042640686035156e+00
7.374490261077880859e+00
7.567248821258544922e+00
7.861297607421875000e+00
7.360489368438720703e+00
7.049273014068603516e+00
6.679872512817382812e+00
6.662192821502685547e+00
6.665235996246337891e+00
6.630792617797851562e+00
7.006977081298828125e+00
7.724920749664306641e+00
7.332072257995605469e+00
7.162307739257812500e+00
6.936471939086914062e+00
6.763939380645751953e+00
6.943120002746582031e+00
7.512301445007324219e+00
8.080408096313476562e+00
8.655197143554687500e+00
7.935314655303955078e+00
7.441698074340820312e+00
7.177064418792724609e+00
7.062386512756347656e+00
7.331351280212402344e+00
7.612575054168701172e+00
7.516947746276855469e+00
8.254115104675292969e+00
8.093814849853515625e+00
6.979430198669433594e+00
6.341464996337890625e+00
6.292797565460205078e+00
6.538654327392578125e+00
6.782574176788330078e+00
7.027085304260253906e+00
7.651672363281250000e+00
7.163282871246337891e+00
6.890178203582763672e+00
6.607480049133300781e+00
6.666800022125244141e+00
7.096758842468261719e+00
7.351180553436279297e+00
7.221179485321044922e+00
8.004335403442382812e+00
8.050622940063476562e+00
8.199631690979003906e+00
7.599557876586914062e+00
7.457958221435546875e+00
7.923589229583740234e+00
8.425517082214355469e+00
8.730424880981445312e+00
8.763834953308105469e+00
7.410342216491699219e+00
6.934105396270751953e+00
7.058177947998046875e+00
7.355590343475341797e+00
7.390301704406738281e+00
7.188213825225830078e+00
7.297801017761230469e+00
8.050300598144531250e+00
